ISO-10303-21;
HEADER;
FILE_DESCRIPTION (( 'STEP AP214' ),
    '1' );
FILE_NAME ('864A8BE7-8987-4D2F-84A1-CD1426669E15.STEP',
    '2026-02-20T20:10:49',
    ( '' ),
    ( '' ),
    'SwSTEP 2.0',
    'SolidWorks 2022',
    '' );
FILE_SCHEMA (( 'AUTOMOTIVE_DESIGN' ));
ENDSEC;

DATA;
#1 = CARTESIAN_POINT ( 'NONE',  ( 8.859999999999999432, 6.199999999999999289, 1.750000000000000222 ) ) ;
#2 = LINE ( 'NONE', #3930, #6039 ) ;
#3 = VERTEX_POINT ( 'NONE', #2156 ) ;
#4 = FACE_OUTER_BOUND ( 'NONE', #9432, .T. ) ;
#5 = DIRECTION ( 'NONE',  ( 0.5773502691896257311, -0.5773502691896257311, -0.5773502691896257311 ) ) ;
#6 = CARTESIAN_POINT ( 'NONE',  ( 4.759999999999997122, 8.371098615898084461, 1.589999999999997193 ) ) ;
#7 = EDGE_CURVE ( 'NONE', #8553, #5498, #2039, .T. ) ;
#8 = DIRECTION ( 'NONE',  ( -0.3892816206350230845, 0.8348171294789893393, -0.3892816206350233621 ) ) ;
#9 =( NAMED_UNIT ( * ) SI_UNIT ( $, .STERADIAN. ) SOLID_ANGLE_UNIT ( ) );
#10 = AXIS2_PLACEMENT_3D ( 'NONE', #6875, #4387, #1173 ) ;
#11 = SURFACE_SIDE_STYLE ('',( #3993 ) ) ;
#12 = ORIENTED_EDGE ( 'NONE', *, *, #7956, .T. ) ;
#13 = LINE ( 'NONE', #2365, #8129 ) ;
#14 = ORIENTED_EDGE ( 'NONE', *, *, #559, .F. ) ;
#15 = SURFACE_STYLE_FILL_AREA ( #5422 ) ;
#16 = LINE ( 'NONE', #3893, #3695 ) ;
#17 = VECTOR ( 'NONE', #9287, 1000.000000000000000 ) ;
#18 = SURFACE_STYLE_USAGE ( .BOTH. , #6201 ) ;
#19 = CARTESIAN_POINT ( 'NONE',  ( 10.16000000000000014, 9.000000000000000000, 4.549999999999999822 ) ) ;
#20 = EDGE_CURVE ( 'NONE', #9820, #8394, #3033, .T. ) ;
#21 = EDGE_LOOP ( 'NONE', ( #6545, #3714, #3910, #4840 ) ) ;
#22 = FILL_AREA_STYLE ('',( #8818 ) ) ;
#23 = ORIENTED_EDGE ( 'NONE', *, *, #9095, .F. ) ;
#24 = COLOUR_RGB ( '',0.9686274509803921573, 0.8784313725490195957, 0.5999999999999999778 ) ;
#25 = EDGE_CURVE ( 'NONE', #1595, #7522, #8543, .T. ) ;
#26 = LINE ( 'NONE', #4010, #3324 ) ;
#27 = LINE ( 'NONE', #9519, #9096 ) ;
#28 = CARTESIAN_POINT ( 'NONE',  ( 8.150000000000002132, 0.0000000000000000000, -4.450000000000000178 ) ) ;
#29 = ORIENTED_EDGE ( 'NONE', *, *, #6127, .T. ) ;
#30 =( LENGTH_UNIT ( ) NAMED_UNIT ( * ) SI_UNIT ( .MILLI., .METRE. ) );
#31 = VERTEX_POINT ( 'NONE', #6442 ) ;
#33 = ORIENTED_EDGE ( 'NONE', *, *, #6052, .F. ) ;
#32 = CARTESIAN_POINT ( 'NONE',  ( -5.400000000000003020, -2.599999999999996536, 1.589999999999997193 ) ) ;
#34 = EDGE_CURVE ( 'NONE', #5460, #4583, #10237, .T. ) ;
#35 = CARTESIAN_POINT ( 'NONE',  ( 2.859999999999996767, 8.371098615898088013, 1.589999999999997415 ) ) ;
#36 = EDGE_CURVE ( 'NONE', #5344, #5446, #2399, .T. ) ;
#37 =( NAMED_UNIT ( * ) SI_UNIT ( $, .STERADIAN. ) SOLID_ANGLE_UNIT ( ) );
#38 =( LENGTH_UNIT ( ) NAMED_UNIT ( * ) SI_UNIT ( .MILLI., .METRE. ) );
#39 = PRESENTATION_STYLE_ASSIGNMENT (( #7735 ) ) ;
#40 = PRESENTATION_STYLE_ASSIGNMENT (( #7834 ) ) ;
#41 = ORIENTED_EDGE ( 'NONE', *, *, #9398, .F. ) ;
#42 =( NAMED_UNIT ( * ) SI_UNIT ( $, .STERADIAN. ) SOLID_ANGLE_UNIT ( ) );
#43 = ORIENTED_EDGE ( 'NONE', *, *, #9019, .F. ) ;
#44 = CARTESIAN_POINT ( 'NONE',  ( -5.400000000000003020, 8.371098615898084461, 1.589999999999997193 ) ) ;
#45 = SURFACE_STYLE_USAGE ( .BOTH. , #2355 ) ;
#46 = ORIENTED_EDGE ( 'NONE', *, *, #4015, .T. ) ;
#47 = DIRECTION ( 'NONE',  ( 0.0000000000000000000, -0.0000000000000000000, -1.000000000000000000 ) ) ;
#48 = SURFACE_STYLE_USAGE ( .BOTH. , #3985 ) ;
#49 = FACE_OUTER_BOUND ( 'NONE', #6384, .T. ) ;
#50 = DIRECTION ( 'NONE',  ( 3.045232680045606804E-16, 0.4383711467890774038, -0.8987940462991670376 ) ) ;
#51 = DIRECTION ( 'NONE',  ( -3.388131789017201849E-16, 0.0000000000000000000, 1.000000000000000000 ) ) ;
#52 = AXIS2_PLACEMENT_3D ( 'NONE', #6329, #1564, #7792 ) ;
#53 = FILL_AREA_STYLE ('',( #4807 ) ) ;
#54 = LINE ( 'NONE', #3246, #4164 ) ;
#55 = PRESENTATION_LAYER_ASSIGNMENT (  '', '', ( #7049 ) ) ;
#56 = ORIENTED_EDGE ( 'NONE', *, *, #167, .F. ) ;
#57 =( NAMED_UNIT ( * ) PLANE_ANGLE_UNIT ( ) SI_UNIT ( $, .RADIAN. ) );
#58 = PRODUCT_DEFINITION_CONTEXT ( 'detailed design', #2872, 'design' ) ;
#59 = PRESENTATION_LAYER_ASSIGNMENT (  '', '', ( #8663 ) ) ;
#60 = SURFACE_STYLE_USAGE ( .BOTH. , #8868 ) ;
#61 = CARTESIAN_POINT ( 'NONE',  ( 10.16000000000000014, -3.000000000000000000, 0.0000000000000000000 ) ) ;
#62 = CARTESIAN_POINT ( 'NONE',  ( -8.859999999999997655, 1.299999999999999156, 3.200000000000000622 ) ) ;
#63 = PLANE ( 'NONE',  #5312 ) ;
#64 = LINE ( 'NONE', #2320, #1656 ) ;
#65 = CARTESIAN_POINT ( 'NONE',  ( 10.16000000000000014, 0.0000000000000000000, -0.9500000000000006217 ) ) ;
#66 = ORIENTED_EDGE ( 'NONE', *, *, #8369, .T. ) ;
#67 = ADVANCED_FACE ( 'NONE', ( #3287 ), #6341, .F. ) ;
#68 = ORIENTED_EDGE ( 'NONE', *, *, #204, .T. ) ;
#69 = CARTESIAN_POINT ( 'NONE',  ( 2.415093035426340684, -3.000000000000000000, 1.394906964573652708 ) ) ;
#70 = VECTOR ( 'NONE', #8046, 1000.000000000000114 ) ;
#71 = AXIS2_PLACEMENT_3D ( 'NONE', #7997, #3459, #7240 ) ;
#72 =( LENGTH_UNIT ( ) NAMED_UNIT ( * ) SI_UNIT ( .MILLI., .METRE. ) );
#73 = CARTESIAN_POINT ( 'NONE',  ( -5.400000000000002132, 8.800000000000000711, -0.9500000000000025091 ) ) ;
#74 = FILL_AREA_STYLE_COLOUR ( '', #9422 ) ;
#75 = FILL_AREA_STYLE ('',( #9568 ) ) ;
#76 = FILL_AREA_STYLE ('',( #3961 ) ) ;
#77 = VECTOR ( 'NONE', #3551, 1000.000000000000000 ) ;
#78 = FILL_AREA_STYLE_COLOUR ( '', #302 ) ;
#79 = VERTEX_POINT ( 'NONE', #8704 ) ;
#80 = EDGE_LOOP ( 'NONE', ( #56, #236, #4783, #10035 ) ) ;
#82 = ORIENTED_EDGE ( 'NONE', *, *, #1799, .F. ) ;
#81 = SURFACE_STYLE_USAGE ( .BOTH. , #972 ) ;
#83 = SURFACE_SIDE_STYLE ('',( #5505 ) ) ;
#84 = DIRECTION ( 'NONE',  ( 1.000000000000000000, -0.0000000000000000000, 3.388131789017201849E-16 ) ) ;
#85 = DIRECTION ( 'NONE',  ( -0.0000000000000000000, 0.0000000000000000000, 1.000000000000000000 ) ) ;
#86 = FILL_AREA_STYLE_COLOUR ( '', #1154 ) ;
#87 = VECTOR ( 'NONE', #6167, 1000.000000000000000 ) ;
#88 = DIRECTION ( 'NONE',  ( 0.3892816206350230845, -0.8348171294789893393, 0.3892816206350233621 ) ) ;
#89 =( LENGTH_UNIT ( ) NAMED_UNIT ( * ) SI_UNIT ( .MILLI., .METRE. ) );
#90 = ADVANCED_FACE ( 'NONE', ( #5564 ), #9594, .T. ) ;
#91 = EDGE_CURVE ( 'NONE', #7128, #3443, #7891, .T. ) ;
#92 = EDGE_CURVE ( 'NONE', #2323, #3414, #6392, .T. ) ;
#93 = EDGE_LOOP ( 'NONE', ( #6643, #3189, #5773, #5527 ) ) ;
#94 = VECTOR ( 'NONE', #5733, 1000.000000000000227 ) ;
#95 = VERTEX_POINT ( 'NONE', #7085 ) ;
#96 =( LENGTH_UNIT ( ) NAMED_UNIT ( * ) SI_UNIT ( .MILLI., .METRE. ) );
#97 = ORIENTED_EDGE ( 'NONE', *, *, #9878, .T. ) ;
#98 = SURFACE_STYLE_FILL_AREA ( #5519 ) ;
#99 = AXIS2_PLACEMENT_3D ( 'NONE', #7009, #9195, #6208 ) ;
#100 = FILL_AREA_STYLE ('',( #4129 ) ) ;
#101 = FILL_AREA_STYLE_COLOUR ( '', #5198 ) ;
#102 = LINE ( 'NONE', #4079, #644 ) ;
#103 = COLOUR_RGB ( '',0.3137254901960784270, 0.3137254901960784270, 0.3137254901960784270 ) ;
#104 =( NAMED_UNIT ( * ) SI_UNIT ( $, .STERADIAN. ) SOLID_ANGLE_UNIT ( ) );
#105 = DIRECTION ( 'NONE',  ( 1.000000000000000000, 0.0000000000000000000, 1.694065894508600925E-16 ) ) ;
#106 = PLANE ( 'NONE',  #6074 ) ;
#107 =( NAMED_UNIT ( * ) SI_UNIT ( $, .STERADIAN. ) SOLID_ANGLE_UNIT ( ) );
#108 = VERTEX_POINT ( 'NONE', #1780 ) ;
#109 = FILL_AREA_STYLE_COLOUR ( '', #9637 ) ;
#110 = STYLED_ITEM ( 'NONE', ( #3398 ), #6781 ) ;
#111 = DIRECTION ( 'NONE',  ( 0.0000000000000000000, 0.0000000000000000000, -1.000000000000000000 ) ) ;
#112 = CARTESIAN_POINT ( 'NONE',  ( -4.760000000000003340, 0.0000000000000000000, 1.589999999999997415 ) ) ;
#113 = CARTESIAN_POINT ( 'NONE',  ( -8.859999999999997655, 8.400000000000002132, -3.199999999999999734 ) ) ;
#114 = SURFACE_SIDE_STYLE ('',( #2529 ) ) ;
#115 = DIRECTION ( 'NONE',  ( -0.3892816206350235841, 0.8348171294789893393, 0.3892816206350229180 ) ) ;
#116 = STYLED_ITEM ( 'NONE', ( #3293 ), #7869 ) ;
#117 = AXIS2_PLACEMENT_3D ( 'NONE', #881, #6439, #9591 ) ;
#118 = SURFACE_SIDE_STYLE ('',( #3856 ) ) ;
#119 = EDGE_LOOP ( 'NONE', ( #6335, #10169, #3286, #6675 ) ) ;
#120 = EDGE_LOOP ( 'NONE', ( #9292, #1259, #6494, #3027 ) ) ;
#121 = CARTESIAN_POINT ( 'NONE',  ( 0.3199999999999973976, 8.800000000000000711, 1.589999999999997415 ) ) ;
#122 = COLOUR_RGB ( '',0.9686274509803921573, 0.8784313725490195957, 0.5999999999999999778 ) ;
#123 = PRESENTATION_STYLE_ASSIGNMENT (( #8822 ) ) ;
#124 = DIRECTION ( 'NONE',  ( 1.694065894508600925E-16, 0.0000000000000000000, -1.000000000000000000 ) ) ;
#125 = DIRECTION ( 'NONE',  ( -0.8987940462991671486, 0.4383711467890772373, -0.0000000000000000000 ) ) ;
#126 = MECHANICAL_DESIGN_GEOMETRIC_PRESENTATION_REPRESENTATION (  '', ( #7768 ), #5927 ) ;
#127 = CARTESIAN_POINT ( 'NONE',  ( -0.1499999999999996336, 0.0000000000000000000, -4.450000000000000178 ) ) ;
#128 = LINE ( 'NONE', #4208, #5458 ) ;
#129 = COLOUR_RGB ( '',0.3137254901960784270, 0.3137254901960784270, 0.3137254901960784270 ) ;
#130 = ADVANCED_FACE ( 'NONE', ( #993 ), #1212, .T. ) ;
#131 = CARTESIAN_POINT ( 'NONE',  ( -0.1249069645736580747, -3.000000000000000000, 1.394906964573652708 ) ) ;
#132 =( GEOMETRIC_REPRESENTATION_CONTEXT ( 3 ) GLOBAL_UNCERTAINTY_ASSIGNED_CONTEXT ( ( #894 ) ) GLOBAL_UNIT_ASSIGNED_CONTEXT ( ( #3529, #7319, #3373 ) ) REPRESENTATION_CONTEXT ( 'NONE', 'WORKASPACE' ) );
#133 = ORIENTED_EDGE ( 'NONE', *, *, #7074, .F. ) ;
#134 = PRESENTATION_LAYER_ASSIGNMENT (  '', '', ( #3987 ) ) ;
#135 = ORIENTED_EDGE ( 'NONE', *, *, #6933, .F. ) ;
#137 = ORIENTED_EDGE ( 'NONE', *, *, #2074, .T. ) ;
#136 = DIRECTION ( 'NONE',  ( -0.3892816206350231401, -0.8348171294789895613, -0.3892816206350230845 ) ) ;
#138 = DIRECTION ( 'NONE',  ( -0.3892816206350230845, 0.8348171294789894503, 0.3892816206350231401 ) ) ;
#139 = PRESENTATION_STYLE_ASSIGNMENT (( #5044 ) ) ;
#140 = SURFACE_STYLE_USAGE ( .BOTH. , #4171 ) ;
#141 =( LENGTH_UNIT ( ) NAMED_UNIT ( * ) SI_UNIT ( .MILLI., .METRE. ) );
#142 = VECTOR ( 'NONE', #5084, 1000.000000000000000 ) ;
#143 = STYLED_ITEM ( 'NONE', ( #1801 ), #3678 ) ;
#144 = LINE ( 'NONE', #7124, #594 ) ;
#145 = CARTESIAN_POINT ( 'NONE',  ( -10.16000000000000192, 9.000000000000000000, -4.450000000000000178 ) ) ;
#146 = EDGE_CURVE ( 'NONE', #915, #5796, #9715, .T. ) ;
#147 = VECTOR ( 'NONE', #565, 1000.000000000000000 ) ;
#148 =( GEOMETRIC_REPRESENTATION_CONTEXT ( 3 ) GLOBAL_UNCERTAINTY_ASSIGNED_CONTEXT ( ( #5150 ) ) GLOBAL_UNIT_ASSIGNED_CONTEXT ( ( #7411, #8112, #2685 ) ) REPRESENTATION_CONTEXT ( 'NONE', 'WORKASPACE' ) );
#149 = ORIENTED_EDGE ( 'NONE', *, *, #2656, .T. ) ;
#150 = EDGE_CURVE ( 'NONE', #6897, #1152, #2663, .T. ) ;
#151 = DIRECTION ( 'NONE',  ( 0.0000000000000000000, -1.000000000000000000, 0.0000000000000000000 ) ) ;
#152 = VERTEX_POINT ( 'NONE', #2611 ) ;
#153 = ORIENTED_EDGE ( 'NONE', *, *, #1513, .F. ) ;
#154 = CYLINDRICAL_SURFACE ( 'NONE', #938, 0.5000000000000008882 ) ;
#155 = COLOUR_RGB ( '',0.9686274509803921573, 0.8784313725490195957, 0.5999999999999999778 ) ;
#156 = CARTESIAN_POINT ( 'NONE',  ( 2.219999999999996643, 8.371098615898088013, 0.9499999999999971800 ) ) ;
#157 = DIRECTION ( 'NONE',  ( 0.0000000000000000000, 0.0000000000000000000, 1.000000000000000000 ) ) ;
#158 = EDGE_CURVE ( 'NONE', #1255, #7616, #9654, .T. ) ;
#159 = EDGE_CURVE ( 'NONE', #5796, #6516, #3550, .T. ) ;
#160 = CARTESIAN_POINT ( 'NONE',  ( 8.859999999999999432, 6.199999999999999289, -1.649999999999999911 ) ) ;
#161 = COLOUR_RGB ( '',0.3137254901960784270, 0.3137254901960784270, 0.3137254901960784270 ) ;
#162 = AXIS2_PLACEMENT_3D ( 'NONE', #5943, #5218, #3689 ) ;
#163 = FILL_AREA_STYLE ('',( #5019 ) ) ;
#164 =( NAMED_UNIT ( * ) PLANE_ANGLE_UNIT ( ) SI_UNIT ( $, .RADIAN. ) );
#165 = DIRECTION ( 'NONE',  ( 0.0000000000000000000, -1.000000000000000000, 0.0000000000000000000 ) ) ;
#166 = ORIENTED_EDGE ( 'NONE', *, *, #929, .T. ) ;
#167 = EDGE_CURVE ( 'NONE', #2380, #5965, #7487, .T. ) ;
#168 = MECHANICAL_DESIGN_GEOMETRIC_PRESENTATION_REPRESENTATION (  '', ( #3335 ), #1007 ) ;
#169 = EDGE_CURVE ( 'NONE', #2961, #2923, #5057, .T. ) ;
#170 = DIRECTION ( 'NONE',  ( -0.3892816206350238062, -0.8348171294789892283, -0.3892816206350229735 ) ) ;
#171 = VECTOR ( 'NONE', #3618, 1000.000000000000000 ) ;
#172 =( NAMED_UNIT ( * ) PLANE_ANGLE_UNIT ( ) SI_UNIT ( $, .RADIAN. ) );
#173 = ORIENTED_EDGE ( 'NONE', *, *, #3388, .T. ) ;
#174 = ORIENTED_EDGE ( 'NONE', *, *, #608, .T. ) ;
#175 = PLANE ( 'NONE',  #5921 ) ;
#176 = UNCERTAINTY_MEASURE_WITH_UNIT (LENGTH_MEASURE( 1.000000000000000082E-05 ), #38, 'distance_accuracy_value', 'NONE');
#177 = DIRECTION ( 'NONE',  ( 1.000000000000000000, 0.0000000000000000000, 5.421010862427507971E-15 ) ) ;
#178 = CARTESIAN_POINT ( 'NONE',  ( 10.16000000000000014, -3.000000000000000000, -1.145093035426346884 ) ) ;
#179 = PRESENTATION_STYLE_ASSIGNMENT (( #3320 ) ) ;
#180 = SURFACE_STYLE_FILL_AREA ( #230 ) ;
#181 = PRESENTATION_LAYER_ASSIGNMENT (  '', '', ( #3181 ) ) ;
#182 = CARTESIAN_POINT ( 'NONE',  ( -4.760000000000003340, 1.299999999999999156, 1.589999999999997415 ) ) ;
#183 = PLANE ( 'NONE',  #6448 ) ;
#184 = COLOUR_RGB ( '',0.3137254901960784270, 0.3137254901960784270, 0.3137254901960784270 ) ;
#185 = FILL_AREA_STYLE ('',( #7318 ) ) ;
#186 = MECHANICAL_DESIGN_GEOMETRIC_PRESENTATION_REPRESENTATION (  '', ( #1855 ), #5826 ) ;
#187 = VERTEX_POINT ( 'NONE', #4278 ) ;
#188 = ORIENTED_EDGE ( 'NONE', *, *, #2076, .F. ) ;
#190 = EDGE_LOOP ( 'NONE', ( #740, #2029, #4592, #2941 ) ) ;
#189 =( LENGTH_UNIT ( ) NAMED_UNIT ( * ) SI_UNIT ( .MILLI., .METRE. ) );
#191 = CARTESIAN_POINT ( 'NONE',  ( -5.015304598860760521, 6.155492771579991640, 4.450000000000000178 ) ) ;
#192 = DIRECTION ( 'NONE',  ( 0.0000000000000000000, 0.0000000000000000000, 1.000000000000000000 ) ) ;
#193 = ADVANCED_FACE ( 'NONE', ( #8228 ), #5722, .F. ) ;
#194 = CARTESIAN_POINT ( 'NONE',  ( -2.860000000000001652, 8.371098615898084461, -0.9500000000000025091 ) ) ;
#195 = SURFACE_STYLE_FILL_AREA ( #7376 ) ;
#196 =( GEOMETRIC_REPRESENTATION_CONTEXT ( 3 ) GLOBAL_UNCERTAINTY_ASSIGNED_CONTEXT ( ( #9504 ) ) GLOBAL_UNIT_ASSIGNED_CONTEXT ( ( #4879, #2539, #5749 ) ) REPRESENTATION_CONTEXT ( 'NONE', 'WORKASPACE' ) );
#197 = DIRECTION ( 'NONE',  ( -1.000000000000000000, 0.0000000000000000000, -0.0000000000000000000 ) ) ;
#198 = ORIENTED_EDGE ( 'NONE', *, *, #2690, .T. ) ;
#199 = CARTESIAN_POINT ( 'NONE',  ( -9.459999999999993747, 9.000000000000000000, 3.799999999999997158 ) ) ;
#200 = SURFACE_STYLE_FILL_AREA ( #6386 ) ;
#201 = EDGE_LOOP ( 'NONE', ( #3337, #688, #592, #5517 ) ) ;
#202 = ORIENTED_EDGE ( 'NONE', *, *, #4309, .T. ) ;
#203 = DIRECTION ( 'NONE',  ( 0.0000000000000000000, 0.0000000000000000000, 1.000000000000000000 ) ) ;
#204 = EDGE_CURVE ( 'NONE', #786, #2494, #10070, .T. ) ;
#205 = SURFACE_STYLE_USAGE ( .BOTH. , #8140 ) ;
#206 = EDGE_CURVE ( 'NONE', #6312, #713, #9917, .T. ) ;
#207 = SURFACE_STYLE_USAGE ( .BOTH. , #2458 ) ;
#208 = DIRECTION ( 'NONE',  ( -0.8703225747740117590, -0.4924820969728085363, 0.0000000000000000000 ) ) ;
#209 = LINE ( 'NONE', #1883, #5903 ) ;
#210 = ORIENTED_EDGE ( 'NONE', *, *, #1630, .F. ) ;
#211 =( NAMED_UNIT ( * ) SI_UNIT ( $, .STERADIAN. ) SOLID_ANGLE_UNIT ( ) );
#212 = LINE ( 'NONE', #6562, #9928 ) ;
#213 = LINE ( 'NONE', #4818, #10031 ) ;
#214 = VECTOR ( 'NONE', #6986, 1000.000000000000000 ) ;
#215 = DIRECTION ( 'NONE',  ( -0.0000000000000000000, -1.000000000000000000, -0.0000000000000000000 ) ) ;
#216 = EDGE_CURVE ( 'NONE', #1030, #6772, #6818, .T. ) ;
#217 = COLOUR_RGB ( '',0.9686274509803921573, 0.8784313725490195957, 0.5999999999999999778 ) ;
#218 = LINE ( 'NONE', #2570, #6305 ) ;
#219 = EDGE_CURVE ( 'NONE', #5668, #7614, #9162, .T. ) ;
#220 = ADVANCED_FACE ( 'NONE', ( #5348 ), #2194, .T. ) ;
#221 = VECTOR ( 'NONE', #4227, 1000.000000000000000 ) ;
#222 =( NAMED_UNIT ( * ) SI_UNIT ( $, .STERADIAN. ) SOLID_ANGLE_UNIT ( ) );
#223 = ORIENTED_EDGE ( 'NONE', *, *, #6268, .T. ) ;
#224 = VERTEX_POINT ( 'NONE', #1421 ) ;
#225 = CARTESIAN_POINT ( 'NONE',  ( 2.859999999999997655, 0.0000000000000000000, 0.0000000000000000000 ) ) ;
#226 = DIRECTION ( 'NONE',  ( 3.388131789017201849E-16, 0.0000000000000000000, -1.000000000000000000 ) ) ;
#227 =( LENGTH_UNIT ( ) NAMED_UNIT ( * ) SI_UNIT ( .MILLI., .METRE. ) );
#228 = CARTESIAN_POINT ( 'NONE',  ( 5.399999999999998579, -2.599999999999996536, -0.9500000000000022871 ) ) ;
#229 = DIRECTION ( 'NONE',  ( -1.000000000000000000, 0.0000000000000000000, -1.694065894508600925E-16 ) ) ;
#230 = FILL_AREA_STYLE ('',( #7254 ) ) ;
#231 = DIRECTION ( 'NONE',  ( 1.000000000000000000, 0.0000000000000000000, 0.0000000000000000000 ) ) ;
#232 =( GEOMETRIC_REPRESENTATION_CONTEXT ( 3 ) GLOBAL_UNCERTAINTY_ASSIGNED_CONTEXT ( ( #9907 ) ) GLOBAL_UNIT_ASSIGNED_CONTEXT ( ( #1244, #8308, #8356 ) ) REPRESENTATION_CONTEXT ( 'NONE', 'WORKASPACE' ) );
#233 = VECTOR ( 'NONE', #5748, 1000.000000000000000 ) ;
#234 = FILL_AREA_STYLE ('',( #6736 ) ) ;
#235 = COLOUR_RGB ( '',0.3137254901960784270, 0.3137254901960784270, 0.3137254901960784270 ) ;
#236 = ORIENTED_EDGE ( 'NONE', *, *, #3218, .F. ) ;
#237 = AXIS2_PLACEMENT_3D ( 'NONE', #7107, #3958, #10260 ) ;
#238 = ORIENTED_EDGE ( 'NONE', *, *, #4063, .F. ) ;
#239 = VERTEX_POINT ( 'NONE', #627 ) ;
#240 = CARTESIAN_POINT ( 'NONE',  ( 4.959999999999999076, 8.800000000000000711, -1.150000000000003242 ) ) ;
#241 = DIRECTION ( 'NONE',  ( -1.000000000000000000, 0.0000000000000000000, -1.694065894508600925E-16 ) ) ;
#242 = CARTESIAN_POINT ( 'NONE',  ( 5.204906964573650541, -3.000000000000000000, 0.0000000000000000000 ) ) ;
#243 = VECTOR ( 'NONE', #5684, 1000.000000000000000 ) ;
#244 = VECTOR ( 'NONE', #241, 1000.000000000000000 ) ;
#245 = ORIENTED_EDGE ( 'NONE', *, *, #6978, .F. ) ;
#246 = PLANE ( 'NONE',  #8340 ) ;
#247 = SURFACE_STYLE_USAGE ( .BOTH. , #3546 ) ;
#248 = VERTEX_POINT ( 'NONE', #3813 ) ;
#249 = VERTEX_POINT ( 'NONE', #10127 ) ;
#250 = VECTOR ( 'NONE', #5102, 1000.000000000000000 ) ;
#251 = UNCERTAINTY_MEASURE_WITH_UNIT (LENGTH_MEASURE( 1.000000000000000082E-05 ), #141, 'distance_accuracy_value', 'NONE');
#252 = VECTOR ( 'NONE', #8846, 1000.000000000000000 ) ;
#253 = CARTESIAN_POINT ( 'NONE',  ( 2.219999999999997531, 8.800000000000000711, -1.390000000000002123 ) ) ;
#254 = CARTESIAN_POINT ( 'NONE',  ( 0.3199999999999982303, 0.0000000000000000000, -1.590000000000002300 ) ) ;
#256 =( GEOMETRIC_REPRESENTATION_CONTEXT ( 3 ) GLOBAL_UNCERTAINTY_ASSIGNED_CONTEXT ( ( #8156 ) ) GLOBAL_UNIT_ASSIGNED_CONTEXT ( ( #8899, #2383, #9528 ) ) REPRESENTATION_CONTEXT ( 'NONE', 'WORKASPACE' ) );
#255 = SURFACE_STYLE_FILL_AREA ( #2710 ) ;
#257 = MECHANICAL_DESIGN_GEOMETRIC_PRESENTATION_REPRESENTATION (  '', ( #5087 ), #2263 ) ;
#258 = CARTESIAN_POINT ( 'NONE',  ( 0.1500000000000008271, 9.000000000000000000, -4.549999999999999822 ) ) ;
#259 = ADVANCED_FACE ( 'NONE', ( #411 ), #3022, .T. ) ;
#260 = SURFACE_STYLE_FILL_AREA ( #6502 ) ;
#261 = PRESENTATION_LAYER_ASSIGNMENT (  '', '', ( #9191 ) ) ;
#262 =( NAMED_UNIT ( * ) PLANE_ANGLE_UNIT ( ) SI_UNIT ( $, .RADIAN. ) );
#263 = SURFACE_SIDE_STYLE ('',( #5159 ) ) ;
#264 = LINE ( 'NONE', #1169, #4526 ) ;
#265 = LINE ( 'NONE', #3355, #3143 ) ;
#266 = STYLED_ITEM ( 'NONE', ( #5064 ), #2093 ) ;
#267 = CARTESIAN_POINT ( 'NONE',  ( 2.219999999999997531, 8.371098615898084461, -1.590000000000002522 ) ) ;
#268 = DIRECTION ( 'NONE',  ( 0.0000000000000000000, 0.0000000000000000000, 1.000000000000000000 ) ) ;
#269 = ADVANCED_FACE ( 'NONE', ( #4065 ), #7929, .F. ) ;
#270 = CARTESIAN_POINT ( 'NONE',  ( 2.219999999999996643, -2.600000000000000089, 1.589999999999997193 ) ) ;
#271 = PRESENTATION_LAYER_ASSIGNMENT (  '', '', ( #4776 ) ) ;
#272 = ORIENTED_EDGE ( 'NONE', *, *, #4217, .F. ) ;
#273 = EDGE_CURVE ( 'NONE', #734, #2694, #297, .T. ) ;
#274 = PRESENTATION_LAYER_ASSIGNMENT (  '', '', ( #4617 ) ) ;
#275 = VERTEX_POINT ( 'NONE', #1768 ) ;
#276 = SURFACE_STYLE_FILL_AREA ( #1898 ) ;
#277 = UNCERTAINTY_MEASURE_WITH_UNIT (LENGTH_MEASURE( 1.000000000000000082E-05 ), #2378, 'distance_accuracy_value', 'NONE');
#278 = DIRECTION ( 'NONE',  ( -1.000000000000000000, 0.0000000000000000000, -3.388131789017201849E-16 ) ) ;
#279 = FACE_OUTER_BOUND ( 'NONE', #9263, .T. ) ;
#280 = DIRECTION ( 'NONE',  ( 0.0000000000000000000, 0.0000000000000000000, -1.000000000000000000 ) ) ;
#281 = LINE ( 'NONE', #2843, #1860 ) ;
#282 = SURFACE_SIDE_STYLE ('',( #5646 ) ) ;
#283 = ADVANCED_FACE ( 'NONE', ( #8954 ), #1815, .F. ) ;
#284 = LINE ( 'NONE', #3475, #8329 ) ;
#285 = CARTESIAN_POINT ( 'NONE',  ( -2.220000000000002860, 0.0000000000000000000, 0.0000000000000000000 ) ) ;
#286 = EDGE_CURVE ( 'NONE', #6601, #4042, #9757, .T. ) ;
#287 = STYLED_ITEM ( 'NONE', ( #1993 ), #6899 ) ;
#288 = CARTESIAN_POINT ( 'NONE',  ( 0.0000000000000000000, -0.1000000000000000056, -3.200000000000000178 ) ) ;
#289 = FILL_AREA_STYLE ('',( #8116 ) ) ;
#290 = STYLED_ITEM ( 'NONE', ( #1181 ), #3146 ) ;
#291 = ORIENTED_EDGE ( 'NONE', *, *, #8707, .T. ) ;
#292 = ORIENTED_EDGE ( 'NONE', *, *, #3232, .T. ) ;
#293 = VERTEX_POINT ( 'NONE', #5809 ) ;
#294 = DIRECTION ( 'NONE',  ( -0.0000000000000000000, 1.000000000000000000, -0.0000000000000000000 ) ) ;
#295 =( GEOMETRIC_REPRESENTATION_CONTEXT ( 3 ) GLOBAL_UNCERTAINTY_ASSIGNED_CONTEXT ( ( #3948 ) ) GLOBAL_UNIT_ASSIGNED_CONTEXT ( ( #4370, #5852, #5099 ) ) REPRESENTATION_CONTEXT ( 'NONE', 'WORKASPACE' ) );
#296 = CARTESIAN_POINT ( 'NONE',  ( -2.860000000000001652, 8.800000000000000711, -1.590000000000002522 ) ) ;
#297 = LINE ( 'NONE', #3488, #6365 ) ;
#298 = DIRECTION ( 'NONE',  ( -1.906289534040446993E-16, 2.098455817713879566E-16, -1.000000000000000000 ) ) ;
#299 = DIRECTION ( 'NONE',  ( -0.9063077870366511579, 0.4226182617406970543, 0.0000000000000000000 ) ) ;
#300 = CARTESIAN_POINT ( 'NONE',  ( -2.220000000000002860, 8.800000000000000711, 1.589999999999997415 ) ) ;
#301 = EDGE_CURVE ( 'NONE', #5381, #10007, #4942, .T. ) ;
#302 = COLOUR_RGB ( '',0.3137254901960784270, 0.3137254901960784270, 0.3137254901960784270 ) ;
#303 = VECTOR ( 'NONE', #2287, 1000.000000000000000 ) ;
#304 = DIRECTION ( 'NONE',  ( 1.000000000000000000, 0.0000000000000000000, 0.0000000000000000000 ) ) ;
#305 = ORIENTED_EDGE ( 'NONE', *, *, #9752, .T. ) ;
#306 = CARTESIAN_POINT ( 'NONE',  ( -0.3200000000000026157, 8.800000000000000711, 1.149999999999997913 ) ) ;
#307 =( GEOMETRIC_REPRESENTATION_CONTEXT ( 3 ) GLOBAL_UNCERTAINTY_ASSIGNED_CONTEXT ( ( #6816 ) ) GLOBAL_UNIT_ASSIGNED_CONTEXT ( ( #8310, #4415, #772 ) ) REPRESENTATION_CONTEXT ( 'NONE', 'WORKASPACE' ) );
#308 = LINE ( 'NONE', #6756, #1300 ) ;
#309 = ORIENTED_EDGE ( 'NONE', *, *, #2054, .T. ) ;
#310 = ORIENTED_EDGE ( 'NONE', *, *, #3015, .F. ) ;
#311 = SURFACE_STYLE_FILL_AREA ( #5108 ) ;
#312 =( NAMED_UNIT ( * ) SI_UNIT ( $, .STERADIAN. ) SOLID_ANGLE_UNIT ( ) );
#313 = LINE ( 'NONE', #9011, #7770 ) ;
#314 = CARTESIAN_POINT ( 'NONE',  ( -5.400000000000003020, 8.371098615898084461, 1.589999999999997193 ) ) ;
#315 = PRESENTATION_LAYER_ASSIGNMENT (  '', '', ( #1985 ) ) ;
#316 = COLOUR_RGB ( '',0.9686274509803921573, 0.8784313725490195957, 0.5999999999999999778 ) ;
#317 = MECHANICAL_DESIGN_GEOMETRIC_PRESENTATION_REPRESENTATION (  '', ( #7612 ), #148 ) ;
#318 = PRESENTATION_STYLE_ASSIGNMENT (( #3455 ) ) ;
#319 = STYLED_ITEM ( 'NONE', ( #318 ), #8564 ) ;
#320 = LINE ( 'NONE', #3508, #1953 ) ;
#321 = CARTESIAN_POINT ( 'NONE',  ( -8.859999999999997655, 8.400000000000002132, 3.200000000000000622 ) ) ;
#322 = DIRECTION ( 'NONE',  ( 1.000000000000000000, -0.0000000000000000000, -0.0000000000000000000 ) ) ;
#323 = MECHANICAL_DESIGN_GEOMETRIC_PRESENTATION_REPRESENTATION (  '', ( #6803 ), #8099 ) ;
#324 = PRESENTATION_STYLE_ASSIGNMENT (( #8483 ) ) ;
#325 = EDGE_CURVE ( 'NONE', #3019, #2337, #1865, .T. ) ;
#326 =( NAMED_UNIT ( * ) SI_UNIT ( $, .STERADIAN. ) SOLID_ANGLE_UNIT ( ) );
#327 = FILL_AREA_STYLE ('',( #3410 ) ) ;
#328 = STYLED_ITEM ( 'NONE', ( #507 ), #4052 ) ;
#329 = DIRECTION ( 'NONE',  ( 1.000000000000000000, 0.0000000000000000000, 3.388131789017201849E-16 ) ) ;
#330 = AXIS2_PLACEMENT_3D ( 'NONE', #438, #9950, #3785 ) ;
#331 = ORIENTED_EDGE ( 'NONE', *, *, #2404, .T. ) ;
#332 = ORIENTED_EDGE ( 'NONE', *, *, #8500, .F. ) ;
#333 =( LENGTH_UNIT ( ) NAMED_UNIT ( * ) SI_UNIT ( .MILLI., .METRE. ) );
#334 = DIRECTION ( 'NONE',  ( 0.0000000000000000000, 0.0000000000000000000, 1.000000000000000000 ) ) ;
#335 = LINE ( 'NONE', #6679, #405 ) ;
#336 = DIRECTION ( 'NONE',  ( -3.388131789017201849E-16, 0.0000000000000000000, 1.000000000000000000 ) ) ;
#337 =( NAMED_UNIT ( * ) PLANE_ANGLE_UNIT ( ) SI_UNIT ( $, .RADIAN. ) );
#338 = FILL_AREA_STYLE_COLOUR ( '', #2568 ) ;
#339 = AXIS2_PLACEMENT_3D ( 'NONE', #10100, #8399, #5371 ) ;
#340 = EDGE_CURVE ( 'NONE', #4652, #8834, #4266, .T. ) ;
#341 = PLANE ( 'NONE',  #2322 ) ;
#342 =( NAMED_UNIT ( * ) SI_UNIT ( $, .STERADIAN. ) SOLID_ANGLE_UNIT ( ) );
#343 = EDGE_LOOP ( 'NONE', ( #4223, #6561, #6698, #5504, #2703, #1929, #9956, #3209 ) ) ;
#344 = EDGE_CURVE ( 'NONE', #5009, #8220, #9642, .T. ) ;
#345 = EDGE_LOOP ( 'NONE', ( #3020, #7686, #8027, #9954 ) ) ;
#346 = ORIENTED_EDGE ( 'NONE', *, *, #487, .F. ) ;
#347 = CARTESIAN_POINT ( 'NONE',  ( -0.1200000000000011890, 8.800000000000000711, -0.9500000000000025091 ) ) ;
#348 = AXIS2_PLACEMENT_3D ( 'NONE', #7195, #5529, #2472 ) ;
#349 = FILL_AREA_STYLE_COLOUR ( '', #7855 ) ;
#350 = PRESENTATION_LAYER_ASSIGNMENT (  '', '', ( #8788 ) ) ;
#351 = FACE_OUTER_BOUND ( 'NONE', #8316, .T. ) ;
#352 = UNCERTAINTY_MEASURE_WITH_UNIT (LENGTH_MEASURE( 1.000000000000000082E-05 ), #7205, 'distance_accuracy_value', 'NONE');
#353 = SURFACE_SIDE_STYLE ('',( #5047 ) ) ;
#354 = LINE ( 'NONE', #9855, #1835 ) ;
#355 = PLANE ( 'NONE',  #6498 ) ;
#356 = MECHANICAL_DESIGN_GEOMETRIC_PRESENTATION_REPRESENTATION (  '', ( #9125 ), #3700 ) ;
#357 = PRESENTATION_LAYER_ASSIGNMENT (  '', '', ( #6323 ) ) ;
#358 = EDGE_CURVE ( 'NONE', #9804, #3706, #8170, .T. ) ;
#359 = SURFACE_SIDE_STYLE ('',( #9108 ) ) ;
#360 = EDGE_LOOP ( 'NONE', ( #7320, #5420, #6836, #6060 ) ) ;
#361 = EDGE_CURVE ( 'NONE', #1255, #10107, #4363, .T. ) ;
#362 = ORIENTED_EDGE ( 'NONE', *, *, #4372, .F. ) ;
#364 = ORIENTED_EDGE ( 'NONE', *, *, #2881, .F. ) ;
#363 = CARTESIAN_POINT ( 'NONE',  ( -0.3200000000000025602, 0.0000000000000000000, 0.9499999999999971800 ) ) ;
#365 =( NAMED_UNIT ( * ) PLANE_ANGLE_UNIT ( ) SI_UNIT ( $, .RADIAN. ) );
#366 = UNCERTAINTY_MEASURE_WITH_UNIT (LENGTH_MEASURE( 1.000000000000000082E-05 ), #1217, 'distance_accuracy_value', 'NONE');
#367 = PRESENTATION_STYLE_ASSIGNMENT (( #4339 ) ) ;
#368 = SURFACE_STYLE_USAGE ( .BOTH. , #1936 ) ;
#369 = LINE ( 'NONE', #7439, #8840 ) ;
#370 =( NAMED_UNIT ( * ) PLANE_ANGLE_UNIT ( ) SI_UNIT ( $, .RADIAN. ) );
#371 = FILL_AREA_STYLE ('',( #8580 ) ) ;
#372 = FILL_AREA_STYLE ('',( #7589 ) ) ;
#373 =( NAMED_UNIT ( * ) PLANE_ANGLE_UNIT ( ) SI_UNIT ( $, .RADIAN. ) );
#374 = SURFACE_STYLE_USAGE ( .BOTH. , #8924 ) ;
#375 = CARTESIAN_POINT ( 'NONE',  ( 5.204906964573652317, -3.000000000000000000, 0.0000000000000000000 ) ) ;
#376 = DIRECTION ( 'NONE',  ( -0.3892816206350230845, 0.8348171294789893393, -0.3892816206350233621 ) ) ;
#377 = DIRECTION ( 'NONE',  ( 1.000000000000000000, 0.0000000000000000000, 3.388131789017201849E-16 ) ) ;
#378 = SURFACE_SIDE_STYLE ('',( #5362 ) ) ;
#379 = FILL_AREA_STYLE_COLOUR ( '', #9720 ) ;
#380 = VERTEX_POINT ( 'NONE', #1195 ) ;
#381 =( NAMED_UNIT ( * ) PLANE_ANGLE_UNIT ( ) SI_UNIT ( $, .RADIAN. ) );
#382 = ORIENTED_EDGE ( 'NONE', *, *, #8147, .F. ) ;
#383 = UNCERTAINTY_MEASURE_WITH_UNIT (LENGTH_MEASURE( 1.000000000000000082E-05 ), #7703, 'distance_accuracy_value', 'NONE');
#384 = CARTESIAN_POINT ( 'NONE',  ( 2.859999999999997655, 8.800000000000000711, -0.9500000000000022871 ) ) ;
#385 = SURFACE_SIDE_STYLE ('',( #1230 ) ) ;
#386 = DIRECTION ( 'NONE',  ( 1.000000000000000000, 0.0000000000000000000, 3.388131789017201849E-16 ) ) ;
#387 =( LENGTH_UNIT ( ) NAMED_UNIT ( * ) SI_UNIT ( .MILLI., .METRE. ) );
#388 =( LENGTH_UNIT ( ) NAMED_UNIT ( * ) SI_UNIT ( .MILLI., .METRE. ) );
#389 = STYLED_ITEM ( 'NONE', ( #2385 ), #5402 ) ;
#390 = ADVANCED_FACE ( 'NONE', ( #6102 ), #2945, .F. ) ;
#391 = ORIENTED_EDGE ( 'NONE', *, *, #3461, .T. ) ;
#392 = ORIENTED_EDGE ( 'NONE', *, *, #169, .T. ) ;
#393 = ORIENTED_EDGE ( 'NONE', *, *, #1301, .F. ) ;
#394 = SURFACE_STYLE_USAGE ( .BOTH. , #445 ) ;
#395 = VECTOR ( 'NONE', #6484, 1000.000000000000000 ) ;
#396 = DIRECTION ( 'NONE',  ( 0.0000000000000000000, -1.000000000000000000, 0.0000000000000000000 ) ) ;
#397 = PRESENTATION_STYLE_ASSIGNMENT (( #1298 ) ) ;
#398 = CARTESIAN_POINT ( 'NONE',  ( -4.760000000000003340, 8.800000000000000711, 1.589999999999997415 ) ) ;
#399 = CARTESIAN_POINT ( 'NONE',  ( -4.960000000000003517, 8.800000000000000711, 1.389999999999996794 ) ) ;
#400 = DIRECTION ( 'NONE',  ( 1.694065894508600925E-16, 0.0000000000000000000, -1.000000000000000000 ) ) ;
#401 = AXIS2_PLACEMENT_3D ( 'NONE', #2278, #3010, #7717 ) ;
#402 = DIRECTION ( 'NONE',  ( 0.0000000000000000000, 0.0000000000000000000, -1.000000000000000000 ) ) ;
#403 = PRESENTATION_LAYER_ASSIGNMENT (  '', '', ( #3101 ) ) ;
#404 = ORIENTED_EDGE ( 'NONE', *, *, #4876, .T. ) ;
#405 = VECTOR ( 'NONE', #9843, 1000.000000000000000 ) ;
#406 = CARTESIAN_POINT ( 'NONE',  ( 8.860000000000001208, 1.299999999999999156, -3.199999999999999734 ) ) ;
#407 = ORIENTED_EDGE ( 'NONE', *, *, #1878, .T. ) ;
#408 = ORIENTED_EDGE ( 'NONE', *, *, #735, .T. ) ;
#409 = DIRECTION ( 'NONE',  ( 0.8987940462991671486, 0.4383711467890771263, 0.0000000000000000000 ) ) ;
#410 = ADVANCED_FACE ( 'NONE', ( #6955 ), #5334, .T. ) ;
#411 = FACE_OUTER_BOUND ( 'NONE', #3686, .T. ) ;
#412 = ADVANCED_FACE ( 'NONE', ( #8271 ), #2799, .F. ) ;
#413 = EDGE_CURVE ( 'NONE', #2534, #4060, #3162, .T. ) ;
#414 = LINE ( 'NONE', #3606, #8240 ) ;
#415 = SURFACE_STYLE_FILL_AREA ( #4343 ) ;
#416 =( GEOMETRIC_REPRESENTATION_CONTEXT ( 3 ) GLOBAL_UNCERTAINTY_ASSIGNED_CONTEXT ( ( #4011 ) ) GLOBAL_UNIT_ASSIGNED_CONTEXT ( ( #562, #5909, #3594 ) ) REPRESENTATION_CONTEXT ( 'NONE', 'WORKASPACE' ) );
#417 = DIRECTION ( 'NONE',  ( -0.8987940462991671486, 0.4383711467890771263, -0.0000000000000000000 ) ) ;
#418 =( NAMED_UNIT ( * ) SI_UNIT ( $, .STERADIAN. ) SOLID_ANGLE_UNIT ( ) );
#419 = VERTEX_POINT ( 'NONE', #820 ) ;
#420 = DIRECTION ( 'NONE',  ( -1.000000000000000000, 0.0000000000000000000, -1.694065894508600925E-16 ) ) ;
#421 = EDGE_CURVE ( 'NONE', #3964, #5009, #4301, .T. ) ;
#422 = AXIS2_PLACEMENT_3D ( 'NONE', #5490, #9516, #3119 ) ;
#423 = AXIS2_PLACEMENT_3D ( 'NONE', #7251, #4772, #7914 ) ;
#424 = CARTESIAN_POINT ( 'NONE',  ( -2.860000000000002540, -2.599999999999996536, 1.589999999999997193 ) ) ;
#425 = CARTESIAN_POINT ( 'NONE',  ( -5.179942183009293544, -3.461009071065141107, 1.170057816990706101 ) ) ;
#426 = ORIENTED_EDGE ( 'NONE', *, *, #3691, .T. ) ;
#427 = PLANE ( 'NONE',  #2849 ) ;
#428 = LINE ( 'NONE', #6782, #1318 ) ;
#429 = VERTEX_POINT ( 'NONE', #2485 ) ;
#430 = MECHANICAL_DESIGN_GEOMETRIC_PRESENTATION_REPRESENTATION (  '', ( #7741 ), #6760 ) ;
#431 = DIRECTION ( 'NONE',  ( 3.388131789017201849E-16, 0.0000000000000000000, -1.000000000000000000 ) ) ;
#432 = SURFACE_STYLE_USAGE ( .BOTH. , #385 ) ;
#433 = SURFACE_STYLE_USAGE ( .BOTH. , #9089 ) ;
#434 = CARTESIAN_POINT ( 'NONE',  ( -8.860000000000002984, 6.199999999999999289, 1.750000000000000222 ) ) ;
#435 = FILL_AREA_STYLE ('',( #597 ) ) ;
#436 = CARTESIAN_POINT ( 'NONE',  ( -1.609362599783167439E-16, 0.0000000000000000000, 0.9499999999999980682 ) ) ;
#437 = AXIS2_PLACEMENT_3D ( 'NONE', #2297, #845, #3237 ) ;
#438 = CARTESIAN_POINT ( 'NONE',  ( 5.399999999999996803, 8.800000000000000711, 1.589999999999997415 ) ) ;
#439 = FACE_OUTER_BOUND ( 'NONE', #10235, .T. ) ;
#440 =( GEOMETRIC_REPRESENTATION_CONTEXT ( 3 ) GLOBAL_UNCERTAINTY_ASSIGNED_CONTEXT ( ( #4155 ) ) GLOBAL_UNIT_ASSIGNED_CONTEXT ( ( #8463, #4460, #1400 ) ) REPRESENTATION_CONTEXT ( 'NONE', 'WORKASPACE' ) );
#441 = SURFACE_STYLE_FILL_AREA ( #7560 ) ;
#442 = EDGE_LOOP ( 'NONE', ( #4203, #7715, #4057, #7935 ) ) ;
#443 = ORIENTED_EDGE ( 'NONE', *, *, #3680, .F. ) ;
#444 = ORIENTED_EDGE ( 'NONE', *, *, #5999, .F. ) ;
#445 = SURFACE_SIDE_STYLE ('',( #9102 ) ) ;
#446 = MECHANICAL_DESIGN_GEOMETRIC_PRESENTATION_REPRESENTATION (  '', ( #7907 ), #3122 ) ;
#447 =( LENGTH_UNIT ( ) NAMED_UNIT ( * ) SI_UNIT ( .MILLI., .METRE. ) );
#448 = SURFACE_STYLE_FILL_AREA ( #6046 ) ;
#449 = CARTESIAN_POINT ( 'NONE',  ( -8.859999999999997655, 1.299999999999999156, -3.199999999999999734 ) ) ;
#450 = UNCERTAINTY_MEASURE_WITH_UNIT (LENGTH_MEASURE( 1.000000000000000082E-05 ), #8110, 'distance_accuracy_value', 'NONE');
#451 = CARTESIAN_POINT ( 'NONE',  ( 2.540000000000000480, 1.299999999999999156, -1.590000000000000746 ) ) ;
#452 = DIRECTION ( 'NONE',  ( -1.000000000000000000, 0.0000000000000000000, -1.694065894508600925E-16 ) ) ;
#453 = EDGE_CURVE ( 'NONE', #5983, #3172, #5643, .T. ) ;
#454 = DIRECTION ( 'NONE',  ( 0.0000000000000000000, 0.0000000000000000000, -1.000000000000000000 ) ) ;
#455 = VECTOR ( 'NONE', #6629, 1000.000000000000000 ) ;
#456 = EDGE_LOOP ( 'NONE', ( #9110, #1726, #5971, #6179 ) ) ;
#457 = SURFACE_STYLE_USAGE ( .BOTH. , #4373 ) ;
#458 = LINE ( 'NONE', #9005, #10074 ) ;
#459 = VERTEX_POINT ( 'NONE', #9626 ) ;
#461 = EDGE_LOOP ( 'NONE', ( #8738, #8961, #7359, #7911 ) ) ;
#460 = CARTESIAN_POINT ( 'NONE',  ( 0.0000000000000000000, -0.1000000000000000056, -3.200000000000000178 ) ) ;
#462 =( LENGTH_UNIT ( ) NAMED_UNIT ( * ) SI_UNIT ( .MILLI., .METRE. ) );
#463 = UNCERTAINTY_MEASURE_WITH_UNIT (LENGTH_MEASURE( 1.000000000000000082E-05 ), #979, 'distance_accuracy_value', 'NONE');
#464 = FILL_AREA_STYLE_COLOUR ( '', #1893 ) ;
#465 = FACE_OUTER_BOUND ( 'NONE', #5858, .T. ) ;
#466 = LINE ( 'NONE', #2970, #3760 ) ;
#467 = STYLED_ITEM ( 'NONE', ( #8734 ), #8019 ) ;
#468 = EDGE_CURVE ( 'NONE', #6204, #4111, #1745, .T. ) ;
#469 = VERTEX_POINT ( 'NONE', #2583 ) ;
#470 = FACE_OUTER_BOUND ( 'NONE', #3126, .T. ) ;
#471 = MECHANICAL_DESIGN_GEOMETRIC_PRESENTATION_REPRESENTATION (  '', ( #1806 ), #8915 ) ;
#472 = CARTESIAN_POINT ( 'NONE',  ( 7.619999999999999218, 0.0000000000000000000, 1.589999999999998970 ) ) ;
#473 =( NAMED_UNIT ( * ) PLANE_ANGLE_UNIT ( ) SI_UNIT ( $, .RADIAN. ) );
#474 = CARTESIAN_POINT ( 'NONE',  ( -5.400000000000002132, 8.371098615898084461, -1.590000000000002522 ) ) ;
#475 = MECHANICAL_DESIGN_GEOMETRIC_PRESENTATION_REPRESENTATION (  '', ( #2818 ), #7452 ) ;
#476 = ADVANCED_FACE ( 'NONE', ( #8881 ), #1019, .T. ) ;
#477 = PRESENTATION_LAYER_ASSIGNMENT (  '', '', ( #8737 ) ) ;
#478 = EDGE_LOOP ( 'NONE', ( #4531, #10181, #10171, #8716 ) ) ;
#479 = DIRECTION ( 'NONE',  ( -3.388131789017201849E-16, 0.0000000000000000000, 1.000000000000000000 ) ) ;
#480 = STYLED_ITEM ( 'NONE', ( #7766 ), #4369 ) ;
#481 = CARTESIAN_POINT ( 'NONE',  ( -0.3200000000000025602, 1.299999999999999156, 1.589999999999997193 ) ) ;
#482 = LINE ( 'NONE', #7498, #4355 ) ;
#483 = PRESENTATION_LAYER_ASSIGNMENT (  '', '', ( #4328 ) ) ;
#484 = LINE ( 'NONE', #3720, #171 ) ;
#485 = SURFACE_STYLE_USAGE ( .BOTH. , #1436 ) ;
#486 = VECTOR ( 'NONE', #10011, 1000.000000000000000 ) ;
#487 = EDGE_CURVE ( 'NONE', #1038, #6894, #9565, .T. ) ;
#488 = LINE ( 'NONE', #3886, #7079 ) ;
#489 = COLOUR_RGB ( '',0.9686274509803921573, 0.8784313725490195957, 0.5999999999999999778 ) ;
#490 = ADVANCED_FACE ( 'NONE', ( #279 ), #9741, .F. ) ;
#491 = DIRECTION ( 'NONE',  ( -1.906289534040446993E-16, 0.0000000000000000000, -1.000000000000000000 ) ) ;
#492 = ORIENTED_EDGE ( 'NONE', *, *, #91, .F. ) ;
#493 = UNCERTAINTY_MEASURE_WITH_UNIT (LENGTH_MEASURE( 1.000000000000000082E-05 ), #5678, 'distance_accuracy_value', 'NONE');
#494 = SURFACE_STYLE_USAGE ( .BOTH. , #8300 ) ;
#495 =( GEOMETRIC_REPRESENTATION_CONTEXT ( 3 ) GLOBAL_UNCERTAINTY_ASSIGNED_CONTEXT ( ( #8427 ) ) GLOBAL_UNIT_ASSIGNED_CONTEXT ( ( #89, #729, #4743 ) ) REPRESENTATION_CONTEXT ( 'NONE', 'WORKASPACE' ) );
#496 =( GEOMETRIC_REPRESENTATION_CONTEXT ( 3 ) GLOBAL_UNCERTAINTY_ASSIGNED_CONTEXT ( ( #1440 ) ) GLOBAL_UNIT_ASSIGNED_CONTEXT ( ( #5991, #7711, #3843 ) ) REPRESENTATION_CONTEXT ( 'NONE', 'WORKASPACE' ) );
#497 = CARTESIAN_POINT ( 'NONE',  ( -2.664906964573657167, -3.000000000000000000, 0.0000000000000000000 ) ) ;
#498 = DIRECTION ( 'NONE',  ( 0.0000000000000000000, -0.0000000000000000000, -1.000000000000000000 ) ) ;
#499 = ORIENTED_EDGE ( 'NONE', *, *, #2057, .T. ) ;
#500 = ORIENTED_EDGE ( 'NONE', *, *, #9034, .F. ) ;
#501 = SURFACE_SIDE_STYLE ('',( #2119 ) ) ;
#502 = FILL_AREA_STYLE_COLOUR ( '', #7377 ) ;
#503 = DIRECTION ( 'NONE',  ( 1.000000000000000000, 0.0000000000000000000, 3.388131789017201849E-16 ) ) ;
#504 = DIRECTION ( 'NONE',  ( -0.4014883995042277109, 0.8231732078530417107, -0.4014883995042278220 ) ) ;
#505 = PRESENTATION_LAYER_ASSIGNMENT (  '', '', ( #5006 ) ) ;
#506 = FILL_AREA_STYLE ('',( #8472 ) ) ;
#507 = PRESENTATION_STYLE_ASSIGNMENT (( #2019 ) ) ;
#508 = DIRECTION ( 'NONE',  ( -1.000000000000000000, 0.0000000000000000000, -3.388131789017201849E-16 ) ) ;
#509 = MECHANICAL_DESIGN_GEOMETRIC_PRESENTATION_REPRESENTATION (  '', ( #9629 ), #8128 ) ;
#510 = VERTEX_POINT ( 'NONE', #5080 ) ;
#511 = ADVANCED_FACE ( 'NONE', ( #8941 ), #7659, .T. ) ;
#512 = PLANE ( 'NONE',  #4295 ) ;
#513 = EDGE_LOOP ( 'NONE', ( #407, #1401, #9312, #8736 ) ) ;
#514 = LINE ( 'NONE', #6007, #7301 ) ;
#515 = CARTESIAN_POINT ( 'NONE',  ( 0.1249069645736528705, -3.000000000000000000, 0.0000000000000000000 ) ) ;
#516 = SURFACE_STYLE_FILL_AREA ( #3457 ) ;
#517 =( LENGTH_UNIT ( ) NAMED_UNIT ( * ) SI_UNIT ( .MILLI., .METRE. ) );
#518 = PLANE ( 'NONE',  #1896 ) ;
#519 = CARTESIAN_POINT ( 'NONE',  ( -1.616367046162729526, -1.362369035843582266, -0.3463670461627296748 ) ) ;
#520 = FILL_AREA_STYLE ('',( #9165 ) ) ;
#521 = PRESENTATION_LAYER_ASSIGNMENT (  '', '', ( #9125 ) ) ;
#522 = AXIS2_PLACEMENT_3D ( 'NONE', #5526, #3250, #7850 ) ;
#523 = PLANE ( 'NONE',  #2971 ) ;
#524 = EDGE_LOOP ( 'NONE', ( #9852, #41 ) ) ;
#525 = SURFACE_STYLE_USAGE ( .BOTH. , #2825 ) ;
#526 = ADVANCED_FACE ( 'NONE', ( #4395 ), #5936, .T. ) ;
#527 = CARTESIAN_POINT ( 'NONE',  ( 5.399999999999996803, 8.800000000000000711, 1.589999999999997415 ) ) ;
#528 = VECTOR ( 'NONE', #8, 1000.000000000000114 ) ;
#529 = SURFACE_SIDE_STYLE ('',( #4440 ) ) ;
#530 = ORIENTED_EDGE ( 'NONE', *, *, #7707, .F. ) ;
#531 = PLANE ( 'NONE',  #2890 ) ;
#532 = DIRECTION ( 'NONE',  ( 0.0000000000000000000, 0.0000000000000000000, -1.000000000000000000 ) ) ;
#533 = FILL_AREA_STYLE_COLOUR ( '', #615 ) ;
#534 = COLOUR_RGB ( '',0.9686274509803921573, 0.8784313725490195957, 0.5999999999999999778 ) ;
#535 = DIRECTION ( 'NONE',  ( -1.000000000000000000, 0.0000000000000000000, -3.388131789017201849E-16 ) ) ;
#536 = LINE ( 'NONE', #6082, #3648 ) ;
#537 = ORIENTED_EDGE ( 'NONE', *, *, #3486, .F. ) ;
#538 = PRODUCT_DEFINITION_FORMATION_WITH_SPECIFIED_SOURCE ( 'ANY', '', #3989, .NOT_KNOWN. ) ;
#539 = ADVANCED_FACE ( 'NONE', ( #5172 ), #1956, .T. ) ;
#540 =( LENGTH_UNIT ( ) NAMED_UNIT ( * ) SI_UNIT ( .MILLI., .METRE. ) );
#541 =( NAMED_UNIT ( * ) PLANE_ANGLE_UNIT ( ) SI_UNIT ( $, .RADIAN. ) );
#542 = SURFACE_STYLE_FILL_AREA ( #6790 ) ;
#543 = EDGE_CURVE ( 'NONE', #4915, #10051, #808, .T. ) ;
#544 = ADVANCED_FACE ( 'NONE', ( #2313 ), #9345, .T. ) ;
#545 = FILL_AREA_STYLE ('',( #9140 ) ) ;
#546 = DIRECTION ( 'NONE',  ( -1.000000000000000000, 0.0000000000000000000, -3.388131789017201849E-16 ) ) ;
#547 = ORIENTED_EDGE ( 'NONE', *, *, #6031, .T. ) ;
#548 = ORIENTED_EDGE ( 'NONE', *, *, #2074, .F. ) ;
#549 = ORIENTED_EDGE ( 'NONE', *, *, #9719, .F. ) ;
#550 = PRESENTATION_STYLE_ASSIGNMENT (( #5136 ) ) ;
#551 = DIRECTION ( 'NONE',  ( -0.0000000000000000000, -0.0000000000000000000, 1.000000000000000000 ) ) ;
#552 = SURFACE_STYLE_USAGE ( .BOTH. , #610 ) ;
#553 = CARTESIAN_POINT ( 'NONE',  ( 5.080000000000000071, -3.000000000000000000, -1.145093035426345329 ) ) ;
#554 = FILL_AREA_STYLE_COLOUR ( '', #534 ) ;
#555 = DIRECTION ( 'NONE',  ( 0.0000000000000000000, -1.000000000000000000, 0.0000000000000000000 ) ) ;
#556 = UNCERTAINTY_MEASURE_WITH_UNIT (LENGTH_MEASURE( 1.000000000000000082E-05 ), #3340, 'distance_accuracy_value', 'NONE');
#557 = DIRECTION ( 'NONE',  ( -1.000000000000000000, 0.0000000000000000000, -1.694065894508600925E-16 ) ) ;
#558 = CARTESIAN_POINT ( 'NONE',  ( -0.3200000000000025602, -2.600000000000000089, 0.9499999999999971800 ) ) ;
#559 = EDGE_CURVE ( 'NONE', #4650, #8983, #3839, .T. ) ;
#560 = PRESENTATION_LAYER_ASSIGNMENT (  '', '', ( #3727 ) ) ;
#561 = ORIENTED_EDGE ( 'NONE', *, *, #975, .T. ) ;
#562 =( LENGTH_UNIT ( ) NAMED_UNIT ( * ) SI_UNIT ( .MILLI., .METRE. ) );
#563 = VECTOR ( 'NONE', #2965, 1000.000000000000000 ) ;
#564 = VERTEX_POINT ( 'NONE', #3891 ) ;
#565 = DIRECTION ( 'NONE',  ( -1.000000000000000000, 0.0000000000000000000, -1.694065894508600925E-16 ) ) ;
#566 = UNCERTAINTY_MEASURE_WITH_UNIT (LENGTH_MEASURE( 1.000000000000000082E-05 ), #9458, 'distance_accuracy_value', 'NONE');
#567 = COLOUR_RGB ( '',0.3137254901960784270, 0.3137254901960784270, 0.3137254901960784270 ) ;
#568 =( NAMED_UNIT ( * ) PLANE_ANGLE_UNIT ( ) SI_UNIT ( $, .RADIAN. ) );
#569 = PRESENTATION_STYLE_ASSIGNMENT (( #3602 ) ) ;
#570 = CARTESIAN_POINT ( 'NONE',  ( -0.3200000000000017275, 8.800000000000000711, -0.9500000000000025091 ) ) ;
#571 = LINE ( 'NONE', #679, #10199 ) ;
#572 = COLOUR_RGB ( '',0.3137254901960784270, 0.3137254901960784270, 0.3137254901960784270 ) ;
#573 = STYLED_ITEM ( 'NONE', ( #5435 ), #5682 ) ;
#574 = EDGE_LOOP ( 'NONE', ( #5744, #2024, #618, #8853 ) ) ;
#575 =( NAMED_UNIT ( * ) PLANE_ANGLE_UNIT ( ) SI_UNIT ( $, .RADIAN. ) );
#576 = VERTEX_POINT ( 'NONE', #7046 ) ;
#577 = FILL_AREA_STYLE_COLOUR ( '', #9094 ) ;
#578 = LINE ( 'NONE', #636, #9912 ) ;
#579 = COLOUR_RGB ( '',0.9686274509803921573, 0.8784313725490195957, 0.5999999999999999778 ) ;
#580 = STYLED_ITEM ( 'NONE', ( #1341 ), #526 ) ;
#581 = LINE ( 'NONE', #5308, #9700 ) ;
#582 = PLANE ( 'NONE',  #950 ) ;
#583 = CIRCLE ( 'NONE', #7710, 0.5000000000000008882 ) ;
#584 = LINE ( 'NONE', #8546, #657 ) ;
#585 = EDGE_CURVE ( 'NONE', #8725, #4050, #3102, .T. ) ;
#586 = LINE ( 'NONE', #7541, #5822 ) ;
#587 = VECTOR ( 'NONE', #10072, 1000.000000000000000 ) ;
#588 = DIRECTION ( 'NONE',  ( 0.0000000000000000000, -1.000000000000000000, 0.0000000000000000000 ) ) ;
#589 = VECTOR ( 'NONE', #8088, 1000.000000000000000 ) ;
#590 = CARTESIAN_POINT ( 'NONE',  ( 10.15999999999999837, 6.199999999999999289, 1.750000000000000000 ) ) ;
#591 = CARTESIAN_POINT ( 'NONE',  ( -2.220000000000002860, -2.599999999999996536, 0.9499999999999972911 ) ) ;
#592 = ORIENTED_EDGE ( 'NONE', *, *, #150, .T. ) ;
#593 = UNCERTAINTY_MEASURE_WITH_UNIT (LENGTH_MEASURE( 1.000000000000000082E-05 ), #6822, 'distance_accuracy_value', 'NONE');
#594 = VECTOR ( 'NONE', #4116, 1000.000000000000000 ) ;
#595 = SURFACE_STYLE_USAGE ( .BOTH. , #8615 ) ;
#596 = LINE ( 'NONE', #4397, #1490 ) ;
#597 = FILL_AREA_STYLE_COLOUR ( '', #5405 ) ;
#598 = PRESENTATION_STYLE_ASSIGNMENT (( #2172 ) ) ;
#599 = DIRECTION ( 'NONE',  ( -1.000000000000000000, 0.0000000000000000000, -1.694065894508600925E-16 ) ) ;
#600 = ADVANCED_FACE ( 'NONE', ( #2265 ), #3997, .T. ) ;
#601 = ORIENTED_EDGE ( 'NONE', *, *, #8451, .T. ) ;
#602 = PRESENTATION_LAYER_ASSIGNMENT (  '', '', ( #3604 ) ) ;
#603 = LINE ( 'NONE', #9358, #1796 ) ;
#604 = VERTEX_POINT ( 'NONE', #8148 ) ;
#605 = ORIENTED_EDGE ( 'NONE', *, *, #4493, .T. ) ;
#606 = EDGE_CURVE ( 'NONE', #7644, #6897, #947, .T. ) ;
#607 = PLANE ( 'NONE',  #1297 ) ;
#608 = EDGE_CURVE ( 'NONE', #6772, #5502, #7193, .T. ) ;
#609 = CARTESIAN_POINT ( 'NONE',  ( -2.220000000000001972, 8.800000000000000711, -1.590000000000002300 ) ) ;
#610 = SURFACE_SIDE_STYLE ('',( #5900 ) ) ;
#611 = CARTESIAN_POINT ( 'NONE',  ( 5.399999999999996803, 0.0000000000000000000, 1.589999999999997415 ) ) ;
#612 = AXIS2_PLACEMENT_3D ( 'NONE', #515, #3707, #10067 ) ;
#613 = SURFACE_STYLE_USAGE ( .BOTH. , #2127 ) ;
#614 = SURFACE_STYLE_USAGE ( .BOTH. , #5232 ) ;
#615 = COLOUR_RGB ( '',0.9686274509803921573, 0.8784313725490195957, 0.5999999999999999778 ) ;
#616 = CARTESIAN_POINT ( 'NONE',  ( 2.664906964573651837, -3.000000000000000000, 0.0000000000000000000 ) ) ;
#617 = VECTOR ( 'NONE', #4690, 1000.000000000000000 ) ;
#618 = ORIENTED_EDGE ( 'NONE', *, *, #1385, .F. ) ;
#619 = DIRECTION ( 'NONE',  ( 1.000000000000000000, -0.0000000000000000000, 3.388131789017201849E-16 ) ) ;
#620 = FILL_AREA_STYLE ('',( #7727 ) ) ;
#621 = EDGE_LOOP ( 'NONE', ( #9427, #1715, #2604, #6754 ) ) ;
#623 = ORIENTED_EDGE ( 'NONE', *, *, #7342, .T. ) ;
#622 = PLANE ( 'NONE',  #7002 ) ;
#624 = EDGE_CURVE ( 'NONE', #6516, #3185, #4143, .T. ) ;
#625 = SURFACE_STYLE_USAGE ( .BOTH. , #9158 ) ;
#626 = EDGE_CURVE ( 'NONE', #10049, #713, #6403, .T. ) ;
#627 = CARTESIAN_POINT ( 'NONE',  ( 0.3199999999999973976, 8.371098615898084461, 0.9499999999999972911 ) ) ;
#628 =( LENGTH_UNIT ( ) NAMED_UNIT ( * ) SI_UNIT ( .MILLI., .METRE. ) );
#629 = CARTESIAN_POINT ( 'NONE',  ( 0.3199999999999982303, 8.800000000000000711, -0.9500000000000022871 ) ) ;
#630 = COLOUR_RGB ( '',0.9686274509803921573, 0.8784313725490195957, 0.5999999999999999778 ) ;
#631 = COLOUR_RGB ( '',0.3137254901960784270, 0.3137254901960784270, 0.3137254901960784270 ) ;
#632 = AXIS2_PLACEMENT_3D ( 'NONE', #9112, #5857, #6604 ) ;
#633 = ORIENTED_EDGE ( 'NONE', *, *, #9527, .T. ) ;
#634 = FILL_AREA_STYLE ('',( #5512 ) ) ;
#635 = ORIENTED_EDGE ( 'NONE', *, *, #3134, .T. ) ;
#636 = CARTESIAN_POINT ( 'NONE',  ( -0.3200000000000017830, 8.800000000000000711, -1.390000000000002123 ) ) ;
#637 = VERTEX_POINT ( 'NONE', #4240 ) ;
#638 = PLANE ( 'NONE',  #2431 ) ;
#639 = MECHANICAL_DESIGN_GEOMETRIC_PRESENTATION_REPRESENTATION (  '', ( #4294 ), #5784 ) ;
#640 = COLOUR_RGB ( '',0.9686274509803921573, 0.8784313725490195957, 0.5999999999999999778 ) ;
#641 = SURFACE_STYLE_FILL_AREA ( #10028 ) ;
#642 = CARTESIAN_POINT ( 'NONE',  ( -5.400000000000003020, 8.371098615898084461, 0.9499999999999971800 ) ) ;
#643 = FILL_AREA_STYLE ('',( #7847 ) ) ;
#644 = VECTOR ( 'NONE', #3289, 1000.000000000000000 ) ;
#645 =( GEOMETRIC_REPRESENTATION_CONTEXT ( 3 ) GLOBAL_UNCERTAINTY_ASSIGNED_CONTEXT ( ( #8635 ) ) GLOBAL_UNIT_ASSIGNED_CONTEXT ( ( #8927, #1312, #1738 ) ) REPRESENTATION_CONTEXT ( 'NONE', 'WORKASPACE' ) );
#646 = SURFACE_STYLE_FILL_AREA ( #1388 ) ;
#647 = ADVANCED_FACE ( 'NONE', ( #8100 ), #5788, .T. ) ;
#648 = SURFACE_STYLE_USAGE ( .BOTH. , #1389 ) ;
#649 = ORIENTED_EDGE ( 'NONE', *, *, #8205, .F. ) ;
#650 = FILL_AREA_STYLE ('',( #7808 ) ) ;
#651 = DIRECTION ( 'NONE',  ( 0.0000000000000000000, 0.0000000000000000000, 1.000000000000000000 ) ) ;
#652 =( NAMED_UNIT ( * ) PLANE_ANGLE_UNIT ( ) SI_UNIT ( $, .RADIAN. ) );
#653 = CARTESIAN_POINT ( 'NONE',  ( -4.015304598860760521, 7.922709448335786497, 4.549999999999999822 ) ) ;
#654 = AXIS2_PLACEMENT_3D ( 'NONE', #6334, #6178, #3081 ) ;
#655 =( NAMED_UNIT ( * ) PLANE_ANGLE_UNIT ( ) SI_UNIT ( $, .RADIAN. ) );
#656 = CARTESIAN_POINT ( 'NONE',  ( 5.204906964573652317, -3.000000000000000000, -1.394906964573656039 ) ) ;
#657 = VECTOR ( 'NONE', #695, 1000.000000000000000 ) ;
#658 = AXIS2_PLACEMENT_3D ( 'NONE', #7462, #8202, #1854 ) ;
#659 = LINE ( 'NONE', #3844, #6282 ) ;
#660 = VECTOR ( 'NONE', #5303, 1000.000000000000000 ) ;
#661 = ORIENTED_EDGE ( 'NONE', *, *, #4196, .F. ) ;
#662 = CARTESIAN_POINT ( 'NONE',  ( 5.399999999999998579, 8.800000000000000711, -1.150000000000003020 ) ) ;
#663 = DIRECTION ( 'NONE',  ( -3.070690223892709539E-16, 0.4226182617406972208, 0.9063077870366510469 ) ) ;
#664 = DIRECTION ( 'NONE',  ( 0.0000000000000000000, -1.000000000000000000, 0.0000000000000000000 ) ) ;
#665 = SURFACE_STYLE_USAGE ( .BOTH. , #3265 ) ;
#666 = UNCERTAINTY_MEASURE_WITH_UNIT (LENGTH_MEASURE( 1.000000000000000082E-05 ), #9958, 'distance_accuracy_value', 'NONE');
#667 = STYLED_ITEM ( 'NONE', ( #4718 ), #3803 ) ;
#668 =( NAMED_UNIT ( * ) SI_UNIT ( $, .STERADIAN. ) SOLID_ANGLE_UNIT ( ) );
#669 = CARTESIAN_POINT ( 'NONE',  ( 5.199999999999998401, 8.800000000000000711, -1.390000000000001901 ) ) ;
#670 = EDGE_CURVE ( 'NONE', #6894, #95, #213, .T. ) ;
#671 = VECTOR ( 'NONE', #9849, 1000.000000000000000 ) ;
#672 = EDGE_LOOP ( 'NONE', ( #675, #7806, #537, #3870 ) ) ;
#673 = PRESENTATION_STYLE_ASSIGNMENT (( #7787 ) ) ;
#674 = ORIENTED_EDGE ( 'NONE', *, *, #1579, .F. ) ;
#675 = ORIENTED_EDGE ( 'NONE', *, *, #626, .T. ) ;
#676 = PRESENTATION_LAYER_ASSIGNMENT (  '', '', ( #3335 ) ) ;
#677 = UNCERTAINTY_MEASURE_WITH_UNIT (LENGTH_MEASURE( 1.000000000000000082E-05 ), #6147, 'distance_accuracy_value', 'NONE');
#678 = SURFACE_STYLE_USAGE ( .BOTH. , #2345 ) ;
#679 = CARTESIAN_POINT ( 'NONE',  ( 5.399999999999996803, 8.371098615898084461, 1.589999999999997415 ) ) ;
#680 = CARTESIAN_POINT ( 'NONE',  ( -5.400000000000003020, 8.800000000000000711, 0.9499999999999971800 ) ) ;
#681 = EDGE_CURVE ( 'NONE', #5391, #4706, #1593, .T. ) ;
#682 =( GEOMETRIC_REPRESENTATION_CONTEXT ( 3 ) GLOBAL_UNCERTAINTY_ASSIGNED_CONTEXT ( ( #4664 ) ) GLOBAL_UNIT_ASSIGNED_CONTEXT ( ( #7803, #6188, #7751 ) ) REPRESENTATION_CONTEXT ( 'NONE', 'WORKASPACE' ) );
#683 = VERTEX_POINT ( 'NONE', #2468 ) ;
#684 = ORIENTED_EDGE ( 'NONE', *, *, #7400, .F. ) ;
#685 = CARTESIAN_POINT ( 'NONE',  ( 7.500000000000000000, -0.1000000000000000056, 2.699999999999999289 ) ) ;
#686 = CARTESIAN_POINT ( 'NONE',  ( -2.860000000000002540, -2.599999999999996536, 0.9499999999999971800 ) ) ;
#687 = FACE_OUTER_BOUND ( 'NONE', #6467, .T. ) ;
#688 = ORIENTED_EDGE ( 'NONE', *, *, #1697, .F. ) ;
#689 = PLANE ( 'NONE',  #4442 ) ;
#690 = CARTESIAN_POINT ( 'NONE',  ( -8.859999999999997655, 8.400000000000002132, 3.200000000000000622 ) ) ;
#691 = DIRECTION ( 'NONE',  ( 0.0000000000000000000, -1.000000000000000000, 0.0000000000000000000 ) ) ;
#692 = DIRECTION ( 'NONE',  ( 0.8987940462991671486, 0.4383711467890771263, 0.0000000000000000000 ) ) ;
#693 = VECTOR ( 'NONE', #7098, 1000.000000000000000 ) ;
#694 =( GEOMETRIC_REPRESENTATION_CONTEXT ( 3 ) GLOBAL_UNCERTAINTY_ASSIGNED_CONTEXT ( ( #7529 ) ) GLOBAL_UNIT_ASSIGNED_CONTEXT ( ( #189, #3271, #7321 ) ) REPRESENTATION_CONTEXT ( 'NONE', 'WORKASPACE' ) );
#695 = DIRECTION ( 'NONE',  ( 0.0000000000000000000, 0.0000000000000000000, -1.000000000000000000 ) ) ;
#696 = SURFACE_STYLE_FILL_AREA ( #643 ) ;
#697 = EDGE_CURVE ( 'NONE', #5573, #8661, #6620, .T. ) ;
#698 = DIRECTION ( 'NONE',  ( -0.0000000000000000000, 0.0000000000000000000, 1.000000000000000000 ) ) ;
#699 = VECTOR ( 'NONE', #8494, 1000.000000000000000 ) ;
#700 = FILL_AREA_STYLE_COLOUR ( '', #5143 ) ;
#701 = PRESENTATION_LAYER_ASSIGNMENT (  '', '', ( #856 ) ) ;
#702 = DIRECTION ( 'NONE',  ( 0.0000000000000000000, 0.0000000000000000000, -1.000000000000000000 ) ) ;
#703 = ORIENTED_EDGE ( 'NONE', *, *, #4616, .F. ) ;
#704 = UNCERTAINTY_MEASURE_WITH_UNIT (LENGTH_MEASURE( 1.000000000000000082E-05 ), #1287, 'distance_accuracy_value', 'NONE');
#705 =( NAMED_UNIT ( * ) PLANE_ANGLE_UNIT ( ) SI_UNIT ( $, .RADIAN. ) );
#706 = FILL_AREA_STYLE_COLOUR ( '', #5072 ) ;
#707 = SURFACE_SIDE_STYLE ('',( #7153 ) ) ;
#708 = VECTOR ( 'NONE', #229, 1000.000000000000000 ) ;
#709 = CARTESIAN_POINT ( 'NONE',  ( -4.015304598860760521, 7.922709448335786497, 4.549999999999999822 ) ) ;
#710 = FACE_OUTER_BOUND ( 'NONE', #8964, .T. ) ;
#711 =( NAMED_UNIT ( * ) SI_UNIT ( $, .STERADIAN. ) SOLID_ANGLE_UNIT ( ) );
#712 = VERTEX_POINT ( 'NONE', #4973 ) ;
#713 = VERTEX_POINT ( 'NONE', #853 ) ;
#714 = DIRECTION ( 'NONE',  ( 1.000000000000000000, 0.0000000000000000000, 1.694065894508600925E-16 ) ) ;
#715 = FACE_OUTER_BOUND ( 'NONE', #4377, .T. ) ;
#716 = SURFACE_SIDE_STYLE ('',( #7058 ) ) ;
#717 = SURFACE_SIDE_STYLE ('',( #8629 ) ) ;
#718 = EDGE_CURVE ( 'NONE', #9620, #1425, #1052, .T. ) ;
#719 = DIRECTION ( 'NONE',  ( -1.000000000000000000, -0.0000000000000000000, -0.0000000000000000000 ) ) ;
#720 = CARTESIAN_POINT ( 'NONE',  ( -5.400000000000003020, 8.800000000000000711, 0.9499999999999971800 ) ) ;
#721 = ORIENTED_EDGE ( 'NONE', *, *, #7594, .T. ) ;
#722 = ORIENTED_EDGE ( 'NONE', *, *, #5617, .F. ) ;
#724 = ORIENTED_EDGE ( 'NONE', *, *, #2762, .F. ) ;
#723 =( NAMED_UNIT ( * ) SI_UNIT ( $, .STERADIAN. ) SOLID_ANGLE_UNIT ( ) );
#725 = SURFACE_SIDE_STYLE ('',( #6372 ) ) ;
#726 = LINE ( 'NONE', #3915, #7446 ) ;
#727 = CARTESIAN_POINT ( 'NONE',  ( -4.955093035426349601, -3.000000000000000000, 0.0000000000000000000 ) ) ;
#728 = SURFACE_STYLE_FILL_AREA ( #6223 ) ;
#729 =( NAMED_UNIT ( * ) PLANE_ANGLE_UNIT ( ) SI_UNIT ( $, .RADIAN. ) );
#730 =( LENGTH_UNIT ( ) NAMED_UNIT ( * ) SI_UNIT ( .MILLI., .METRE. ) );
#731 = VECTOR ( 'NONE', #6239, 1000.000000000000000 ) ;
#732 = MECHANICAL_DESIGN_GEOMETRIC_PRESENTATION_REPRESENTATION (  '', ( #3224 ), #7849 ) ;
#733 = ORIENTED_EDGE ( 'NONE', *, *, #1033, .F. ) ;
#734 = VERTEX_POINT ( 'NONE', #5630 ) ;
#735 = EDGE_CURVE ( 'NONE', #3531, #1557, #7873, .T. ) ;
#736 = PLANE ( 'NONE',  #7076 ) ;
#737 = MECHANICAL_DESIGN_GEOMETRIC_PRESENTATION_REPRESENTATION (  '', ( #1063 ), #6873 ) ;
#738 = FACE_BOUND ( 'NONE', #7201, .T. ) ;
#739 =( NAMED_UNIT ( * ) SI_UNIT ( $, .STERADIAN. ) SOLID_ANGLE_UNIT ( ) );
#740 = ORIENTED_EDGE ( 'NONE', *, *, #4248, .T. ) ;
#741 = CARTESIAN_POINT ( 'NONE',  ( 7.620000000000000107, -3.000000000000000000, 0.0000000000000000000 ) ) ;
#742 = EDGE_CURVE ( 'NONE', #10107, #9820, #4917, .T. ) ;
#743 = STYLED_ITEM ( 'NONE', ( #397 ), #410 ) ;
#744 = SURFACE_SIDE_STYLE ('',( #6138 ) ) ;
#745 = AXIS2_PLACEMENT_3D ( 'NONE', #6470, #908, #864 ) ;
#746 = SURFACE_STYLE_USAGE ( .BOTH. , #3829 ) ;
#747 = DIRECTION ( 'NONE',  ( 1.734723475976802677E-14, 0.0000000000000000000, 1.000000000000000000 ) ) ;
#748 = PRESENTATION_STYLE_ASSIGNMENT (( #7092 ) ) ;
#749 =( GEOMETRIC_REPRESENTATION_CONTEXT ( 3 ) GLOBAL_UNCERTAINTY_ASSIGNED_CONTEXT ( ( #4413 ) ) GLOBAL_UNIT_ASSIGNED_CONTEXT ( ( #5269, #6729, #1182 ) ) REPRESENTATION_CONTEXT ( 'NONE', 'WORKASPACE' ) );
#750 = SURFACE_STYLE_USAGE ( .BOTH. , #11 ) ;
#751 =( GEOMETRIC_REPRESENTATION_CONTEXT ( 3 ) GLOBAL_UNCERTAINTY_ASSIGNED_CONTEXT ( ( #8880 ) ) GLOBAL_UNIT_ASSIGNED_CONTEXT ( ( #72, #1020, #3263 ) ) REPRESENTATION_CONTEXT ( 'NONE', 'WORKASPACE' ) );
#752 = CARTESIAN_POINT ( 'NONE',  ( -7.849999999999999645, 0.0000000000000000000, -4.449999999999999289 ) ) ;
#753 = MECHANICAL_DESIGN_GEOMETRIC_PRESENTATION_REPRESENTATION (  '', ( #8331 ), #7367 ) ;
#754 = ORIENTED_EDGE ( 'NONE', *, *, #7088, .F. ) ;
#755 = ADVANCED_FACE ( 'NONE', ( #2523 ), #1740, .T. ) ;
#756 = SURFACE_STYLE_FILL_AREA ( #6252 ) ;
#757 = MECHANICAL_DESIGN_GEOMETRIC_PRESENTATION_REPRESENTATION (  '', ( #9012 ), #3086 ) ;
#758 = VECTOR ( 'NONE', #2621, 1000.000000000000000 ) ;
#759 = PLANE ( 'NONE',  #5497 ) ;
#760 = AXIS2_PLACEMENT_3D ( 'NONE', #2819, #9270, #10130 ) ;
#761 = DIRECTION ( 'NONE',  ( 0.0000000000000000000, -1.000000000000000000, 0.0000000000000000000 ) ) ;
#762 = COLOUR_RGB ( '',0.9686274509803921573, 0.8784313725490195957, 0.5999999999999999778 ) ;
#763 = ORIENTED_EDGE ( 'NONE', *, *, #7211, .T. ) ;
#764 = VERTEX_POINT ( 'NONE', #1423 ) ;
#765 = CARTESIAN_POINT ( 'NONE',  ( -9.459999999999993747, 9.000000000000000000, -3.799999999999996270 ) ) ;
#766 = FACE_OUTER_BOUND ( 'NONE', #3282, .T. ) ;
#767 =( LENGTH_UNIT ( ) NAMED_UNIT ( * ) SI_UNIT ( .MILLI., .METRE. ) );
#768 = PLANE ( 'NONE',  #9645 ) ;
#769 = DIRECTION ( 'NONE',  ( 0.0000000000000000000, -1.000000000000000000, 0.0000000000000000000 ) ) ;
#770 = UNCERTAINTY_MEASURE_WITH_UNIT (LENGTH_MEASURE( 1.000000000000000082E-05 ), #10185, 'distance_accuracy_value', 'NONE');
#771 = DIRECTION ( 'NONE',  ( -1.000000000000000000, 0.0000000000000000000, -0.0000000000000000000 ) ) ;
#772 =( NAMED_UNIT ( * ) SI_UNIT ( $, .STERADIAN. ) SOLID_ANGLE_UNIT ( ) );
#773 = FACE_OUTER_BOUND ( 'NONE', #2108, .T. ) ;
#774 = FACE_OUTER_BOUND ( 'NONE', #1204, .T. ) ;
#775 = VERTEX_POINT ( 'NONE', #4290 ) ;
#776 = VERTEX_POINT ( 'NONE', #10175 ) ;
#777 = ORIENTED_EDGE ( 'NONE', *, *, #6857, .F. ) ;
#778 = UNCERTAINTY_MEASURE_WITH_UNIT (LENGTH_MEASURE( 1.000000000000000082E-05 ), #1721, 'distance_accuracy_value', 'NONE');
#779 =( LENGTH_UNIT ( ) NAMED_UNIT ( * ) SI_UNIT ( .MILLI., .METRE. ) );
#780 = EDGE_CURVE ( 'NONE', #1560, #8527, #571, .T. ) ;
#781 = SURFACE_SIDE_STYLE ('',( #728 ) ) ;
#782 = DIRECTION ( 'NONE',  ( 1.000000000000000000, 0.0000000000000000000, 3.388131789017201849E-16 ) ) ;
#783 = SURFACE_STYLE_FILL_AREA ( #5600 ) ;
#784 = SURFACE_STYLE_FILL_AREA ( #4160 ) ;
#785 = STYLED_ITEM ( 'NONE', ( #8965 ), #2374 ) ;
#786 = VERTEX_POINT ( 'NONE', #6917 ) ;
#787 = CARTESIAN_POINT ( 'NONE',  ( 8.859999999999999432, 6.199999999999999289, 1.750000000000000222 ) ) ;
#788 = ORIENTED_EDGE ( 'NONE', *, *, #9621, .F. ) ;
#789 = COLOUR_RGB ( '',0.3137254901960784270, 0.3137254901960784270, 0.3137254901960784270 ) ;
#790 =( LENGTH_UNIT ( ) NAMED_UNIT ( * ) SI_UNIT ( .MILLI., .METRE. ) );
#791 = ORIENTED_EDGE ( 'NONE', *, *, #1437, .F. ) ;
#792 =( NAMED_UNIT ( * ) PLANE_ANGLE_UNIT ( ) SI_UNIT ( $, .RADIAN. ) );
#793 = PLANE ( 'NONE',  #6552 ) ;
#794 = CARTESIAN_POINT ( 'NONE',  ( 2.250000000000000444, 9.000000000000000000, 3.799999999999997158 ) ) ;
#795 = VECTOR ( 'NONE', #4887, 1000.000000000000000 ) ;
#796 = EDGE_CURVE ( 'NONE', #4673, #4915, #6012, .T. ) ;
#797 = VECTOR ( 'NONE', #4423, 1000.000000000000000 ) ;
#798 = LINE ( 'NONE', #9495, #528 ) ;
#799 = PRESENTATION_STYLE_ASSIGNMENT (( #3147 ) ) ;
#800 = DIRECTION ( 'NONE',  ( 1.000000000000000000, -0.0000000000000000000, -0.0000000000000000000 ) ) ;
#801 = PRESENTATION_LAYER_ASSIGNMENT (  '', '', ( #5602 ) ) ;
#802 = ADVANCED_FACE ( 'NONE', ( #2197 ), #2871, .F. ) ;
#803 = STYLED_ITEM ( 'NONE', ( #6967 ), #7176 ) ;
#804 = EDGE_LOOP ( 'NONE', ( #1028, #5076, #7511, #10052 ) ) ;
#805 =( NAMED_UNIT ( * ) PLANE_ANGLE_UNIT ( ) SI_UNIT ( $, .RADIAN. ) );
#806 = ORIENTED_EDGE ( 'NONE', *, *, #3043, .T. ) ;
#807 = UNCERTAINTY_MEASURE_WITH_UNIT (LENGTH_MEASURE( 1.000000000000000082E-05 ), #1881, 'distance_accuracy_value', 'NONE');
#808 = LINE ( 'NONE', #6146, #2240 ) ;
#809 = CARTESIAN_POINT ( 'NONE',  ( 2.859999999999996767, 8.800000000000000711, 1.589999999999997415 ) ) ;
#810 = STYLED_ITEM ( 'NONE', ( #3003 ), #8115 ) ;
#811 =( LENGTH_UNIT ( ) NAMED_UNIT ( * ) SI_UNIT ( .MILLI., .METRE. ) );
#812 = EDGE_CURVE ( 'NONE', #9324, #7259, #1315, .T. ) ;
#813 = DIRECTION ( 'NONE',  ( 3.045232680045606804E-16, 0.4383711467890774038, -0.8987940462991670376 ) ) ;
#814 = ADVANCED_FACE ( 'NONE', ( #6867 ), #2144, .F. ) ;
#815 = ORIENTED_EDGE ( 'NONE', *, *, #2392, .T. ) ;
#816 = ORIENTED_EDGE ( 'NONE', *, *, #2974, .T. ) ;
#817 = CARTESIAN_POINT ( 'NONE',  ( 8.860000000000001208, 1.299999999999999156, 3.200000000000000622 ) ) ;
#818 = AXIS2_PLACEMENT_3D ( 'NONE', #4293, #8151, #4247 ) ;
#819 = PRESENTATION_LAYER_ASSIGNMENT (  '', '', ( #2155 ) ) ;
#820 = CARTESIAN_POINT ( 'NONE',  ( 7.850000000000001421, 0.0000000000000000000, -4.549999999999999822 ) ) ;
#821 =( NAMED_UNIT ( * ) PLANE_ANGLE_UNIT ( ) SI_UNIT ( $, .RADIAN. ) );
#822 = PLANE ( 'NONE',  #658 ) ;
#823 = PRESENTATION_STYLE_ASSIGNMENT (( #7967 ) ) ;
#824 =( GEOMETRIC_REPRESENTATION_CONTEXT ( 3 ) GLOBAL_UNCERTAINTY_ASSIGNED_CONTEXT ( ( #1418 ) ) GLOBAL_UNIT_ASSIGNED_CONTEXT ( ( #965, #8160, #3322 ) ) REPRESENTATION_CONTEXT ( 'NONE', 'WORKASPACE' ) );
#825 = MECHANICAL_DESIGN_GEOMETRIC_PRESENTATION_REPRESENTATION (  '', ( #2814 ), #4656 ) ;
#826 = STYLED_ITEM ( 'NONE', ( #2713 ), #8587 ) ;
#827 = ORIENTED_EDGE ( 'NONE', *, *, #8178, .F. ) ;
#828 = ORIENTED_EDGE ( 'NONE', *, *, #9283, .F. ) ;
#830 = VERTEX_POINT ( 'NONE', #4891 ) ;
#829 = SURFACE_STYLE_FILL_AREA ( #5546 ) ;
#831 = PRESENTATION_STYLE_ASSIGNMENT (( #7071 ) ) ;
#832 =( GEOMETRIC_REPRESENTATION_CONTEXT ( 3 ) GLOBAL_UNCERTAINTY_ASSIGNED_CONTEXT ( ( #366 ) ) GLOBAL_UNIT_ASSIGNED_CONTEXT ( ( #1217, #8488, #4382 ) ) REPRESENTATION_CONTEXT ( 'NONE', 'WORKASPACE' ) );
#833 = FILL_AREA_STYLE_COLOUR ( '', #1906 ) ;
#834 = AXIS2_PLACEMENT_3D ( 'NONE', #9873, #5918, #6921 ) ;
#835 = FILL_AREA_STYLE ('',( #3227 ) ) ;
#836 = PLANE ( 'NONE',  #4505 ) ;
#837 = VECTOR ( 'NONE', #1085, 1000.000000000000000 ) ;
#838 = ORIENTED_EDGE ( 'NONE', *, *, #8302, .T. ) ;
#839 = PLANE ( 'NONE',  #9772 ) ;
#840 = VECTOR ( 'NONE', #3360, 1000.000000000000000 ) ;
#841 = ORIENTED_EDGE ( 'NONE', *, *, #4750, .T. ) ;
#842 = DIRECTION ( 'NONE',  ( -1.000000000000000000, 0.0000000000000000000, -3.388131789017201849E-16 ) ) ;
#843 =( NAMED_UNIT ( * ) SI_UNIT ( $, .STERADIAN. ) SOLID_ANGLE_UNIT ( ) );
#844 = ORIENTED_EDGE ( 'NONE', *, *, #9333, .T. ) ;
#845 = DIRECTION ( 'NONE',  ( 3.070690223892710525E-16, 0.4226182617406968878, -0.9063077870366512689 ) ) ;
#846 =( NAMED_UNIT ( * ) PLANE_ANGLE_UNIT ( ) SI_UNIT ( $, .RADIAN. ) );
#847 = COLOUR_RGB ( '',0.9686274509803921573, 0.8784313725490195957, 0.5999999999999999778 ) ;
#848 = FILL_AREA_STYLE_COLOUR ( '', #6332 ) ;
#849 = EDGE_CURVE ( 'NONE', #7903, #8403, #922, .T. ) ;
#850 = COLOUR_RGB ( '',0.9686274509803921573, 0.8784313725490195957, 0.5999999999999999778 ) ;
#851 = DIRECTION ( 'NONE',  ( -0.0000000000000000000, 1.000000000000000000, -0.0000000000000000000 ) ) ;
#852 = EDGE_LOOP ( 'NONE', ( #5357, #4317, #2839, #2090, #2002, #6797, #9795, #3065, #3031, #5897, #4005, #1404 ) ) ;
#853 = CARTESIAN_POINT ( 'NONE',  ( -4.760000000000002451, -2.599999999999996536, -1.590000000000002300 ) ) ;
#854 = FILL_AREA_STYLE_COLOUR ( '', #3349 ) ;
#855 = AXIS2_PLACEMENT_3D ( 'NONE', #1947, #3559, #6717 ) ;
#856 = STYLED_ITEM ( 'NONE', ( #2047 ), #4952 ) ;
#857 = SURFACE_STYLE_USAGE ( .BOTH. , #2850 ) ;
#858 = SURFACE_STYLE_USAGE ( .BOTH. , #4672 ) ;
#859 =( NAMED_UNIT ( * ) SI_UNIT ( $, .STERADIAN. ) SOLID_ANGLE_UNIT ( ) );
#860 = ORIENTED_EDGE ( 'NONE', *, *, #5249, .T. ) ;
#861 = EDGE_CURVE ( 'NONE', #2380, #8992, #144, .T. ) ;
#862 = VERTEX_POINT ( 'NONE', #8797 ) ;
#863 = LINE ( 'NONE', #6415, #4108 ) ;
#864 = DIRECTION ( 'NONE',  ( 0.0000000000000000000, -0.0000000000000000000, -1.000000000000000000 ) ) ;
#865 = EDGE_CURVE ( 'NONE', #4749, #6783, #8592, .T. ) ;
#866 = LINE ( 'NONE', #5540, #4999 ) ;
#867 = EDGE_CURVE ( 'NONE', #3499, #3079, #9582, .T. ) ;
#868 = EDGE_LOOP ( 'NONE', ( #6349, #5908, #649, #7538 ) ) ;
#869 = ORIENTED_EDGE ( 'NONE', *, *, #8980, .F. ) ;
#870 = ORIENTED_EDGE ( 'NONE', *, *, #2392, .F. ) ;
#871 = FILL_AREA_STYLE ('',( #3175 ) ) ;
#872 = SURFACE_STYLE_FILL_AREA ( #6374 ) ;
#873 = DIRECTION ( 'NONE',  ( 0.0000000000000000000, 0.0000000000000000000, -1.000000000000000000 ) ) ;
#874 = FACE_OUTER_BOUND ( 'NONE', #6149, .T. ) ;
#875 = DIRECTION ( 'NONE',  ( 1.000000000000000000, 0.0000000000000000000, 0.0000000000000000000 ) ) ;
#876 = PRESENTATION_STYLE_ASSIGNMENT (( #8694 ) ) ;
#877 = EDGE_LOOP ( 'NONE', ( #2942, #4843, #5704, #1150 ) ) ;
#878 =( LENGTH_UNIT ( ) NAMED_UNIT ( * ) SI_UNIT ( .MILLI., .METRE. ) );
#879 = VERTEX_POINT ( 'NONE', #7932 ) ;
#880 = CARTESIAN_POINT ( 'NONE',  ( -5.400000000000002132, 8.800000000000000711, -1.390000000000002123 ) ) ;
#881 = CARTESIAN_POINT ( 'NONE',  ( 7.620000000000000107, -3.000000000000000000, -1.145093035426346884 ) ) ;
#882 = ORIENTED_EDGE ( 'NONE', *, *, #9878, .F. ) ;
#883 = DIRECTION ( 'NONE',  ( -1.000000000000000000, 0.0000000000000000000, -3.388131789017201849E-16 ) ) ;
#884 =( NAMED_UNIT ( * ) SI_UNIT ( $, .STERADIAN. ) SOLID_ANGLE_UNIT ( ) );
#885 = SURFACE_STYLE_USAGE ( .BOTH. , #5369 ) ;
#886 = AXIS2_PLACEMENT_3D ( 'NONE', #8968, #1877, #5013 ) ;
#887 = SURFACE_STYLE_FILL_AREA ( #6651 ) ;
#888 = CYLINDRICAL_SURFACE ( 'NONE', #5123, 0.5000000000000008882 ) ;
#889 = VECTOR ( 'NONE', #2497, 1000.000000000000000 ) ;
#890 =( LENGTH_UNIT ( ) NAMED_UNIT ( * ) SI_UNIT ( .MILLI., .METRE. ) );
#891 = CARTESIAN_POINT ( 'NONE',  ( 10.15999999999999837, 0.0000000000000000000, -1.650000000000001465 ) ) ;
#892 = ORIENTED_EDGE ( 'NONE', *, *, #6933, .T. ) ;
#893 = DIRECTION ( 'NONE',  ( 0.0000000000000000000, -1.000000000000000000, 0.0000000000000000000 ) ) ;
#894 = UNCERTAINTY_MEASURE_WITH_UNIT (LENGTH_MEASURE( 1.000000000000000082E-05 ), #3529, 'distance_accuracy_value', 'NONE');
#895 = VECTOR ( 'NONE', #7620, 1000.000000000000000 ) ;
#896 = FILL_AREA_STYLE ('',( #8930 ) ) ;
#897 = EDGE_CURVE ( 'NONE', #6166, #1030, #1614, .T. ) ;
#898 = FILL_AREA_STYLE ('',( #8774 ) ) ;
#899 = MECHANICAL_DESIGN_GEOMETRIC_PRESENTATION_REPRESENTATION (  '', ( #3407 ), #4099 ) ;
#900 = MECHANICAL_DESIGN_GEOMETRIC_PRESENTATION_REPRESENTATION (  '', ( #4574 ), #5071 ) ;
#901 = VECTOR ( 'NONE', #9295, 1000.000000000000000 ) ;
#902 = CARTESIAN_POINT ( 'NONE',  ( 9.459999999999997300, 9.000000000000000000, 3.799999999999997158 ) ) ;
#903 = VERTEX_POINT ( 'NONE', #2387 ) ;
#904 = ORIENTED_EDGE ( 'NONE', *, *, #4699, .T. ) ;
#905 = DIRECTION ( 'NONE',  ( 1.000000000000000000, 0.0000000000000000000, 3.388131789017201849E-16 ) ) ;
#906 = VECTOR ( 'NONE', #5608, 1000.000000000000000 ) ;
#907 =( NAMED_UNIT ( * ) SI_UNIT ( $, .STERADIAN. ) SOLID_ANGLE_UNIT ( ) );
#908 = DIRECTION ( 'NONE',  ( 0.0000000000000000000, -1.000000000000000000, 0.0000000000000000000 ) ) ;
#909 = EDGE_CURVE ( 'NONE', #7788, #776, #7174, .T. ) ;
#910 = CARTESIAN_POINT ( 'NONE',  ( 0.0000000000000000000, -0.1000000000000000056, 3.200000000000000178 ) ) ;
#911 = ADVANCED_FACE ( 'NONE', ( #2500 ), #10225, .T. ) ;
#912 = VERTEX_POINT ( 'NONE', #10276 ) ;
#913 = EDGE_CURVE ( 'NONE', #3185, #10119, #4366, .T. ) ;
#914 = VECTOR ( 'NONE', #396, 1000.000000000000000 ) ;
#915 = VERTEX_POINT ( 'NONE', #1819 ) ;
#916 = ORIENTED_EDGE ( 'NONE', *, *, #2364, .T. ) ;
#917 = DIRECTION ( 'NONE',  ( 0.0000000000000000000, 0.0000000000000000000, -1.000000000000000000 ) ) ;
#918 = CARTESIAN_POINT ( 'NONE',  ( 0.1249069645736528705, -3.000000000000000000, 1.394906964573652930 ) ) ;
#919 = CARTESIAN_POINT ( 'NONE',  ( -2.860000000000002540, 1.299999999999999156, 1.589999999999997193 ) ) ;
#920 = PLANE ( 'NONE',  #2803 ) ;
#921 = PRESENTATION_LAYER_ASSIGNMENT (  '', '', ( #2925 ) ) ;
#922 = LINE ( 'NONE', #9379, #1932 ) ;
#923 = CARTESIAN_POINT ( 'NONE',  ( 0.3199999999999973976, 8.371098615898084461, 1.589999999999997415 ) ) ;
#924 = PRESENTATION_LAYER_ASSIGNMENT (  '', '', ( #1584 ) ) ;
#925 = EDGE_CURVE ( 'NONE', #1403, #4715, #8958, .T. ) ;
#926 = DIRECTION ( 'NONE',  ( 0.0000000000000000000, -1.000000000000000000, 0.0000000000000000000 ) ) ;
#927 = VECTOR ( 'NONE', #3673, 999.9999999999998863 ) ;
#928 = ORIENTED_EDGE ( 'NONE', *, *, #25, .T. ) ;
#929 = EDGE_CURVE ( 'NONE', #10257, #1269, #1866, .T. ) ;
#930 = CARTESIAN_POINT ( 'NONE',  ( -5.179942183009293544, -3.461009071065142439, -1.170057816990711430 ) ) ;
#931 = SURFACE_STYLE_USAGE ( .BOTH. , #8029 ) ;
#932 = ORIENTED_EDGE ( 'NONE', *, *, #2530, .F. ) ;
#933 = ORIENTED_EDGE ( 'NONE', *, *, #1226, .F. ) ;
#934 = DIRECTION ( 'NONE',  ( 0.0000000000000000000, 0.0000000000000000000, 1.000000000000000000 ) ) ;
#935 = MECHANICAL_DESIGN_GEOMETRIC_PRESENTATION_REPRESENTATION (  '', ( #9368 ), #4928 ) ;
#936 = CARTESIAN_POINT ( 'NONE',  ( 2.539999999999999591, 0.0000000000000000000, 1.589999999999998970 ) ) ;
#937 = CARTESIAN_POINT ( 'NONE',  ( 4.759999999999998899, 8.800000000000000711, -0.9500000000000025091 ) ) ;
#938 = AXIS2_PLACEMENT_3D ( 'NONE', #9653, #8086, #934 ) ;
#939 = FILL_AREA_STYLE_COLOUR ( '', #6321 ) ;
#940 = PRESENTATION_LAYER_ASSIGNMENT (  '', '', ( #5421 ) ) ;
#941 = LINE ( 'NONE', #8809, #6598 ) ;
#942 = PRESENTATION_STYLE_ASSIGNMENT (( #750 ) ) ;
#943 = STYLED_ITEM ( 'NONE', ( #2438 ), #2455 ) ;
#944 = EDGE_LOOP ( 'NONE', ( #2670, #8801, #5179, #5720 ) ) ;
#945 = CARTESIAN_POINT ( 'NONE',  ( -0.3200000000000017275, 0.0000000000000000000, -0.9500000000000025091 ) ) ;
#946 = STYLED_ITEM ( 'NONE', ( #4811 ), #6844 ) ;
#947 = LINE ( 'NONE', #1692, #1921 ) ;
#948 = FACE_OUTER_BOUND ( 'NONE', #6766, .T. ) ;
#949 = LINE ( 'NONE', #1114, #7001 ) ;
#950 = AXIS2_PLACEMENT_3D ( 'NONE', #4654, #692, #532 ) ;
#951 = PRESENTATION_STYLE_ASSIGNMENT (( #6673 ) ) ;
#952 = SURFACE_STYLE_FILL_AREA ( #8049 ) ;
#953 = ADVANCED_FACE ( 'NONE', ( #5003 ), #4218, .T. ) ;
#954 = DIRECTION ( 'NONE',  ( 0.0000000000000000000, -1.000000000000000000, 0.0000000000000000000 ) ) ;
#955 = ORIENTED_EDGE ( 'NONE', *, *, #4401, .F. ) ;
#956 = VERTEX_POINT ( 'NONE', #5765 ) ;
#957 = FILL_AREA_STYLE ('',( #6360 ) ) ;
#958 =( NAMED_UNIT ( * ) SI_UNIT ( $, .STERADIAN. ) SOLID_ANGLE_UNIT ( ) );
#959 = SURFACE_SIDE_STYLE ('',( #1756 ) ) ;
#960 = LINE ( 'NONE', #8824, #2536 ) ;
#961 =( LENGTH_UNIT ( ) NAMED_UNIT ( * ) SI_UNIT ( .MILLI., .METRE. ) );
#962 = VECTOR ( 'NONE', #5651, 1000.000000000000000 ) ;
#963 = LINE ( 'NONE', #7125, #3446 ) ;
#964 = SURFACE_STYLE_USAGE ( .BOTH. , #8828 ) ;
#965 =( LENGTH_UNIT ( ) NAMED_UNIT ( * ) SI_UNIT ( .MILLI., .METRE. ) );
#966 =( GEOMETRIC_REPRESENTATION_CONTEXT ( 3 ) GLOBAL_UNCERTAINTY_ASSIGNED_CONTEXT ( ( #2050 ) ) GLOBAL_UNIT_ASSIGNED_CONTEXT ( ( #2026, #6811, #4332 ) ) REPRESENTATION_CONTEXT ( 'NONE', 'WORKASPACE' ) );
#967 = PRESENTATION_LAYER_ASSIGNMENT (  '', '', ( #1806 ) ) ;
#968 = EDGE_CURVE ( 'NONE', #31, #9673, #8214, .T. ) ;
#969 = ORIENTED_EDGE ( 'NONE', *, *, #7895, .F. ) ;
#970 = PRESENTATION_LAYER_ASSIGNMENT (  '', '', ( #2635 ) ) ;
#971 = ORIENTED_EDGE ( 'NONE', *, *, #3517, .F. ) ;
#973 = ORIENTED_EDGE ( 'NONE', *, *, #8192, .F. ) ;
#972 = SURFACE_SIDE_STYLE ('',( #2541 ) ) ;
#974 = LINE ( 'NONE', #8121, #6419 ) ;
#975 = EDGE_CURVE ( 'NONE', #224, #10207, #5096, .T. ) ;
#976 = PRESENTATION_STYLE_ASSIGNMENT (( #8073 ) ) ;
#977 = CARTESIAN_POINT ( 'NONE',  ( -0.3200000000000025602, 0.0000000000000000000, 0.0000000000000000000 ) ) ;
#978 = CARTESIAN_POINT ( 'NONE',  ( -10.16000000000000014, 9.000000000000000000, 4.549999999999999822 ) ) ;
#979 =( LENGTH_UNIT ( ) NAMED_UNIT ( * ) SI_UNIT ( .MILLI., .METRE. ) );
#980 =( GEOMETRIC_REPRESENTATION_CONTEXT ( 3 ) GLOBAL_UNCERTAINTY_ASSIGNED_CONTEXT ( ( #7634 ) ) GLOBAL_UNIT_ASSIGNED_CONTEXT ( ( #4308, #7255, #8829 ) ) REPRESENTATION_CONTEXT ( 'NONE', 'WORKASPACE' ) );
#981 = UNCERTAINTY_MEASURE_WITH_UNIT (LENGTH_MEASURE( 1.000000000000000082E-05 ), #6230, 'distance_accuracy_value', 'NONE');
#982 = VECTOR ( 'NONE', #4561, 1000.000000000000000 ) ;
#983 =( NAMED_UNIT ( * ) SI_UNIT ( $, .STERADIAN. ) SOLID_ANGLE_UNIT ( ) );
#984 = LINE ( 'NONE', #300, #837 ) ;
#985 = AXIS2_PLACEMENT_3D ( 'NONE', #2884, #1278, #2836 ) ;
#986 =( GEOMETRIC_REPRESENTATION_CONTEXT ( 3 ) GLOBAL_UNCERTAINTY_ASSIGNED_CONTEXT ( ( #2868 ) ) GLOBAL_UNIT_ASSIGNED_CONTEXT ( ( #8384, #8291, #8244 ) ) REPRESENTATION_CONTEXT ( 'NONE', 'WORKASPACE' ) );
#987 =( NAMED_UNIT ( * ) PLANE_ANGLE_UNIT ( ) SI_UNIT ( $, .RADIAN. ) );
#988 = VERTEX_POINT ( 'NONE', #1084 ) ;
#989 = FACE_OUTER_BOUND ( 'NONE', #6008, .T. ) ;
#990 = EDGE_LOOP ( 'NONE', ( #7278, #7773, #443, #133 ) ) ;
#991 = EDGE_LOOP ( 'NONE', ( #5074, #9412, #7725, #2780 ) ) ;
#992 = UNCERTAINTY_MEASURE_WITH_UNIT (LENGTH_MEASURE( 1.000000000000000082E-05 ), #7996, 'distance_accuracy_value', 'NONE');
#993 = FACE_OUTER_BOUND ( 'NONE', #9676, .T. ) ;
#994 = SURFACE_SIDE_STYLE ('',( #3341 ) ) ;
#995 = DIRECTION ( 'NONE',  ( -1.522616340022803649E-16, 0.4383711467890772373, 0.8987940462991671486 ) ) ;
#996 = FILL_AREA_STYLE ('',( #1833 ) ) ;
#997 = FACE_OUTER_BOUND ( 'NONE', #2356, .T. ) ;
#998 = COLOUR_RGB ( '',0.9686274509803921573, 0.8784313725490195957, 0.5999999999999999778 ) ;
#999 = ADVANCED_FACE ( 'NONE', ( #4945 ), #2649, .T. ) ;
#1000 = STYLED_ITEM ( 'NONE', ( #6637 ), #8762 ) ;
#1001 = FACE_OUTER_BOUND ( 'NONE', #4495, .T. ) ;
#1002 = CARTESIAN_POINT ( 'NONE',  ( 2.859999999999996767, 8.800000000000000711, 1.389999999999998570 ) ) ;
#1003 = DIRECTION ( 'NONE',  ( -0.0000000000000000000, 1.000000000000000000, -0.0000000000000000000 ) ) ;
#1004 = CARTESIAN_POINT ( 'NONE',  ( -5.400000000000003020, -2.599999999999996536, 0.9499999999999971800 ) ) ;
#1005 = DIRECTION ( 'NONE',  ( -1.000000000000000000, 0.0000000000000000000, -1.694065894508600925E-16 ) ) ;
#1006 = DIRECTION ( 'NONE',  ( -3.388131789017201849E-16, 0.0000000000000000000, 1.000000000000000000 ) ) ;
#1007 =( GEOMETRIC_REPRESENTATION_CONTEXT ( 3 ) GLOBAL_UNCERTAINTY_ASSIGNED_CONTEXT ( ( #4763 ) ) GLOBAL_UNIT_ASSIGNED_CONTEXT ( ( #9461, #4872, #9351 ) ) REPRESENTATION_CONTEXT ( 'NONE', 'WORKASPACE' ) );
#1008 = DIRECTION ( 'NONE',  ( -0.3892816206350223074, -0.8348171294789898944, 0.3892816206350231956 ) ) ;
#1009 = DIRECTION ( 'NONE',  ( -4.878909776184757331E-15, 0.0000000000000000000, 1.000000000000000000 ) ) ;
#1010 = SURFACE_STYLE_USAGE ( .BOTH. , #114 ) ;
#1011 = PLANE ( 'NONE',  #7933 ) ;
#1012 = STYLED_ITEM ( 'NONE', ( #7729 ), #4758 ) ;
#1013 =( LENGTH_UNIT ( ) NAMED_UNIT ( * ) SI_UNIT ( .MILLI., .METRE. ) );
#1014 = ORIENTED_EDGE ( 'NONE', *, *, #3461, .F. ) ;
#1015 = ORIENTED_EDGE ( 'NONE', *, *, #3681, .F. ) ;
#1016 = CARTESIAN_POINT ( 'NONE',  ( 0.3199999999999973976, 0.0000000000000000000, 0.0000000000000000000 ) ) ;
#1017 = UNCERTAINTY_MEASURE_WITH_UNIT (LENGTH_MEASURE( 1.000000000000000082E-05 ), #628, 'distance_accuracy_value', 'NONE');
#1018 = FACE_BOUND ( 'NONE', #4051, .T. ) ;
#1019 = PLANE ( 'NONE',  #3921 ) ;
#1020 =( NAMED_UNIT ( * ) PLANE_ANGLE_UNIT ( ) SI_UNIT ( $, .RADIAN. ) );
#1021 = CARTESIAN_POINT ( 'NONE',  ( -2.220000000000001972, 8.371098615898084461, -1.590000000000002300 ) ) ;
#1022 = CARTESIAN_POINT ( 'NONE',  ( -2.660000000000001474, 8.800000000000000711, -1.150000000000003242 ) ) ;
#1023 = MECHANICAL_DESIGN_GEOMETRIC_PRESENTATION_REPRESENTATION (  '', ( #3181 ), #4519 ) ;
#1024 = SURFACE_SIDE_STYLE ('',( #8064 ) ) ;
#1025 =( GEOMETRIC_REPRESENTATION_CONTEXT ( 3 ) GLOBAL_UNCERTAINTY_ASSIGNED_CONTEXT ( ( #3391 ) ) GLOBAL_UNIT_ASSIGNED_CONTEXT ( ( #1638, #57, #4043 ) ) REPRESENTATION_CONTEXT ( 'NONE', 'WORKASPACE' ) );
#1026 =( NAMED_UNIT ( * ) PLANE_ANGLE_UNIT ( ) SI_UNIT ( $, .RADIAN. ) );
#1027 = ORIENTED_EDGE ( 'NONE', *, *, #6190, .T. ) ;
#1028 = ORIENTED_EDGE ( 'NONE', *, *, #6838, .T. ) ;
#1030 = VERTEX_POINT ( 'NONE', #2227 ) ;
#1029 = LINE ( 'NONE', #4351, #7647 ) ;
#1031 = CARTESIAN_POINT ( 'NONE',  ( -5.400000000000003020, -2.599999999999996536, 0.9499999999999971800 ) ) ;
#1032 = CARTESIAN_POINT ( 'NONE',  ( -2.220000000000002860, 8.800000000000000711, 1.389999999999996794 ) ) ;
#1033 = EDGE_CURVE ( 'NONE', #5282, #734, #7721, .T. ) ;
#1034 =( GEOMETRIC_REPRESENTATION_CONTEXT ( 3 ) GLOBAL_UNCERTAINTY_ASSIGNED_CONTEXT ( ( #5268 ) ) GLOBAL_UNIT_ASSIGNED_CONTEXT ( ( #4473, #5338, #6054 ) ) REPRESENTATION_CONTEXT ( 'NONE', 'WORKASPACE' ) );
#1035 = LINE ( 'NONE', #7428, #3317 ) ;
#1036 = ORIENTED_EDGE ( 'NONE', *, *, #1822, .F. ) ;
#1037 =( NAMED_UNIT ( * ) PLANE_ANGLE_UNIT ( ) SI_UNIT ( $, .RADIAN. ) );
#1038 = VERTEX_POINT ( 'NONE', #2801 ) ;
#1039 = ORIENTED_EDGE ( 'NONE', *, *, #92, .T. ) ;
#1040 = PRESENTATION_STYLE_ASSIGNMENT (( #5776 ) ) ;
#1041 = SURFACE_SIDE_STYLE ('',( #5014 ) ) ;
#1042 = LINE ( 'NONE', #1937, #9522 ) ;
#1043 = DIRECTION ( 'NONE',  ( -3.070690223892709539E-16, 0.4226182617406972208, 0.9063077870366510469 ) ) ;
#1044 = EDGE_CURVE ( 'NONE', #6313, #10119, #10003, .T. ) ;
#1045 = SURFACE_STYLE_USAGE ( .BOTH. , #8861 ) ;
#1046 = EDGE_CURVE ( 'NONE', #152, #4042, #1408, .T. ) ;
#1047 =( NAMED_UNIT ( * ) SI_UNIT ( $, .STERADIAN. ) SOLID_ANGLE_UNIT ( ) );
#1048 = EDGE_CURVE ( 'NONE', #8699, #2700, #6000, .T. ) ;
#1049 = ORIENTED_EDGE ( 'NONE', *, *, #91, .T. ) ;
#1050 = SURFACE_STYLE_FILL_AREA ( #7299 ) ;
#1051 = SURFACE_STYLE_USAGE ( .BOTH. , #5787 ) ;
#1052 = LINE ( 'NONE', #4045, #8334 ) ;
#1053 = SURFACE_SIDE_STYLE ('',( #6622 ) ) ;
#1054 = PLANE ( 'NONE',  #2488 ) ;
#1055 = PRESENTATION_LAYER_ASSIGNMENT (  '', '', ( #7391 ) ) ;
#1056 = FACE_OUTER_BOUND ( 'NONE', #4608, .T. ) ;
#1057 = PLANE ( 'NONE',  #2342 ) ;
#1058 = CARTESIAN_POINT ( 'NONE',  ( -2.664906964573657167, -3.000000000000000000, -1.145093035426346884 ) ) ;
#1059 = VECTOR ( 'NONE', #7232, 1000.000000000000000 ) ;
#1060 = PLANE ( 'NONE',  #2600 ) ;
#1061 = VERTEX_POINT ( 'NONE', #3745 ) ;
#1062 = ADVANCED_FACE ( 'NONE', ( #8520 ), #5231, .F. ) ;
#1063 = STYLED_ITEM ( 'NONE', ( #569 ), #5309 ) ;
#1064 = ORIENTED_EDGE ( 'NONE', *, *, #1578, .F. ) ;
#1065 = SURFACE_SIDE_STYLE ('',( #5032 ) ) ;
#1066 =( NAMED_UNIT ( * ) SI_UNIT ( $, .STERADIAN. ) SOLID_ANGLE_UNIT ( ) );
#1067 = FILL_AREA_STYLE_COLOUR ( '', #7390 ) ;
#1068 = DIRECTION ( 'NONE',  ( 0.0000000000000000000, -1.000000000000000000, 0.0000000000000000000 ) ) ;
#1069 = CARTESIAN_POINT ( 'NONE',  ( 2.540000000000000036, 1.299999999999999156, 0.9499999999999980682 ) ) ;
#1070 = CARTESIAN_POINT ( 'NONE',  ( -5.015304598860760521, 6.155492771579991640, 4.450000000000000178 ) ) ;
#1071 = MECHANICAL_DESIGN_GEOMETRIC_PRESENTATION_REPRESENTATION (  '', ( #6878 ), #5206 ) ;
#1072 = MECHANICAL_DESIGN_GEOMETRIC_PRESENTATION_REPRESENTATION (  '', ( #2237 ), #7380 ) ;
#1073 =( NAMED_UNIT ( * ) SI_UNIT ( $, .STERADIAN. ) SOLID_ANGLE_UNIT ( ) );
#1074 =( GEOMETRIC_REPRESENTATION_CONTEXT ( 3 ) GLOBAL_UNCERTAINTY_ASSIGNED_CONTEXT ( ( #6594 ) ) GLOBAL_UNIT_ASSIGNED_CONTEXT ( ( #227, #3366, #6522 ) ) REPRESENTATION_CONTEXT ( 'NONE', 'WORKASPACE' ) );
#1075 = FILL_AREA_STYLE_COLOUR ( '', #640 ) ;
#1076 = EDGE_LOOP ( 'NONE', ( #9329, #3085, #7743, #8434 ) ) ;
#1077 = ORIENTED_EDGE ( 'NONE', *, *, #9276, .F. ) ;
#1078 = CARTESIAN_POINT ( 'NONE',  ( 2.415093035426344237, -3.000000000000000000, -1.145093035426348660 ) ) ;
#1079 =( GEOMETRIC_REPRESENTATION_CONTEXT ( 3 ) GLOBAL_UNCERTAINTY_ASSIGNED_CONTEXT ( ( #383 ) ) GLOBAL_UNIT_ASSIGNED_CONTEXT ( ( #7703, #8457, #9543 ) ) REPRESENTATION_CONTEXT ( 'NONE', 'WORKASPACE' ) );
#1080 = LINE ( 'NONE', #2739, #2922 ) ;
#1081 = CARTESIAN_POINT ( 'NONE',  ( 2.415093035426340684, -3.000000000000000000, 0.0000000000000000000 ) ) ;
#1082 = DIRECTION ( 'NONE',  ( -1.000000000000000000, 0.0000000000000000000, -0.0000000000000000000 ) ) ;
#1083 = PRESENTATION_STYLE_ASSIGNMENT (( #1139 ) ) ;
#1084 = CARTESIAN_POINT ( 'NONE',  ( -5.400000000000002132, 1.299999999999999156, -1.590000000000002522 ) ) ;
#1085 = DIRECTION ( 'NONE',  ( 0.0000000000000000000, -1.000000000000000000, 0.0000000000000000000 ) ) ;
#1086 = VECTOR ( 'NONE', #9672, 1000.000000000000000 ) ;
#1087 = PRESENTATION_LAYER_ASSIGNMENT (  '', '', ( #4912 ) ) ;
#1088 = VECTOR ( 'NONE', #8231, 1000.000000000000000 ) ;
#1089 = DIRECTION ( 'NONE',  ( 0.0000000000000000000, -0.0000000000000000000, -1.000000000000000000 ) ) ;
#1090 = EDGE_LOOP ( 'NONE', ( #362, #6655, #10270, #6947 ) ) ;
#1091 = LINE ( 'NONE', #930, #10037 ) ;
#1092 = LINE ( 'NONE', #8223, #797 ) ;
#1093 = ORIENTED_EDGE ( 'NONE', *, *, #5103, .F. ) ;
#1094 = ORIENTED_EDGE ( 'NONE', *, *, #3110, .F. ) ;
#1095 = DIRECTION ( 'NONE',  ( 0.4014883995042284881, -0.8231732078530414887, -0.4014883995042275999 ) ) ;
#1096 = VECTOR ( 'NONE', #3413, 1000.000000000000114 ) ;
#1097 = UNCERTAINTY_MEASURE_WITH_UNIT (LENGTH_MEASURE( 1.000000000000000082E-05 ), #9526, 'distance_accuracy_value', 'NONE');
#1098 = PRESENTATION_LAYER_ASSIGNMENT (  '', '', ( #5570 ) ) ;
#1099 = DIRECTION ( 'NONE',  ( 1.000000000000000000, -0.0000000000000000000, 3.388131789017201849E-16 ) ) ;
#1100 = PLANE ( 'NONE',  #6023 ) ;
#1101 = FILL_AREA_STYLE_COLOUR ( '', #8905 ) ;
#1102 =( LENGTH_UNIT ( ) NAMED_UNIT ( * ) SI_UNIT ( .MILLI., .METRE. ) );
#1103 =( LENGTH_UNIT ( ) NAMED_UNIT ( * ) SI_UNIT ( .MILLI., .METRE. ) );
#1104 = COLOUR_RGB ( '',0.9686274509803921573, 0.8784313725490195957, 0.5999999999999999778 ) ;
#1105 = CARTESIAN_POINT ( 'NONE',  ( 8.859999999999999432, 0.0000000000000000000, 2.478176394252581141E-16 ) ) ;
#1106 = AXIS2_PLACEMENT_3D ( 'NONE', #9147, #9047, #8953 ) ;
#1107 = DIRECTION ( 'NONE',  ( -1.000000000000000000, 0.0000000000000000000, -0.0000000000000000000 ) ) ;
#1108 =( LENGTH_UNIT ( ) NAMED_UNIT ( * ) SI_UNIT ( .MILLI., .METRE. ) );
#1109 = EDGE_LOOP ( 'NONE', ( #6911, #9182, #1736, #9157 ) ) ;
#1110 = CARTESIAN_POINT ( 'NONE',  ( 4.759999999999998899, 8.371098615898084461, -1.590000000000002522 ) ) ;
#1111 = VECTOR ( 'NONE', #4344, 1000.000000000000000 ) ;
#1112 = ADVANCED_FACE ( 'NONE', ( #3798 ), #6959, .F. ) ;
#1113 = ADVANCED_BREP_SHAPE_REPRESENTATION ( '864A8BE7-8987-4D2F-84A1-CD1426669E15', ( #3219, #4868 ), #3541 ) ;
#1114 = CARTESIAN_POINT ( 'NONE',  ( 2.859999999999997655, 8.371098615898084461, -1.590000000000002300 ) ) ;
#1115 = EDGE_CURVE ( 'NONE', #6004, #3912, #7569, .T. ) ;
#1116 = FACE_OUTER_BOUND ( 'NONE', #8084, .T. ) ;
#1117 = STYLED_ITEM ( 'NONE', ( #5011 ), #2341 ) ;
#1118 =( NAMED_UNIT ( * ) SI_UNIT ( $, .STERADIAN. ) SOLID_ANGLE_UNIT ( ) );
#1119 = PRESENTATION_LAYER_ASSIGNMENT (  '', '', ( #110 ) ) ;
#1120 = ORIENTED_EDGE ( 'NONE', *, *, #8571, .F. ) ;
#1121 = UNCERTAINTY_MEASURE_WITH_UNIT (LENGTH_MEASURE( 1.000000000000000082E-05 ), #8252, 'distance_accuracy_value', 'NONE');
#1122 = CARTESIAN_POINT ( 'NONE',  ( -0.3200000000000017275, 8.371098615898084461, -1.590000000000002522 ) ) ;
#1123 = SURFACE_STYLE_FILL_AREA ( #2004 ) ;
#1124 = SURFACE_STYLE_USAGE ( .BOTH. , #6524 ) ;
#1125 = COLOUR_RGB ( '',0.9686274509803921573, 0.8784313725490195957, 0.5999999999999999778 ) ;
#1126 = SURFACE_STYLE_FILL_AREA ( #5840 ) ;
#1127 = SURFACE_STYLE_FILL_AREA ( #5701 ) ;
#1128 = ADVANCED_FACE ( 'NONE', ( #7866 ), #6420, .T. ) ;
#1129 = ADVANCED_FACE ( 'NONE', ( #2429 ), #7013, .T. ) ;
#1130 =( GEOMETRIC_REPRESENTATION_CONTEXT ( 3 ) GLOBAL_UNCERTAINTY_ASSIGNED_CONTEXT ( ( #5449 ) ) GLOBAL_UNIT_ASSIGNED_CONTEXT ( ( #790, #5306, #6133 ) ) REPRESENTATION_CONTEXT ( 'NONE', 'WORKASPACE' ) );
#1131 = MECHANICAL_DESIGN_GEOMETRIC_PRESENTATION_REPRESENTATION (  '', ( #5271 ), #9225 ) ;
#1132 = EDGE_LOOP ( 'NONE', ( #10064, #7418 ) ) ;
#1133 = FACE_OUTER_BOUND ( 'NONE', #6152, .T. ) ;
#1134 = ORIENTED_EDGE ( 'NONE', *, *, #10264, .T. ) ;
#1135 = ORIENTED_EDGE ( 'NONE', *, *, #6232, .F. ) ;
#1136 = DIRECTION ( 'NONE',  ( 0.0000000000000000000, -1.000000000000000000, 0.0000000000000000000 ) ) ;
#1137 = SURFACE_STYLE_FILL_AREA ( #6646 ) ;
#1138 = CARTESIAN_POINT ( 'NONE',  ( 4.980057816990706598, -3.461009071065141107, 1.170057816990706101 ) ) ;
#1139 = SURFACE_STYLE_USAGE ( .BOTH. , #9699 ) ;
#1140 = CARTESIAN_POINT ( 'NONE',  ( -0.3200000000000025602, -2.600000000000000089, 1.589999999999997193 ) ) ;
#1141 = CARTESIAN_POINT ( 'NONE',  ( -5.400000000000002132, 8.800000000000000711, -1.590000000000002522 ) ) ;
#1142 = MECHANICAL_DESIGN_GEOMETRIC_PRESENTATION_REPRESENTATION (  '', ( #4138 ), #9571 ) ;
#1143 =( NAMED_UNIT ( * ) SI_UNIT ( $, .STERADIAN. ) SOLID_ANGLE_UNIT ( ) );
#1144 = VECTOR ( 'NONE', #3685, 1000.000000000000000 ) ;
#1145 = SURFACE_STYLE_USAGE ( .BOTH. , #8219 ) ;
#1146 = ORIENTED_EDGE ( 'NONE', *, *, #5601, .T. ) ;
#1147 = SURFACE_STYLE_USAGE ( .BOTH. , #7333 ) ;
#1148 = MECHANICAL_DESIGN_GEOMETRIC_PRESENTATION_REPRESENTATION (  '', ( #1661 ), #7780 ) ;
#1149 = FILL_AREA_STYLE ('',( #1927 ) ) ;
#1150 = ORIENTED_EDGE ( 'NONE', *, *, #1252, .F. ) ;
#1152 = VERTEX_POINT ( 'NONE', #5648 ) ;
#1151 = DIRECTION ( 'NONE',  ( 0.0000000000000000000, 0.0000000000000000000, 1.000000000000000000 ) ) ;
#1153 = SURFACE_STYLE_USAGE ( .BOTH. , #8032 ) ;
#1154 = COLOUR_RGB ( '',0.9686274509803921573, 0.8784313725490195957, 0.5999999999999999778 ) ;
#1155 = DIRECTION ( 'NONE',  ( -1.000000000000000000, 0.0000000000000000000, -3.388131789017201849E-16 ) ) ;
#1156 = FILL_AREA_STYLE_COLOUR ( '', #1889 ) ;
#1157 = DIRECTION ( 'NONE',  ( 0.0000000000000000000, 0.0000000000000000000, -1.000000000000000000 ) ) ;
#1158 = VECTOR ( 'NONE', #7157, 1000.000000000000000 ) ;
#1159 = CARTESIAN_POINT ( 'NONE',  ( -2.250000000000000888, 8.400000000000002132, 3.200000000000000622 ) ) ;
#1160 = PRESENTATION_LAYER_ASSIGNMENT (  '', '', ( #4651 ) ) ;
#1161 = VECTOR ( 'NONE', #7540, 1000.000000000000000 ) ;
#1162 = VECTOR ( 'NONE', #2784, 1000.000000000000341 ) ;
#1163 = DIRECTION ( 'NONE',  ( -0.0000000000000000000, 0.0000000000000000000, 1.000000000000000000 ) ) ;
#1164 = PLANE ( 'NONE',  #9257 ) ;
#1165 = PRESENTATION_LAYER_ASSIGNMENT (  '', '', ( #319 ) ) ;
#1166 = DIRECTION ( 'NONE',  ( -0.0000000000000000000, 0.0000000000000000000, 1.000000000000000000 ) ) ;
#1167 = CARTESIAN_POINT ( 'NONE',  ( -7.500000000000000000, -0.1000000000000000056, -3.700000000000001066 ) ) ;
#1168 = ORIENTED_EDGE ( 'NONE', *, *, #3919, .T. ) ;
#1169 = CARTESIAN_POINT ( 'NONE',  ( -0.1499999999999990785, 0.0000000000000000000, -4.549999999999999822 ) ) ;
#1170 = COLOUR_RGB ( '',0.9686274509803921573, 0.8784313725490195957, 0.5999999999999999778 ) ;
#1171 = FILL_AREA_STYLE_COLOUR ( '', #1987 ) ;
#1172 = ADVANCED_FACE ( 'NONE', ( #9364 ), #10263, .F. ) ;
#1173 = DIRECTION ( 'NONE',  ( 0.0000000000000000000, 0.0000000000000000000, -1.000000000000000000 ) ) ;
#1174 = CARTESIAN_POINT ( 'NONE',  ( 5.399999999999998579, 8.800000000000000711, -1.590000000000002300 ) ) ;
#1175 = VECTOR ( 'NONE', #2546, 1000.000000000000000 ) ;
#1176 = SURFACE_SIDE_STYLE ('',( #2571 ) ) ;
#1177 = STYLED_ITEM ( 'NONE', ( #9408 ), #8869 ) ;
#1178 = FACE_OUTER_BOUND ( 'NONE', #8963, .T. ) ;
#1179 = ORIENTED_EDGE ( 'NONE', *, *, #6454, .F. ) ;
#1180 = EDGE_LOOP ( 'NONE', ( #2367, #7470, #5576, #733 ) ) ;
#1181 = PRESENTATION_STYLE_ASSIGNMENT (( #1433 ) ) ;
#1182 =( NAMED_UNIT ( * ) SI_UNIT ( $, .STERADIAN. ) SOLID_ANGLE_UNIT ( ) );
#1183 = CARTESIAN_POINT ( 'NONE',  ( -6.015304598860760521, 7.922709448335786497, 4.549999999999999822 ) ) ;
#1184 = SURFACE_SIDE_STYLE ('',( #9989 ) ) ;
#1185 = SURFACE_SIDE_STYLE ('',( #8261 ) ) ;
#1186 =( NAMED_UNIT ( * ) SI_UNIT ( $, .STERADIAN. ) SOLID_ANGLE_UNIT ( ) );
#1187 = FILL_AREA_STYLE_COLOUR ( '', #10114 ) ;
#1188 = ADVANCED_FACE ( 'NONE', ( #7463 ), #8989, .F. ) ;
#1189 = ORIENTED_EDGE ( 'NONE', *, *, #925, .F. ) ;
#1190 = VERTEX_POINT ( 'NONE', #4207 ) ;
#1191 = ORIENTED_EDGE ( 'NONE', *, *, #8910, .F. ) ;
#1192 = ADVANCED_FACE ( 'NONE', ( #1803 ), #2686, .F. ) ;
#1193 = VECTOR ( 'NONE', #10200, 1000.000000000000000 ) ;
#1194 = EDGE_CURVE ( 'NONE', #4050, #3578, #2634, .T. ) ;
#1195 = CARTESIAN_POINT ( 'NONE',  ( 7.500000000000000000, -0.1000000000000000056, -2.699999999999999289 ) ) ;
#1196 = VECTOR ( 'NONE', #3173, 1000.000000000000000 ) ;
#1197 = DIRECTION ( 'NONE',  ( 0.0000000000000000000, -1.000000000000000000, 0.0000000000000000000 ) ) ;
#1198 = FILL_AREA_STYLE ('',( #5386 ) ) ;
#1199 =( NAMED_UNIT ( * ) PLANE_ANGLE_UNIT ( ) SI_UNIT ( $, .RADIAN. ) );
#1200 = FILL_AREA_STYLE ('',( #6749 ) ) ;
#1201 = CARTESIAN_POINT ( 'NONE',  ( -4.760000000000002451, 8.371098615898084461, -0.9500000000000022871 ) ) ;
#1202 = STYLED_ITEM ( 'NONE', ( #8446 ), #9768 ) ;
#1203 = AXIS2_PLACEMENT_3D ( 'NONE', #1110, #5734, #2561 ) ;
#1204 = EDGE_LOOP ( 'NONE', ( #4058, #9193, #7005, #9122 ) ) ;
#1205 =( NAMED_UNIT ( * ) SI_UNIT ( $, .STERADIAN. ) SOLID_ANGLE_UNIT ( ) );
#1206 = CARTESIAN_POINT ( 'NONE',  ( -10.16000000000000192, 9.000000000000000000, -4.549999999999999822 ) ) ;
#1207 = ORIENTED_EDGE ( 'NONE', *, *, #3999, .T. ) ;
#1209 = VERTEX_POINT ( 'NONE', #7412 ) ;
#1208 = DIRECTION ( 'NONE',  ( 0.0000000000000000000, 0.0000000000000000000, -1.000000000000000000 ) ) ;
#1210 = FACE_OUTER_BOUND ( 'NONE', #7115, .T. ) ;
#1211 = UNCERTAINTY_MEASURE_WITH_UNIT (LENGTH_MEASURE( 1.000000000000000082E-05 ), #6169, 'distance_accuracy_value', 'NONE');
#1212 = PLANE ( 'NONE',  #886 ) ;
#1213 = VECTOR ( 'NONE', #7673, 1000.000000000000000 ) ;
#1214 = DIRECTION ( 'NONE',  ( 0.0000000000000000000, 0.0000000000000000000, -1.000000000000000000 ) ) ;
#1215 = DIRECTION ( 'NONE',  ( -1.000000000000000000, 0.0000000000000000000, -0.0000000000000000000 ) ) ;
#1216 = VECTOR ( 'NONE', #8988, 1000.000000000000000 ) ;
#1217 =( LENGTH_UNIT ( ) NAMED_UNIT ( * ) SI_UNIT ( .MILLI., .METRE. ) );
#1218 = PLANE ( 'NONE',  #1473 ) ;
#1219 = PRESENTATION_STYLE_ASSIGNMENT (( #374 ) ) ;
#1220 = VERTEX_POINT ( 'NONE', #5038 ) ;
#1221 = FACE_OUTER_BOUND ( 'NONE', #9210, .T. ) ;
#1222 = CARTESIAN_POINT ( 'NONE',  ( -2.860000000000002540, -2.599999999999996536, 0.9499999999999971800 ) ) ;
#1223 = SURFACE_STYLE_USAGE ( .BOTH. , #4148 ) ;
#1224 =( LENGTH_UNIT ( ) NAMED_UNIT ( * ) SI_UNIT ( .MILLI., .METRE. ) );
#1225 = VERTEX_POINT ( 'NONE', #8159 ) ;
#1226 = EDGE_CURVE ( 'NONE', #6325, #2116, #284, .T. ) ;
#1227 = ORIENTED_EDGE ( 'NONE', *, *, #7165, .T. ) ;
#1228 = UNCERTAINTY_MEASURE_WITH_UNIT (LENGTH_MEASURE( 1.000000000000000082E-05 ), #8613, 'distance_accuracy_value', 'NONE');
#1229 = PRESENTATION_STYLE_ASSIGNMENT (( #5886 ) ) ;
#1230 = SURFACE_STYLE_FILL_AREA ( #9088 ) ;
#1231 = DIRECTION ( 'NONE',  ( 1.000000000000000000, -0.0000000000000000000, 3.388131789017201849E-16 ) ) ;
#1232 = CARTESIAN_POINT ( 'NONE',  ( -2.860000000000001652, 8.800000000000000711, -0.9500000000000025091 ) ) ;
#1233 = CARTESIAN_POINT ( 'NONE',  ( 2.859999999999997655, 8.371098615898084461, -0.9500000000000022871 ) ) ;
#1234 =( GEOMETRIC_REPRESENTATION_CONTEXT ( 3 ) GLOBAL_UNCERTAINTY_ASSIGNED_CONTEXT ( ( #10001 ) ) GLOBAL_UNIT_ASSIGNED_CONTEXT ( ( #8916, #9769, #6660 ) ) REPRESENTATION_CONTEXT ( 'NONE', 'WORKASPACE' ) );
#1235 = SURFACE_STYLE_FILL_AREA ( #1344 ) ;
#1236 = SURFACE_SIDE_STYLE ('',( #6091 ) ) ;
#1237 = PLANE ( 'NONE',  #2286 ) ;
#1238 = ORIENTED_EDGE ( 'NONE', *, *, #9649, .T. ) ;
#1239 = ORIENTED_EDGE ( 'NONE', *, *, #7471, .F. ) ;
#1240 = VERTEX_POINT ( 'NONE', #7705 ) ;
#1241 = DIRECTION ( 'NONE',  ( 0.0000000000000000000, -1.000000000000000000, 0.0000000000000000000 ) ) ;
#1242 = AXIS2_PLACEMENT_3D ( 'NONE', #8321, #1261, #7583 ) ;
#1243 = DIRECTION ( 'NONE',  ( 0.0000000000000000000, -1.000000000000000000, 0.0000000000000000000 ) ) ;
#1244 =( LENGTH_UNIT ( ) NAMED_UNIT ( * ) SI_UNIT ( .MILLI., .METRE. ) );
#1245 = SURFACE_STYLE_FILL_AREA ( #9998 ) ;
#1246 = FACE_OUTER_BOUND ( 'NONE', #4076, .T. ) ;
#1247 = DIRECTION ( 'NONE',  ( 0.0000000000000000000, -1.000000000000000000, 0.0000000000000000000 ) ) ;
#1248 = EDGE_CURVE ( 'NONE', #7019, #4394, #10043, .T. ) ;
#1249 = PRESENTATION_LAYER_ASSIGNMENT (  '', '', ( #5718 ) ) ;
#1250 = ADVANCED_FACE ( 'NONE', ( #5322 ), #2934, .T. ) ;
#1251 =( GEOMETRIC_REPRESENTATION_CONTEXT ( 3 ) GLOBAL_UNCERTAINTY_ASSIGNED_CONTEXT ( ( #2226 ) ) GLOBAL_UNIT_ASSIGNED_CONTEXT ( ( #3013, #9199, #5188 ) ) REPRESENTATION_CONTEXT ( 'NONE', 'WORKASPACE' ) );
#1252 = EDGE_CURVE ( 'NONE', #8306, #1310, #1444, .T. ) ;
#1253 = PRESENTATION_LAYER_ASSIGNMENT (  '', '', ( #4574 ) ) ;
#1254 = FILL_AREA_STYLE ('',( #8313 ) ) ;
#1255 = VERTEX_POINT ( 'NONE', #2266 ) ;
#1256 = FILL_AREA_STYLE ('',( #5191 ) ) ;
#1257 = MECHANICAL_DESIGN_GEOMETRIC_PRESENTATION_REPRESENTATION (  '', ( #4082 ), #3411 ) ;
#1258 = VECTOR ( 'NONE', #691, 1000.000000000000000 ) ;
#1259 = ORIENTED_EDGE ( 'NONE', *, *, #10253, .T. ) ;
#1260 = ORIENTED_EDGE ( 'NONE', *, *, #10041, .F. ) ;
#1261 = DIRECTION ( 'NONE',  ( -3.388131789017201849E-16, 0.0000000000000000000, 1.000000000000000000 ) ) ;
#1262 = PLANE ( 'NONE',  #6539 ) ;
#1263 = AXIS2_PLACEMENT_3D ( 'NONE', #9489, #5407, #8541 ) ;
#1264 = CARTESIAN_POINT ( 'NONE',  ( 2.219999999999996643, -2.600000000000000089, 0.9499999999999971800 ) ) ;
#1265 = MECHANICAL_DESIGN_GEOMETRIC_PRESENTATION_REPRESENTATION (  '', ( #8849 ), #2417 ) ;
#1266 = EDGE_CURVE ( 'NONE', #6325, #1846, #9557, .T. ) ;
#1267 = EDGE_CURVE ( 'NONE', #1913, #2534, #7351, .T. ) ;
#1268 = CARTESIAN_POINT ( 'NONE',  ( -8.859999999999997655, 9.000000000000000000, 3.799999999999997158 ) ) ;
#1269 = VERTEX_POINT ( 'NONE', #1693 ) ;
#1270 = AXIS2_PLACEMENT_3D ( 'NONE', #8475, #10063, #1412 ) ;
#1271 =( GEOMETRIC_REPRESENTATION_CONTEXT ( 3 ) GLOBAL_UNCERTAINTY_ASSIGNED_CONTEXT ( ( #8413 ) ) GLOBAL_UNIT_ASSIGNED_CONTEXT ( ( #5453, #7833, #1670 ) ) REPRESENTATION_CONTEXT ( 'NONE', 'WORKASPACE' ) );
#1272 = LINE ( 'NONE', #3609, #2761 ) ;
#1273 = VECTOR ( 'NONE', #4941, 1000.000000000000000 ) ;
#1274 = ORIENTED_EDGE ( 'NONE', *, *, #4880, .T. ) ;
#1275 = PLANE ( 'NONE',  #8844 ) ;
#1276 = PRESENTATION_LAYER_ASSIGNMENT (  '', '', ( #6231 ) ) ;
#1277 = CARTESIAN_POINT ( 'NONE',  ( 8.859999999999999432, 6.199999999999999289, 1.750000000000000222 ) ) ;
#1278 = DIRECTION ( 'NONE',  ( -0.8987940462991671486, 0.4383711467890772373, -0.0000000000000000000 ) ) ;
#1279 = LINE ( 'NONE', #9290, #7403 ) ;
#1280 = MECHANICAL_DESIGN_GEOMETRIC_PRESENTATION_REPRESENTATION (  '', ( #10220 ), #8210 ) ;
#1281 = DIRECTION ( 'NONE',  ( -1.000000000000000000, 0.0000000000000000000, 0.0000000000000000000 ) ) ;
#1282 = VERTEX_POINT ( 'NONE', #1741 ) ;
#1283 = AXIS2_PLACEMENT_3D ( 'NONE', #2782, #226, #7553 ) ;
#1284 =( NAMED_UNIT ( * ) SI_UNIT ( $, .STERADIAN. ) SOLID_ANGLE_UNIT ( ) );
#1285 = CARTESIAN_POINT ( 'NONE',  ( 0.3199999999999982303, 1.299999999999999156, -1.590000000000002300 ) ) ;
#1286 = PRODUCT_CONTEXT ( 'NONE', #8934, 'mechanical' ) ;
#1287 =( LENGTH_UNIT ( ) NAMED_UNIT ( * ) SI_UNIT ( .MILLI., .METRE. ) );
#1288 = MECHANICAL_DESIGN_GEOMETRIC_PRESENTATION_REPRESENTATION (  '', ( #4776 ), #7095 ) ;
#1289 = EDGE_CURVE ( 'NONE', #2575, #108, #2085, .T. ) ;
#1290 =( NAMED_UNIT ( * ) SI_UNIT ( $, .STERADIAN. ) SOLID_ANGLE_UNIT ( ) );
#1291 =( NAMED_UNIT ( * ) SI_UNIT ( $, .STERADIAN. ) SOLID_ANGLE_UNIT ( ) );
#1292 = VERTEX_POINT ( 'NONE', #6459 ) ;
#1293 = CARTESIAN_POINT ( 'NONE',  ( 0.1249069645736537448, -3.000000000000000000, -1.394906964573657815 ) ) ;
#1294 = ORIENTED_EDGE ( 'NONE', *, *, #1248, .F. ) ;
#1295 = ORIENTED_EDGE ( 'NONE', *, *, #216, .T. ) ;
#1296 = CARTESIAN_POINT ( 'NONE',  ( 8.860000000000001208, 8.400000000000002132, -3.199999999999999734 ) ) ;
#1297 = AXIS2_PLACEMENT_3D ( 'NONE', #10258, #2425, #1503 ) ;
#1298 = SURFACE_STYLE_USAGE ( .BOTH. , #3641 ) ;
#1299 = UNCERTAINTY_MEASURE_WITH_UNIT (LENGTH_MEASURE( 1.000000000000000082E-05 ), #5670, 'distance_accuracy_value', 'NONE');
#1300 = VECTOR ( 'NONE', #8364, 1000.000000000000000 ) ;
#1301 = EDGE_CURVE ( 'NONE', #5053, #3336, #8772, .T. ) ;
#1302 = LINE ( 'NONE', #8418, #8623 ) ;
#1303 = VECTOR ( 'NONE', #905, 1000.000000000000000 ) ;
#1304 = FILL_AREA_STYLE ('',( #5906 ) ) ;
#1305 = COLOUR_RGB ( '',0.9686274509803921573, 0.8784313725490195957, 0.5999999999999999778 ) ;
#1306 = EDGE_LOOP ( 'NONE', ( #7799, #3050, #4598, #2550 ) ) ;
#1307 = LINE ( 'NONE', #5295, #6893 ) ;
#1308 = VECTOR ( 'NONE', #9099, 1000.000000000000000 ) ;
#1309 = VERTEX_POINT ( 'NONE', #112 ) ;
#1310 = VERTEX_POINT ( 'NONE', #6564 ) ;
#1311 = UNCERTAINTY_MEASURE_WITH_UNIT (LENGTH_MEASURE( 1.000000000000000082E-05 ), #3055, 'distance_accuracy_value', 'NONE');
#1312 =( NAMED_UNIT ( * ) PLANE_ANGLE_UNIT ( ) SI_UNIT ( $, .RADIAN. ) );
#1313 = SURFACE_STYLE_USAGE ( .BOTH. , #3601 ) ;
#1314 = LINE ( 'NONE', #4487, #4629 ) ;
#1315 = LINE ( 'NONE', #519, #587 ) ;
#1316 = FILL_AREA_STYLE ('',( #8535 ) ) ;
#1317 = COLOUR_RGB ( '',0.9686274509803921573, 0.8784313725490195957, 0.5999999999999999778 ) ;
#1318 = VECTOR ( 'NONE', #6835, 1000.000000000000000 ) ;
#1319 =( NAMED_UNIT ( * ) PLANE_ANGLE_UNIT ( ) SI_UNIT ( $, .RADIAN. ) );
#1320 = ORIENTED_EDGE ( 'NONE', *, *, #2711, .F. ) ;
#1321 = CARTESIAN_POINT ( 'NONE',  ( 0.0000000000000000000, 0.0000000000000000000, -3.200000000000000178 ) ) ;
#1322 = VECTOR ( 'NONE', #3796, 1000.000000000000000 ) ;
#1323 = ORIENTED_EDGE ( 'NONE', *, *, #5567, .F. ) ;
#1324 = EDGE_CURVE ( 'NONE', #2608, #7455, #9729, .T. ) ;
#1325 = FILL_AREA_STYLE_COLOUR ( '', #489 ) ;
#1326 = PRESENTATION_STYLE_ASSIGNMENT (( #1882 ) ) ;
#1327 = STYLED_ITEM ( 'NONE', ( #1527 ), #7653 ) ;
#1328 = DIRECTION ( 'NONE',  ( 0.0000000000000000000, -1.000000000000000000, 0.0000000000000000000 ) ) ;
#1329 = EDGE_CURVE ( 'NONE', #6235, #2437, #7241, .T. ) ;
#1330 = EDGE_CURVE ( 'NONE', #5995, #1292, #4869, .T. ) ;
#1331 =( GEOMETRIC_REPRESENTATION_CONTEXT ( 3 ) GLOBAL_UNCERTAINTY_ASSIGNED_CONTEXT ( ( #2756 ) ) GLOBAL_UNIT_ASSIGNED_CONTEXT ( ( #387, #4456, #6842 ) ) REPRESENTATION_CONTEXT ( 'NONE', 'WORKASPACE' ) );
#1332 = PRESENTATION_LAYER_ASSIGNMENT (  '', '', ( #826 ) ) ;
#1333 = CARTESIAN_POINT ( 'NONE',  ( -2.220000000000001972, 8.800000000000000711, -0.9500000000000022871 ) ) ;
#1334 = DIRECTION ( 'NONE',  ( 1.000000000000000000, 0.0000000000000000000, 3.388131789017201849E-16 ) ) ;
#1335 = PRESENTATION_LAYER_ASSIGNMENT (  '', '', ( #8412 ) ) ;
#1336 = VECTOR ( 'NONE', #3970, 1000.000000000000000 ) ;
#1337 = SURFACE_STYLE_FILL_AREA ( #6993 ) ;
#1338 = PRESENTATION_STYLE_ASSIGNMENT (( #8393 ) ) ;
#1339 = VERTEX_POINT ( 'NONE', #2566 ) ;
#1340 =( GEOMETRIC_REPRESENTATION_CONTEXT ( 3 ) GLOBAL_UNCERTAINTY_ASSIGNED_CONTEXT ( ( #7852 ) ) GLOBAL_UNIT_ASSIGNED_CONTEXT ( ( #388, #3372, #9799 ) ) REPRESENTATION_CONTEXT ( 'NONE', 'WORKASPACE' ) );
#1341 = PRESENTATION_STYLE_ASSIGNMENT (( #3565 ) ) ;
#1342 = DIRECTION ( 'NONE',  ( -1.000000000000000000, 0.0000000000000000000, -3.388131789017201849E-16 ) ) ;
#1343 = DIRECTION ( 'NONE',  ( 0.0000000000000000000, -1.000000000000000000, 0.0000000000000000000 ) ) ;
#1344 = FILL_AREA_STYLE ('',( #6846 ) ) ;
#1345 = STYLED_ITEM ( 'NONE', ( #7243 ), #8847 ) ;
#1346 = LINE ( 'NONE', #6259, #2983 ) ;
#1347 = ORIENTED_EDGE ( 'NONE', *, *, #8589, .F. ) ;
#1348 = ORIENTED_EDGE ( 'NONE', *, *, #9600, .F. ) ;
#1349 = ORIENTED_EDGE ( 'NONE', *, *, #2848, .T. ) ;
#1350 =( NAMED_UNIT ( * ) PLANE_ANGLE_UNIT ( ) SI_UNIT ( $, .RADIAN. ) );
#1351 = FILL_AREA_STYLE ('',( #7671 ) ) ;
#1352 = DIRECTION ( 'NONE',  ( -1.000000000000000000, 0.0000000000000000000, -3.388131789017201849E-16 ) ) ;
#1353 = CARTESIAN_POINT ( 'NONE',  ( 10.16000000000000014, -3.000000000000000000, 0.0000000000000000000 ) ) ;
#1354 = DIRECTION ( 'NONE',  ( 1.000000000000000000, 0.0000000000000000000, 3.388131789017201849E-16 ) ) ;
#1355 =( GEOMETRIC_REPRESENTATION_CONTEXT ( 3 ) GLOBAL_UNCERTAINTY_ASSIGNED_CONTEXT ( ( #4972 ) ) GLOBAL_UNIT_ASSIGNED_CONTEXT ( ( #890, #5675, #104 ) ) REPRESENTATION_CONTEXT ( 'NONE', 'WORKASPACE' ) );
#1356 = CARTESIAN_POINT ( 'NONE',  ( -2.220000000000002860, 8.371098615898084461, 1.589999999999997415 ) ) ;
#1357 = LINE ( 'NONE', #2952, #4199 ) ;
#1358 = FACE_OUTER_BOUND ( 'NONE', #8176, .T. ) ;
#1359 = VECTOR ( 'NONE', #1743, 1000.000000000000000 ) ;
#1360 = ORIENTED_EDGE ( 'NONE', *, *, #1511, .F. ) ;
#1361 = CARTESIAN_POINT ( 'NONE',  ( -0.1200000000000020495, 8.800000000000000711, 1.149999999999997913 ) ) ;
#1362 =( GEOMETRIC_REPRESENTATION_CONTEXT ( 3 ) GLOBAL_UNCERTAINTY_ASSIGNED_CONTEXT ( ( #7732 ) ) GLOBAL_UNIT_ASSIGNED_CONTEXT ( ( #4736, #4020, #3222 ) ) REPRESENTATION_CONTEXT ( 'NONE', 'WORKASPACE' ) );
#1363 = ORIENTED_EDGE ( 'NONE', *, *, #6964, .T. ) ;
#1365 = VERTEX_POINT ( 'NONE', #2524 ) ;
#1364 = CARTESIAN_POINT ( 'NONE',  ( 2.859999999999997655, 0.0000000000000000000, -1.590000000000002300 ) ) ;
#1366 = CARTESIAN_POINT ( 'NONE',  ( -2.220000000000001972, 8.371098615898084461, -0.9500000000000022871 ) ) ;
#1367 =( NAMED_UNIT ( * ) SI_UNIT ( $, .STERADIAN. ) SOLID_ANGLE_UNIT ( ) );
#1368 = FILL_AREA_STYLE ('',( #6974 ) ) ;
#1369 = ADVANCED_FACE ( 'NONE', ( #948 ), #5026, .T. ) ;
#1370 = CARTESIAN_POINT ( 'NONE',  ( 4.759999999999998899, -2.599999999999996536, -1.590000000000002522 ) ) ;
#1371 = SURFACE_STYLE_USAGE ( .BOTH. , #4643 ) ;
#1372 = SURFACE_STYLE_FILL_AREA ( #9216 ) ;
#1373 = VECTOR ( 'NONE', #5441, 1000.000000000000000 ) ;
#1374 = VECTOR ( 'NONE', #3684, 1000.000000000000000 ) ;
#1375 = ORIENTED_EDGE ( 'NONE', *, *, #1437, .T. ) ;
#1376 = DIRECTION ( 'NONE',  ( -0.0000000000000000000, 0.0000000000000000000, 1.000000000000000000 ) ) ;
#1377 = ORIENTED_EDGE ( 'NONE', *, *, #8262, .F. ) ;
#1378 = SURFACE_STYLE_FILL_AREA ( #3137 ) ;
#1379 = AXIS2_PLACEMENT_3D ( 'NONE', #6316, #124, #2487 ) ;
#1380 = CARTESIAN_POINT ( 'NONE',  ( -8.859999999999997655, 8.400000000000002132, -3.199999999999999734 ) ) ;
#1381 = FILL_AREA_STYLE ('',( #7645 ) ) ;
#1382 = PLANE ( 'NONE',  #4491 ) ;
#1383 = EDGE_CURVE ( 'NONE', #4994, #6312, #5632, .T. ) ;
#1384 = DIRECTION ( 'NONE',  ( 1.000000000000000000, -0.0000000000000000000, 3.388131789017201849E-16 ) ) ;
#1385 = EDGE_CURVE ( 'NONE', #6588, #2608, #2, .T. ) ;
#1386 = PLANE ( 'NONE',  #8922 ) ;
#1387 = EDGE_CURVE ( 'NONE', #3386, #956, #10234, .T. ) ;
#1388 = FILL_AREA_STYLE ('',( #9232 ) ) ;
#1389 = SURFACE_SIDE_STYLE ('',( #6834 ) ) ;
#1390 = SURFACE_STYLE_FILL_AREA ( #3725 ) ;
#1391 = ORIENTED_EDGE ( 'NONE', *, *, #8910, .T. ) ;
#1392 = CARTESIAN_POINT ( 'NONE',  ( 2.219999999999996643, 8.371098615898088013, 1.589999999999997193 ) ) ;
#1393 = DIRECTION ( 'NONE',  ( -0.0000000000000000000, 0.0000000000000000000, 1.000000000000000000 ) ) ;
#1394 = LINE ( 'NONE', #436, #3152 ) ;
#1395 = FACE_OUTER_BOUND ( 'NONE', #3947, .T. ) ;
#1396 = PLANE ( 'NONE',  #1673 ) ;
#1397 = ADVANCED_FACE ( 'NONE', ( #687 ), #5610, .F. ) ;
#1398 = PRESENTATION_STYLE_ASSIGNMENT (( #5327 ) ) ;
#1399 = ADVANCED_FACE ( 'NONE', ( #1677 ), #6338, .T. ) ;
#1400 =( NAMED_UNIT ( * ) SI_UNIT ( $, .STERADIAN. ) SOLID_ANGLE_UNIT ( ) );
#1401 = ORIENTED_EDGE ( 'NONE', *, *, #9093, .T. ) ;
#1402 = LINE ( 'NONE', #6949, #5929 ) ;
#1403 = VERTEX_POINT ( 'NONE', #7032 ) ;
#1404 = ORIENTED_EDGE ( 'NONE', *, *, #9276, .T. ) ;
#1405 = FACE_OUTER_BOUND ( 'NONE', #8780, .T. ) ;
#1406 = DIRECTION ( 'NONE',  ( -1.000000000000000000, 0.0000000000000000000, 0.0000000000000000000 ) ) ;
#1407 =( LENGTH_UNIT ( ) NAMED_UNIT ( * ) SI_UNIT ( .MILLI., .METRE. ) );
#1408 = LINE ( 'NONE', #451, #7231 ) ;
#1409 = SURFACE_SIDE_STYLE ('',( #5957 ) ) ;
#1410 = PRESENTATION_LAYER_ASSIGNMENT (  '', '', ( #3058 ) ) ;
#1411 = SURFACE_STYLE_USAGE ( .BOTH. , #7676 ) ;
#1412 = DIRECTION ( 'NONE',  ( 0.0000000000000000000, -0.0000000000000000000, -1.000000000000000000 ) ) ;
#1413 = STYLED_ITEM ( 'NONE', ( #139 ), #283 ) ;
#1414 = ORIENTED_EDGE ( 'NONE', *, *, #8611, .F. ) ;
#1416 = ORIENTED_EDGE ( 'NONE', *, *, #1675, .F. ) ;
#1415 = FILL_AREA_STYLE_COLOUR ( '', #1687 ) ;
#1417 = CARTESIAN_POINT ( 'NONE',  ( 8.150000000000002132, 9.000000000000000000, -4.450000000000000178 ) ) ;
#1418 = UNCERTAINTY_MEASURE_WITH_UNIT (LENGTH_MEASURE( 1.000000000000000082E-05 ), #965, 'distance_accuracy_value', 'NONE');
#1419 = VECTOR ( 'NONE', #503, 1000.000000000000000 ) ;
#1420 = CYLINDRICAL_SURFACE ( 'NONE', #8920, 0.5000000000000008882 ) ;
#1421 = CARTESIAN_POINT ( 'NONE',  ( -0.3200000000000025602, -2.600000000000000089, 0.9499999999999971800 ) ) ;
#1422 = DIRECTION ( 'NONE',  ( -0.4014883995042277109, -0.8231732078530418217, 0.4014883995042277109 ) ) ;
#1423 = CARTESIAN_POINT ( 'NONE',  ( -4.760000000000003340, 8.371098615898084461, 0.9499999999999972911 ) ) ;
#1424 = PRESENTATION_LAYER_ASSIGNMENT (  '', '', ( #5554 ) ) ;
#1425 = VERTEX_POINT ( 'NONE', #7840 ) ;
#1426 = ADVANCED_FACE ( 'NONE', ( #10183 ), #7227, .T. ) ;
#1427 = FILL_AREA_STYLE_COLOUR ( '', #8749 ) ;
#1428 = EDGE_LOOP ( 'NONE', ( #3736, #1618, #3592, #932 ) ) ;
#1429 = STYLED_ITEM ( 'NONE', ( #4145 ), #1369 ) ;
#1430 = STYLED_ITEM ( 'NONE', ( #9294 ), #544 ) ;
#1431 = ORIENTED_EDGE ( 'NONE', *, *, #5553, .F. ) ;
#1432 = DIRECTION ( 'NONE',  ( 0.8987940462991667046, 0.4383711467890780700, 0.0000000000000000000 ) ) ;
#1433 = SURFACE_STYLE_USAGE ( .BOTH. , #5882 ) ;
#1434 = LINE ( 'NONE', #7038, #6841 ) ;
#1435 = CARTESIAN_POINT ( 'NONE',  ( 3.254087265117219019, -4.720193092198077700, 1.984087265117223220 ) ) ;
#1436 = SURFACE_SIDE_STYLE ('',( #6721 ) ) ;
#1437 = EDGE_CURVE ( 'NONE', #3079, #5983, #9442, .T. ) ;
#1438 = SURFACE_STYLE_USAGE ( .BOTH. , #6880 ) ;
#1439 = VERTEX_POINT ( 'NONE', #10182 ) ;
#1440 = UNCERTAINTY_MEASURE_WITH_UNIT (LENGTH_MEASURE( 1.000000000000000082E-05 ), #5991, 'distance_accuracy_value', 'NONE');
#1441 =( GEOMETRIC_REPRESENTATION_CONTEXT ( 3 ) GLOBAL_UNCERTAINTY_ASSIGNED_CONTEXT ( ( #4729 ) ) GLOBAL_UNIT_ASSIGNED_CONTEXT ( ( #7145, #9552, #107 ) ) REPRESENTATION_CONTEXT ( 'NONE', 'WORKASPACE' ) );
#1442 = DIRECTION ( 'NONE',  ( 1.000000000000000000, 0.0000000000000000000, 3.388131789017201849E-16 ) ) ;
#1443 = DIRECTION ( 'NONE',  ( 1.000000000000000000, -0.0000000000000000000, -1.906289534040446993E-16 ) ) ;
#1444 = LINE ( 'NONE', #4612, #8504 ) ;
#1445 = DIRECTION ( 'NONE',  ( -1.000000000000000000, 0.0000000000000000000, -3.388131789017201849E-16 ) ) ;
#1446 = DIRECTION ( 'NONE',  ( 1.906289534040447240E-16, 0.0000000000000000000, 1.000000000000000000 ) ) ;
#1447 = DIRECTION ( 'NONE',  ( 0.8987940462991671486, 0.4383711467890771263, 0.0000000000000000000 ) ) ;
#1448 =( GEOMETRIC_REPRESENTATION_CONTEXT ( 3 ) GLOBAL_UNCERTAINTY_ASSIGNED_CONTEXT ( ( #10212 ) ) GLOBAL_UNIT_ASSIGNED_CONTEXT ( ( #7949, #5572, #3150 ) ) REPRESENTATION_CONTEXT ( 'NONE', 'WORKASPACE' ) );
#1449 = PLANE ( 'NONE',  #3962 ) ;
#1450 = ORIENTED_EDGE ( 'NONE', *, *, #286, .T. ) ;
#1451 = VECTOR ( 'NONE', #6591, 1000.000000000000000 ) ;
#1452 = VERTEX_POINT ( 'NONE', #7181 ) ;
#1453 = ORIENTED_EDGE ( 'NONE', *, *, #626, .F. ) ;
#1454 = DIRECTION ( 'NONE',  ( -0.0000000000000000000, 1.000000000000000000, -0.0000000000000000000 ) ) ;
#1455 = DIRECTION ( 'NONE',  ( 1.000000000000000000, 0.0000000000000000000, 3.388131789017201849E-16 ) ) ;
#1456 = PRESENTATION_STYLE_ASSIGNMENT (( #1553 ) ) ;
#1457 = EDGE_CURVE ( 'NONE', #683, #4408, #7797, .T. ) ;
#1458 = MECHANICAL_DESIGN_GEOMETRIC_PRESENTATION_REPRESENTATION (  '', ( #3273 ), #5417 ) ;
#1459 = FACE_OUTER_BOUND ( 'NONE', #5933, .T. ) ;
#1460 = MECHANICAL_DESIGN_GEOMETRIC_PRESENTATION_REPRESENTATION (  '', ( #5913 ), #9548 ) ;
#1461 = DIRECTION ( 'NONE',  ( -0.4014883995042277665, 0.8231732078530418217, 0.4014883995042278220 ) ) ;
#1462 = CIRCLE ( 'NONE', #4447, 0.5000000000000008882 ) ;
#1463 = EDGE_LOOP ( 'NONE', ( #7262, #561, #7937, #7042 ) ) ;
#1464 = FILL_AREA_STYLE ('',( #1650 ) ) ;
#1465 = VERTEX_POINT ( 'NONE', #685 ) ;
#1467 = ORIENTED_EDGE ( 'NONE', *, *, #6257, .F. ) ;
#1466 = FILL_AREA_STYLE_COLOUR ( '', #5979 ) ;
#1468 =( NAMED_UNIT ( * ) PLANE_ANGLE_UNIT ( ) SI_UNIT ( $, .RADIAN. ) );
#1469 = CARTESIAN_POINT ( 'NONE',  ( -7.500000000000000000, -0.1000000000000000056, 3.200000000000000178 ) ) ;
#1470 = SURFACE_SIDE_STYLE ('',( #6173 ) ) ;
#1471 = FILL_AREA_STYLE ('',( #5454 ) ) ;
#1472 = VECTOR ( 'NONE', #5799, 1000.000000000000000 ) ;
#1473 = AXIS2_PLACEMENT_3D ( 'NONE', #6288, #3979, #2205 ) ;
#1474 = ORIENTED_EDGE ( 'NONE', *, *, #4000, .F. ) ;
#1475 = FACE_BOUND ( 'NONE', #3875, .T. ) ;
#1476 = EDGE_LOOP ( 'NONE', ( #548, #2311, #8378, #9762 ) ) ;
#1477 = VERTEX_POINT ( 'NONE', #1529 ) ;
#1478 = MECHANICAL_DESIGN_GEOMETRIC_PRESENTATION_REPRESENTATION (  '', ( #4141 ), #9407 ) ;
#1479 = SURFACE_STYLE_FILL_AREA ( #2209 ) ;
#1480 = FILL_AREA_STYLE ('',( #848 ) ) ;
#1481 = MECHANICAL_DESIGN_GEOMETRIC_PRESENTATION_REPRESENTATION (  '', ( #4313 ), #3145 ) ;
#1482 = CARTESIAN_POINT ( 'NONE',  ( -10.16000000000000192, 0.0000000000000000000, -4.549999999999999822 ) ) ;
#1483 = STYLED_ITEM ( 'NONE', ( #1398 ), #8139 ) ;
#1484 = COLOUR_RGB ( '',0.3137254901960784270, 0.3137254901960784270, 0.3137254901960784270 ) ;
#1485 =( NAMED_UNIT ( * ) PLANE_ANGLE_UNIT ( ) SI_UNIT ( $, .RADIAN. ) );
#1486 = SURFACE_SIDE_STYLE ('',( #8552 ) ) ;
#1487 = DIRECTION ( 'NONE',  ( -0.0000000000000000000, -1.000000000000000000, -0.0000000000000000000 ) ) ;
#1488 = VECTOR ( 'NONE', #7316, 999.9999999999998863 ) ;
#1489 = ORIENTED_EDGE ( 'NONE', *, *, #6128, .F. ) ;
#1490 = VECTOR ( 'NONE', #4516, 1000.000000000000114 ) ;
#1491 = CARTESIAN_POINT ( 'NONE',  ( -4.760000000000003340, 8.800000000000000711, 1.589999999999997415 ) ) ;
#1492 = FACE_OUTER_BOUND ( 'NONE', #3375, .T. ) ;
#1493 = EDGE_CURVE ( 'NONE', #4042, #6235, #1621, .T. ) ;
#1494 = FACE_OUTER_BOUND ( 'NONE', #9208, .T. ) ;
#1495 = MECHANICAL_DESIGN_GEOMETRIC_PRESENTATION_REPRESENTATION (  '', ( #1327 ), #8581 ) ;
#1496 = AXIS2_PLACEMENT_3D ( 'NONE', #460, #2028, #1208 ) ;
#1497 = PRESENTATION_LAYER_ASSIGNMENT (  '', '', ( #6803 ) ) ;
#1498 = DIRECTION ( 'NONE',  ( 0.0000000000000000000, -0.0000000000000000000, 1.000000000000000000 ) ) ;
#1499 = VECTOR ( 'NONE', #4190, 1000.000000000000000 ) ;
#1500 = ORIENTED_EDGE ( 'NONE', *, *, #10233, .T. ) ;
#1501 = CARTESIAN_POINT ( 'NONE',  ( -2.415093035426346457, -3.000000000000000000, -1.145093035426346884 ) ) ;
#1502 = ORIENTED_EDGE ( 'NONE', *, *, #9336, .T. ) ;
#1503 = DIRECTION ( 'NONE',  ( -1.000000000000000000, 0.0000000000000000000, -3.388131789017201849E-16 ) ) ;
#1504 = LINE ( 'NONE', #3901, #9686 ) ;
#1505 = DIRECTION ( 'NONE',  ( 0.0000000000000000000, 0.0000000000000000000, 1.000000000000000000 ) ) ;
#1506 = UNCERTAINTY_MEASURE_WITH_UNIT (LENGTH_MEASURE( 1.000000000000000082E-05 ), #10236, 'distance_accuracy_value', 'NONE');
#1507 = STYLED_ITEM ( 'NONE', ( #2314 ), #3800 ) ;
#1508 = VECTOR ( 'NONE', #8435, 1000.000000000000000 ) ;
#1509 = EDGE_CURVE ( 'NONE', #912, #8305, #3233, .T. ) ;
#1510 = CARTESIAN_POINT ( 'NONE',  ( 2.664906964573651837, -3.000000000000000000, -1.394906964573656039 ) ) ;
#1511 = EDGE_CURVE ( 'NONE', #5946, #5898, #5404, .T. ) ;
#1512 = EDGE_LOOP ( 'NONE', ( #8135, #1294, #9356, #3823 ) ) ;
#1513 = EDGE_CURVE ( 'NONE', #1976, #2494, #8647, .T. ) ;
#1514 = ORIENTED_EDGE ( 'NONE', *, *, #5063, .T. ) ;
#1516 = ORIENTED_EDGE ( 'NONE', *, *, #9830, .F. ) ;
#1515 = DIRECTION ( 'NONE',  ( 1.000000000000000000, 0.0000000000000000000, 0.0000000000000000000 ) ) ;
#1517 = CARTESIAN_POINT ( 'NONE',  ( -2.250000000000000888, 9.000000000000000000, 4.549999999999999822 ) ) ;
#1518 = PRESENTATION_LAYER_ASSIGNMENT (  '', '', ( #5966 ) ) ;
#1519 = UNCERTAINTY_MEASURE_WITH_UNIT (LENGTH_MEASURE( 1.000000000000000082E-05 ), #2873, 'distance_accuracy_value', 'NONE');
#1520 = CARTESIAN_POINT ( 'NONE',  ( 2.250000000000000000, 1.299999999999999156, -4.551000000000001044 ) ) ;
#1521 = FILL_AREA_STYLE ('',( #1565 ) ) ;
#1522 = SURFACE_STYLE_USAGE ( .BOTH. , #5660 ) ;
#1523 = DIRECTION ( 'NONE',  ( -0.0000000000000000000, 1.000000000000000000, -0.0000000000000000000 ) ) ;
#1524 = FILL_AREA_STYLE_COLOUR ( '', #4769 ) ;
#1525 = VECTOR ( 'NONE', #6076, 1000.000000000000000 ) ;
#1526 = ORIENTED_EDGE ( 'NONE', *, *, #5360, .F. ) ;
#1527 = PRESENTATION_STYLE_ASSIGNMENT (( #7838 ) ) ;
#1528 = ORIENTED_EDGE ( 'NONE', *, *, #4242, .F. ) ;
#1529 = CARTESIAN_POINT ( 'NONE',  ( 2.250000000000000444, 1.299999999999999156, 3.200000000000000622 ) ) ;
#1530 = CARTESIAN_POINT ( 'NONE',  ( 5.303014284694891778, 8.579085153560457755, -1.493014284694895277 ) ) ;
#1531 = ORIENTED_EDGE ( 'NONE', *, *, #8999, .T. ) ;
#1532 = FILL_AREA_STYLE_COLOUR ( '', #1944 ) ;
#1533 = CARTESIAN_POINT ( 'NONE',  ( 3.879726114710206764E-16, -3.000000000000000000, -1.145093035426346884 ) ) ;
#1534 = FILL_AREA_STYLE ('',( #3342 ) ) ;
#1535 = MECHANICAL_DESIGN_GEOMETRIC_PRESENTATION_REPRESENTATION (  '', ( #8788 ), #6666 ) ;
#1536 =( NAMED_UNIT ( * ) SI_UNIT ( $, .STERADIAN. ) SOLID_ANGLE_UNIT ( ) );
#1537 = LINE ( 'NONE', #2256, #9449 ) ;
#1538 = CARTESIAN_POINT ( 'NONE',  ( 5.199999999999996625, 8.800000000000000711, 1.389999999999996794 ) ) ;
#1539 =( GEOMETRIC_REPRESENTATION_CONTEXT ( 3 ) GLOBAL_UNCERTAINTY_ASSIGNED_CONTEXT ( ( #2140 ) ) GLOBAL_UNIT_ASSIGNED_CONTEXT ( ( #3041, #5981, #9233 ) ) REPRESENTATION_CONTEXT ( 'NONE', 'WORKASPACE' ) );
#1540 = LINE ( 'NONE', #8810, #8191 ) ;
#1541 = DIRECTION ( 'NONE',  ( 0.0000000000000000000, 0.0000000000000000000, -1.000000000000000000 ) ) ;
#1542 = ORIENTED_EDGE ( 'NONE', *, *, #10057, .T. ) ;
#1543 = UNCERTAINTY_MEASURE_WITH_UNIT (LENGTH_MEASURE( 1.000000000000000082E-05 ), #7752, 'distance_accuracy_value', 'NONE');
#1544 = FILL_AREA_STYLE ('',( #7763 ) ) ;
#1545 = STYLED_ITEM ( 'NONE', ( #2861 ), #10004 ) ;
#1546 = DIRECTION ( 'NONE',  ( 0.0000000000000000000, -1.000000000000000000, 0.0000000000000000000 ) ) ;
#1547 = DIRECTION ( 'NONE',  ( 0.0000000000000000000, -1.000000000000000000, 0.0000000000000000000 ) ) ;
#1548 = EDGE_CURVE ( 'NONE', #6347, #6812, #2447, .T. ) ;
#1549 = ORIENTED_EDGE ( 'NONE', *, *, #7510, .T. ) ;
#1550 = ORIENTED_EDGE ( 'NONE', *, *, #2465, .T. ) ;
#1551 =( NAMED_UNIT ( * ) SI_UNIT ( $, .STERADIAN. ) SOLID_ANGLE_UNIT ( ) );
#1552 =( NAMED_UNIT ( * ) PLANE_ANGLE_UNIT ( ) SI_UNIT ( $, .RADIAN. ) );
#1553 = SURFACE_STYLE_USAGE ( .BOTH. , #4054 ) ;
#1554 =( LENGTH_UNIT ( ) NAMED_UNIT ( * ) SI_UNIT ( .MILLI., .METRE. ) );
#1555 = SURFACE_STYLE_USAGE ( .BOTH. , #717 ) ;
#1556 = ADVANCED_FACE ( 'NONE', ( #9488 ), #736, .T. ) ;
#1557 = VERTEX_POINT ( 'NONE', #6336 ) ;
#1558 = EDGE_LOOP ( 'NONE', ( #1238, #2901, #4071, #827 ) ) ;
#1560 = VERTEX_POINT ( 'NONE', #2701 ) ;
#1559 = FACE_OUTER_BOUND ( 'NONE', #6358, .T. ) ;
#1561 = CARTESIAN_POINT ( 'NONE',  ( 4.959999999999997300, 8.800000000000000711, 1.589999999999997193 ) ) ;
#1562 = EDGE_CURVE ( 'NONE', #1310, #4127, #4331, .T. ) ;
#1563 = SURFACE_STYLE_FILL_AREA ( #3129 ) ;
#1564 = DIRECTION ( 'NONE',  ( -3.070690223892709539E-16, 0.4226182617406972208, 0.9063077870366510469 ) ) ;
#1565 = FILL_AREA_STYLE_COLOUR ( '', #8745 ) ;
#1566 = CARTESIAN_POINT ( 'NONE',  ( -4.760000000000003340, 8.371098615898084461, 1.589999999999997415 ) ) ;
#1567 = CARTESIAN_POINT ( 'NONE',  ( 0.1500000000000003275, 9.000000000000000000, -4.450000000000000178 ) ) ;
#1568 = ADVANCED_FACE ( 'NONE', ( #989 ), #1723, .T. ) ;
#1569 = ORIENTED_EDGE ( 'NONE', *, *, #6120, .T. ) ;
#1570 = PRESENTATION_STYLE_ASSIGNMENT (( #3819 ) ) ;
#1571 = ORIENTED_EDGE ( 'NONE', *, *, #5178, .F. ) ;
#1572 = DIRECTION ( 'NONE',  ( -0.0000000000000000000, -0.0000000000000000000, 1.000000000000000000 ) ) ;
#1573 = FACE_BOUND ( 'NONE', #3431, .T. ) ;
#1574 = DIRECTION ( 'NONE',  ( 3.388131789017201849E-16, 0.0000000000000000000, -1.000000000000000000 ) ) ;
#1575 = ORIENTED_EDGE ( 'NONE', *, *, #7287, .F. ) ;
#1576 = FILL_AREA_STYLE_COLOUR ( '', #4064 ) ;
#1577 = AXIS2_PLACEMENT_3D ( 'NONE', #3380, #7267, #7476 ) ;
#1578 = EDGE_CURVE ( 'NONE', #7486, #3443, #8028, .T. ) ;
#1579 = EDGE_CURVE ( 'NONE', #8851, #7019, #1872, .T. ) ;
#1580 = COLOUR_RGB ( '',0.9686274509803921573, 0.8784313725490195957, 0.5999999999999999778 ) ;
#1581 = CARTESIAN_POINT ( 'NONE',  ( 4.759999999999997122, 8.800000000000000711, 0.9499999999999971800 ) ) ;
#1582 = SURFACE_SIDE_STYLE ('',( #8656 ) ) ;
#1583 = CARTESIAN_POINT ( 'NONE',  ( 5.399999999999998579, 0.0000000000000000000, -1.590000000000002300 ) ) ;
#1584 = STYLED_ITEM ( 'NONE', ( #3567 ), #1250 ) ;
#1585 = AXIS2_PLACEMENT_3D ( 'NONE', #1392, #7459, #334 ) ;
#1586 = CARTESIAN_POINT ( 'NONE',  ( 4.759999999999998899, 8.800000000000000711, -0.9500000000000025091 ) ) ;
#1587 = LINE ( 'NONE', #6248, #8450 ) ;
#1588 = AXIS2_PLACEMENT_3D ( 'NONE', #2040, #479, #3611 ) ;
#1589 = ORIENTED_EDGE ( 'NONE', *, *, #2774, .F. ) ;
#1590 = PRESENTATION_STYLE_ASSIGNMENT (( #5579 ) ) ;
#1591 = CARTESIAN_POINT ( 'NONE',  ( -7.500000000000000000, -0.1000000000000000056, -3.200000000000000178 ) ) ;
#1592 = MECHANICAL_DESIGN_GEOMETRIC_PRESENTATION_REPRESENTATION (  '', ( #3749 ), #9513 ) ;
#1593 = CIRCLE ( 'NONE', #71, 0.5000000000000008882 ) ;
#1594 = STYLED_ITEM ( 'NONE', ( #8123 ), #6251 ) ;
#1595 = VERTEX_POINT ( 'NONE', #199 ) ;
#1596 = VECTOR ( 'NONE', #7270, 1000.000000000000000 ) ;
#1597 = ORIENTED_EDGE ( 'NONE', *, *, #2005, .T. ) ;
#1598 = CARTESIAN_POINT ( 'NONE',  ( 5.399999999999998579, 1.299999999999999156, -0.9500000000000022871 ) ) ;
#1599 = LINE ( 'NONE', #7162, #6709 ) ;
#1600 = CARTESIAN_POINT ( 'NONE',  ( 4.759999999999998899, 1.299999999999999156, 0.0000000000000000000 ) ) ;
#1601 = DIRECTION ( 'NONE',  ( 0.9063077870366511579, 0.4226182617406970543, 0.0000000000000000000 ) ) ;
#1602 = UNCERTAINTY_MEASURE_WITH_UNIT (LENGTH_MEASURE( 1.000000000000000082E-05 ), #4509, 'distance_accuracy_value', 'NONE');
#1603 = SURFACE_SIDE_STYLE ('',( #8575 ) ) ;
#1604 = CARTESIAN_POINT ( 'NONE',  ( -7.500000000000000000, -0.1000000000000000056, 2.699999999999999289 ) ) ;
#1605 = PRESENTATION_LAYER_ASSIGNMENT (  '', '', ( #3257 ) ) ;
#1606 = EDGE_LOOP ( 'NONE', ( #7246, #7816, #7160, #5963 ) ) ;
#1607 = ORIENTED_EDGE ( 'NONE', *, *, #6891, .T. ) ;
#1609 = ORIENTED_EDGE ( 'NONE', *, *, #301, .T. ) ;
#1608 = SURFACE_SIDE_STYLE ('',( #829 ) ) ;
#1610 = CARTESIAN_POINT ( 'NONE',  ( -5.400000000000003020, 8.371098615898084461, 0.9499999999999971800 ) ) ;
#1611 = PRESENTATION_LAYER_ASSIGNMENT (  '', '', ( #6069 ) ) ;
#1612 = LINE ( 'NONE', #5597, #3422 ) ;
#1613 =( NAMED_UNIT ( * ) SI_UNIT ( $, .STERADIAN. ) SOLID_ANGLE_UNIT ( ) );
#1614 = LINE ( 'NONE', #9436, #6397 ) ;
#1615 = DIRECTION ( 'NONE',  ( 1.000000000000000000, 0.0000000000000000000, 1.694065894508600925E-16 ) ) ;
#1616 =( GEOMETRIC_REPRESENTATION_CONTEXT ( 3 ) GLOBAL_UNCERTAINTY_ASSIGNED_CONTEXT ( ( #8985 ) ) GLOBAL_UNIT_ASSIGNED_CONTEXT ( ( #9740, #4205, #5935 ) ) REPRESENTATION_CONTEXT ( 'NONE', 'WORKASPACE' ) );
#1617 = EDGE_CURVE ( 'NONE', #5898, #776, #5051, .T. ) ;
#1618 = ORIENTED_EDGE ( 'NONE', *, *, #421, .F. ) ;
#1619 = FACE_OUTER_BOUND ( 'NONE', #6096, .T. ) ;
#1620 = ORIENTED_EDGE ( 'NONE', *, *, #468, .F. ) ;
#1621 = LINE ( 'NONE', #2244, #2248 ) ;
#1622 = VECTOR ( 'NONE', #5020, 1000.000000000000000 ) ;
#1623 =( LENGTH_UNIT ( ) NAMED_UNIT ( * ) SI_UNIT ( .MILLI., .METRE. ) );
#1624 = FILL_AREA_STYLE ('',( #6387 ) ) ;
#1625 =( NAMED_UNIT ( * ) SI_UNIT ( $, .STERADIAN. ) SOLID_ANGLE_UNIT ( ) );
#1626 =( LENGTH_UNIT ( ) NAMED_UNIT ( * ) SI_UNIT ( .MILLI., .METRE. ) );
#1627 =( NAMED_UNIT ( * ) PLANE_ANGLE_UNIT ( ) SI_UNIT ( $, .RADIAN. ) );
#1628 = VECTOR ( 'NONE', #3822, 1000.000000000000000 ) ;
#1629 = LINE ( 'NONE', #4805, #6154 ) ;
#1630 = EDGE_CURVE ( 'NONE', #7616, #9929, #3387, .T. ) ;
#1631 = FILL_AREA_STYLE_COLOUR ( '', #847 ) ;
#1632 = CARTESIAN_POINT ( 'NONE',  ( 0.0000000000000000000, -0.1000000000000000056, -3.200000000000000178 ) ) ;
#1633 = CARTESIAN_POINT ( 'NONE',  ( 0.3199999999999982303, 8.371098615898084461, -0.9500000000000022871 ) ) ;
#1634 = EDGE_CURVE ( 'NONE', #2353, #713, #1091, .T. ) ;
#1635 = DIRECTION ( 'NONE',  ( 0.0000000000000000000, 0.0000000000000000000, -1.000000000000000000 ) ) ;
#1636 = EDGE_CURVE ( 'NONE', #4394, #1701, #1777, .T. ) ;
#1637 = VERTEX_POINT ( 'NONE', #2506 ) ;
#1638 =( LENGTH_UNIT ( ) NAMED_UNIT ( * ) SI_UNIT ( .MILLI., .METRE. ) );
#1639 = VERTEX_POINT ( 'NONE', #8962 ) ;
#1640 = UNCERTAINTY_MEASURE_WITH_UNIT (LENGTH_MEASURE( 1.000000000000000082E-05 ), #9797, 'distance_accuracy_value', 'NONE');
#1641 =( NAMED_UNIT ( * ) PLANE_ANGLE_UNIT ( ) SI_UNIT ( $, .RADIAN. ) );
#1642 =( NAMED_UNIT ( * ) PLANE_ANGLE_UNIT ( ) SI_UNIT ( $, .RADIAN. ) );
#1643 =( LENGTH_UNIT ( ) NAMED_UNIT ( * ) SI_UNIT ( .MILLI., .METRE. ) );
#1644 = LINE ( 'NONE', #3841, #2677 ) ;
#1645 = STYLED_ITEM ( 'NONE', ( #2589 ), #8081 ) ;
#1646 =( GEOMETRIC_REPRESENTATION_CONTEXT ( 3 ) GLOBAL_UNCERTAINTY_ASSIGNED_CONTEXT ( ( #7458 ) ) GLOBAL_UNIT_ASSIGNED_CONTEXT ( ( #779, #568, #3863 ) ) REPRESENTATION_CONTEXT ( 'NONE', 'WORKASPACE' ) );
#1647 = DIRECTION ( 'NONE',  ( 1.694065894508600925E-16, 0.0000000000000000000, -1.000000000000000000 ) ) ;
#1648 = CARTESIAN_POINT ( 'NONE',  ( -2.220000000000002860, 1.299999999999999156, 0.9499999999999972911 ) ) ;
#1649 = VECTOR ( 'NONE', #7570, 1000.000000000000000 ) ;
#1650 = FILL_AREA_STYLE_COLOUR ( '', #2254 ) ;
#1651 = VECTOR ( 'NONE', #7718, 1000.000000000000114 ) ;
#1652 = ORIENTED_EDGE ( 'NONE', *, *, #9830, .T. ) ;
#1653 = ADVANCED_FACE ( 'NONE', ( #5665 ), #246, .F. ) ;
#1654 = ORIENTED_EDGE ( 'NONE', *, *, #4179, .F. ) ;
#1655 = DIRECTION ( 'NONE',  ( -1.000000000000000000, 0.0000000000000000000, -1.694065894508600925E-16 ) ) ;
#1656 = VECTOR ( 'NONE', #1498, 1000.000000000000000 ) ;
#1657 = PRESENTATION_LAYER_ASSIGNMENT (  '', '', ( #1327 ) ) ;
#1658 = FILL_AREA_STYLE_COLOUR ( '', #9827 ) ;
#1659 = SURFACE_SIDE_STYLE ('',( #8729 ) ) ;
#1660 = CARTESIAN_POINT ( 'NONE',  ( 2.219999999999997531, 1.299999999999999156, -0.9500000000000025091 ) ) ;
#1661 = STYLED_ITEM ( 'NONE', ( #8773 ), #4435 ) ;
#1662 = MECHANICAL_DESIGN_GEOMETRIC_PRESENTATION_REPRESENTATION (  '', ( #2648 ), #2987 ) ;
#1663 = ORIENTED_EDGE ( 'NONE', *, *, #10142, .F. ) ;
#1664 = VERTEX_POINT ( 'NONE', #3752 ) ;
#1665 = CARTESIAN_POINT ( 'NONE',  ( -5.400000000000002132, 1.299999999999999156, -0.9500000000000025091 ) ) ;
#1666 = AXIS2_PLACEMENT_3D ( 'NONE', #7880, #2348, #6224 ) ;
#1667 = FILL_AREA_STYLE_COLOUR ( '', #6044 ) ;
#1668 =( LENGTH_UNIT ( ) NAMED_UNIT ( * ) SI_UNIT ( .MILLI., .METRE. ) );
#1669 = VECTOR ( 'NONE', #719, 1000.000000000000000 ) ;
#1670 =( NAMED_UNIT ( * ) SI_UNIT ( $, .STERADIAN. ) SOLID_ANGLE_UNIT ( ) );
#1671 = MECHANICAL_DESIGN_GEOMETRIC_PRESENTATION_REPRESENTATION (  '', ( #5647 ), #2830 ) ;
#1672 = ORIENTED_EDGE ( 'NONE', *, *, #3572, .T. ) ;
#1673 = AXIS2_PLACEMENT_3D ( 'NONE', #3155, #4721, #4670 ) ;
#1674 = EDGE_LOOP ( 'NONE', ( #777, #8466, #3133, #6388 ) ) ;
#1675 = EDGE_CURVE ( 'NONE', #1846, #1309, #2911, .T. ) ;
#1676 =( NAMED_UNIT ( * ) PLANE_ANGLE_UNIT ( ) SI_UNIT ( $, .RADIAN. ) );
#1677 = FACE_OUTER_BOUND ( 'NONE', #672, .T. ) ;
#1678 = ORIENTED_EDGE ( 'NONE', *, *, #301, .F. ) ;
#1679 = CARTESIAN_POINT ( 'NONE',  ( -5.200000000000001954, 8.800000000000000711, 1.389999999999996572 ) ) ;
#1680 = CARTESIAN_POINT ( 'NONE',  ( -5.200000000000001066, 8.800000000000000711, -1.390000000000002123 ) ) ;
#1681 = PRESENTATION_LAYER_ASSIGNMENT (  '', '', ( #8114 ) ) ;
#1682 = FILL_AREA_STYLE_COLOUR ( '', #2862 ) ;
#1683 =( NAMED_UNIT ( * ) SI_UNIT ( $, .STERADIAN. ) SOLID_ANGLE_UNIT ( ) );
#1684 = CARTESIAN_POINT ( 'NONE',  ( 0.0000000000000000000, 8.800000000000000711, 0.0000000000000000000 ) ) ;
#1685 = VECTOR ( 'NONE', #4291, 1000.000000000000114 ) ;
#1686 = LINE ( 'NONE', #7994, #8709 ) ;
#1687 = COLOUR_RGB ( '',0.3137254901960784270, 0.3137254901960784270, 0.3137254901960784270 ) ;
#1688 = ORIENTED_EDGE ( 'NONE', *, *, #2559, .T. ) ;
#1689 = DIRECTION ( 'NONE',  ( 0.3892816206350231401, 0.8348171294789895613, 0.3892816206350230845 ) ) ;
#1690 =( NAMED_UNIT ( * ) PLANE_ANGLE_UNIT ( ) SI_UNIT ( $, .RADIAN. ) );
#1691 = ADVANCED_FACE ( 'NONE', ( #9262 ), #9111, .F. ) ;
#1692 = CARTESIAN_POINT ( 'NONE',  ( -2.420000000000003482, 8.800000000000000711, 0.9499999999999972911 ) ) ;
#1693 = CARTESIAN_POINT ( 'NONE',  ( 0.3199999999999973976, -2.600000000000000089, 0.9499999999999972911 ) ) ;
#1694 = LINE ( 'NONE', #4870, #1161 ) ;
#1695 = PRESENTATION_STYLE_ASSIGNMENT (( #4243 ) ) ;
#1696 = ADVANCED_FACE ( 'NONE', ( #9860 ), #3651, .T. ) ;
#1697 = EDGE_CURVE ( 'NONE', #6897, #249, #1307, .T. ) ;
#1698 = MECHANICAL_DESIGN_GEOMETRIC_PRESENTATION_REPRESENTATION (  '', ( #6323 ), #3195 ) ;
#1699 = CARTESIAN_POINT ( 'NONE',  ( 4.759999999999997122, 8.800000000000000711, 1.589999999999997193 ) ) ;
#1700 = SURFACE_STYLE_USAGE ( .BOTH. , #118 ) ;
#1701 = VERTEX_POINT ( 'NONE', #1361 ) ;
#1702 = ORIENTED_EDGE ( 'NONE', *, *, #5131, .T. ) ;
#1703 = AXIS2_PLACEMENT_3D ( 'NONE', #616, #9367, #7626 ) ;
#1704 = CARTESIAN_POINT ( 'NONE',  ( -5.400000000000002132, 8.800000000000000711, -1.590000000000002522 ) ) ;
#1705 = SURFACE_STYLE_FILL_AREA ( #7315 ) ;
#1706 = SURFACE_STYLE_USAGE ( .BOTH. , #716 ) ;
#1707 = FACE_OUTER_BOUND ( 'NONE', #2794, .T. ) ;
#1708 = EDGE_CURVE ( 'NONE', #9445, #564, #3062, .T. ) ;
#1709 = EDGE_CURVE ( 'NONE', #7628, #3172, #8875, .T. ) ;
#1710 = FILL_AREA_STYLE ('',( #78 ) ) ;
#1711 = ORIENTED_EDGE ( 'NONE', *, *, #4826, .T. ) ;
#1712 = LINE ( 'NONE', #3326, #8082 ) ;
#1713 = ORIENTED_EDGE ( 'NONE', *, *, #6838, .F. ) ;
#1715 = ORIENTED_EDGE ( 'NONE', *, *, #9336, .F. ) ;
#1714 = DIRECTION ( 'NONE',  ( -0.8987940462991667046, 0.4383711467890779034, -0.0000000000000000000 ) ) ;
#1716 = DIRECTION ( 'NONE',  ( -0.3892816206350235841, 0.8348171294789892283, -0.3892816206350230845 ) ) ;
#1717 = CARTESIAN_POINT ( 'NONE',  ( -2.220000000000002860, 8.800000000000000711, 0.9499999999999972911 ) ) ;
#1718 = FILL_AREA_STYLE_COLOUR ( '', #2558 ) ;
#1719 = CARTESIAN_POINT ( 'NONE',  ( -5.400000000000002132, 8.800000000000000711, -0.9500000000000025091 ) ) ;
#1720 = ORIENTED_EDGE ( 'NONE', *, *, #2000, .T. ) ;
#1721 =( LENGTH_UNIT ( ) NAMED_UNIT ( * ) SI_UNIT ( .MILLI., .METRE. ) );
#1722 = ORIENTED_EDGE ( 'NONE', *, *, #7347, .T. ) ;
#1723 = PLANE ( 'NONE',  #4260 ) ;
#1724 = FILL_AREA_STYLE_COLOUR ( '', #1789 ) ;
#1725 = ORIENTED_EDGE ( 'NONE', *, *, #7467, .F. ) ;
#1726 = ORIENTED_EDGE ( 'NONE', *, *, #3744, .T. ) ;
#1727 =( LENGTH_UNIT ( ) NAMED_UNIT ( * ) SI_UNIT ( .MILLI., .METRE. ) );
#1728 = SURFACE_SIDE_STYLE ('',( #3045 ) ) ;
#1729 = MECHANICAL_DESIGN_GEOMETRIC_PRESENTATION_REPRESENTATION (  '', ( #5856 ), #7523 ) ;
#1730 = EDGE_CURVE ( 'NONE', #9673, #459, #7198, .T. ) ;
#1731 = LINE ( 'NONE', #258, #5603 ) ;
#1732 =( GEOMETRIC_REPRESENTATION_CONTEXT ( 3 ) GLOBAL_UNCERTAINTY_ASSIGNED_CONTEXT ( ( #176 ) ) GLOBAL_UNIT_ASSIGNED_CONTEXT ( ( #38, #4322, #8213 ) ) REPRESENTATION_CONTEXT ( 'NONE', 'WORKASPACE' ) );
#1733 = SURFACE_STYLE_FILL_AREA ( #3397 ) ;
#1734 = FACE_OUTER_BOUND ( 'NONE', #1512, .T. ) ;
#1735 = VECTOR ( 'NONE', #5952, 1000.000000000000000 ) ;
#1736 = ORIENTED_EDGE ( 'NONE', *, *, #4862, .T. ) ;
#1737 = CARTESIAN_POINT ( 'NONE',  ( -4.760000000000002451, 0.0000000000000000000, -0.9500000000000022871 ) ) ;
#1738 =( NAMED_UNIT ( * ) SI_UNIT ( $, .STERADIAN. ) SOLID_ANGLE_UNIT ( ) );
#1739 = VECTOR ( 'NONE', #9468, 1000.000000000000000 ) ;
#1740 = PLANE ( 'NONE',  #8024 ) ;
#1741 = CARTESIAN_POINT ( 'NONE',  ( 7.500000000000000000, -0.1000000000000000056, -3.700000000000001066 ) ) ;
#1742 = EDGE_CURVE ( 'NONE', #9022, #1884, #3018, .T. ) ;
#1743 = DIRECTION ( 'NONE',  ( -1.000000000000000000, 0.0000000000000000000, -3.388131789017201849E-16 ) ) ;
#1744 = AXIS2_PLACEMENT_3D ( 'NONE', #127, #1904, #8886 ) ;
#1745 = CIRCLE ( 'NONE', #2569, 0.5000000000000008882 ) ;
#1746 = CARTESIAN_POINT ( 'NONE',  ( 2.540000000000000036, -3.000000000000000000, 1.145093035426344441 ) ) ;
#1747 = ADVANCED_FACE ( 'NONE', ( #3256 ), #4874, .T. ) ;
#1748 = COLOUR_RGB ( '',0.9686274509803921573, 0.8784313725490195957, 0.5999999999999999778 ) ;
#1749 = EDGE_LOOP ( 'NONE', ( #3763, #9663, #5432, #1500 ) ) ;
#1750 = VERTEX_POINT ( 'NONE', #4827 ) ;
#1751 = FILL_AREA_STYLE_COLOUR ( '', #2953 ) ;
#1752 = UNCERTAINTY_MEASURE_WITH_UNIT (LENGTH_MEASURE( 1.000000000000000082E-05 ), #9926, 'distance_accuracy_value', 'NONE');
#1753 = VECTOR ( 'NONE', #5737, 999.9999999999998863 ) ;
#1754 = STYLED_ITEM ( 'NONE', ( #6508 ), #647 ) ;
#1755 = DIRECTION ( 'NONE',  ( 0.3892816206350230845, -0.8348171294789894503, -0.3892816206350231401 ) ) ;
#1756 = SURFACE_STYLE_FILL_AREA ( #6157 ) ;
#1757 = FILL_AREA_STYLE ('',( #1658 ) ) ;
#1758 = DIRECTION ( 'NONE',  ( 1.000000000000000000, 0.0000000000000000000, 1.694065894508600925E-16 ) ) ;
#1759 =( NAMED_UNIT ( * ) SI_UNIT ( $, .STERADIAN. ) SOLID_ANGLE_UNIT ( ) );
#1760 =( GEOMETRIC_REPRESENTATION_CONTEXT ( 3 ) GLOBAL_UNCERTAINTY_ASSIGNED_CONTEXT ( ( #7719 ) ) GLOBAL_UNIT_ASSIGNED_CONTEXT ( ( #8903, #1199, #4269 ) ) REPRESENTATION_CONTEXT ( 'NONE', 'WORKASPACE' ) );
#1761 = EDGE_LOOP ( 'NONE', ( #7210, #1134, #9639, #1320 ) ) ;
#1762 = AXIS2_PLACEMENT_3D ( 'NONE', #9807, #7514, #1864 ) ;
#1763 = EDGE_LOOP ( 'NONE', ( #5031, #4072, #6094, #5030 ) ) ;
#1764 = VERTEX_POINT ( 'NONE', #7960 ) ;
#1765 = EDGE_CURVE ( 'NONE', #10007, #7259, #8779, .T. ) ;
#1766 = DIRECTION ( 'NONE',  ( 0.0000000000000000000, 0.0000000000000000000, 1.000000000000000000 ) ) ;
#1767 = EDGE_CURVE ( 'NONE', #9022, #2725, #2574, .T. ) ;
#1768 = CARTESIAN_POINT ( 'NONE',  ( -2.220000000000001972, 8.371098615898084461, -0.9500000000000022871 ) ) ;
#1769 = DIRECTION ( 'NONE',  ( -0.0000000000000000000, 0.0000000000000000000, 1.000000000000000000 ) ) ;
#1770 = VECTOR ( 'NONE', #619, 1000.000000000000000 ) ;
#1771 = DIRECTION ( 'NONE',  ( 1.000000000000000000, 0.0000000000000000000, 0.0000000000000000000 ) ) ;
#1772 = FACE_OUTER_BOUND ( 'NONE', #7348, .T. ) ;
#1773 = STYLED_ITEM ( 'NONE', ( #3266 ), #1128 ) ;
#1774 =( GEOMETRIC_REPRESENTATION_CONTEXT ( 3 ) GLOBAL_UNCERTAINTY_ASSIGNED_CONTEXT ( ( #8339 ) ) GLOBAL_UNIT_ASSIGNED_CONTEXT ( ( #3211, #2426, #1066 ) ) REPRESENTATION_CONTEXT ( 'NONE', 'WORKASPACE' ) );
#1775 = VECTOR ( 'NONE', #9977, 1000.000000000000000 ) ;
#1776 = ORIENTED_EDGE ( 'NONE', *, *, #8568, .T. ) ;
#1777 = LINE ( 'NONE', #306, #3940 ) ;
#1778 = VERTEX_POINT ( 'NONE', #902 ) ;
#1779 = ORIENTED_EDGE ( 'NONE', *, *, #344, .F. ) ;
#1780 = CARTESIAN_POINT ( 'NONE',  ( 6.123233995736772199E-17, 0.0000000000000000000, 2.699999999999999289 ) ) ;
#1781 = LINE ( 'NONE', #5821, #3937 ) ;
#1782 =( GEOMETRIC_REPRESENTATION_CONTEXT ( 3 ) GLOBAL_UNCERTAINTY_ASSIGNED_CONTEXT ( ( #9469 ) ) GLOBAL_UNIT_ASSIGNED_CONTEXT ( ( #462, #3657, #10122 ) ) REPRESENTATION_CONTEXT ( 'NONE', 'WORKASPACE' ) );
#1783 =( NAMED_UNIT ( * ) SI_UNIT ( $, .STERADIAN. ) SOLID_ANGLE_UNIT ( ) );
#1784 = SURFACE_SIDE_STYLE ('',( #9604 ) ) ;
#1785 = FILL_AREA_STYLE_COLOUR ( '', #2105 ) ;
#1786 = VECTOR ( 'NONE', #138, 1000.000000000000227 ) ;
#1787 = SURFACE_STYLE_USAGE ( .BOTH. , #6618 ) ;
#1788 = DIRECTION ( 'NONE',  ( 0.0000000000000000000, -0.0000000000000000000, -1.000000000000000000 ) ) ;
#1789 = COLOUR_RGB ( '',0.9686274509803921573, 0.8784313725490195957, 0.5999999999999999778 ) ;
#1790 = CARTESIAN_POINT ( 'NONE',  ( -4.760000000000002451, 8.800000000000000711, -0.9500000000000022871 ) ) ;
#1791 = CARTESIAN_POINT ( 'NONE',  ( 2.219999999999997531, 8.371098615898084461, -0.9500000000000025091 ) ) ;
#1792 = VECTOR ( 'NONE', #2300, 1000.000000000000000 ) ;
#1793 =( LENGTH_UNIT ( ) NAMED_UNIT ( * ) SI_UNIT ( .MILLI., .METRE. ) );
#1794 = FILL_AREA_STYLE_COLOUR ( '', #7608 ) ;
#1795 = VECTOR ( 'NONE', #3496, 1000.000000000000000 ) ;
#1796 = VECTOR ( 'NONE', #6150, 1000.000000000000114 ) ;
#1797 = DIRECTION ( 'NONE',  ( 0.0000000000000000000, 0.0000000000000000000, 1.000000000000000000 ) ) ;
#1798 = ORIENTED_EDGE ( 'NONE', *, *, #1634, .T. ) ;
#1799 = EDGE_CURVE ( 'NONE', #8004, #8085, #4049, .T. ) ;
#1800 = ORIENTED_EDGE ( 'NONE', *, *, #7556, .T. ) ;
#1801 = PRESENTATION_STYLE_ASSIGNMENT (( #1124 ) ) ;
#1802 = STYLED_ITEM ( 'NONE', ( #1859 ), #8091 ) ;
#1803 = FACE_OUTER_BOUND ( 'NONE', #3362, .T. ) ;
#1804 = PRESENTATION_LAYER_ASSIGNMENT (  '', '', ( #8383 ) ) ;
#1805 = SURFACE_SIDE_STYLE ('',( #7507 ) ) ;
#1806 = STYLED_ITEM ( 'NONE', ( #1083 ), #3424 ) ;
#1807 =( NAMED_UNIT ( * ) PLANE_ANGLE_UNIT ( ) SI_UNIT ( $, .RADIAN. ) );
#1808 = COLOUR_RGB ( '',0.9686274509803921573, 0.8784313725490195957, 0.5999999999999999778 ) ;
#1809 = ORIENTED_EDGE ( 'NONE', *, *, #7571, .T. ) ;
#1810 = MECHANICAL_DESIGN_GEOMETRIC_PRESENTATION_REPRESENTATION (  '', ( #2635 ), #4310 ) ;
#1811 = EDGE_LOOP ( 'NONE', ( #9802, #1227, #6490, #5705 ) ) ;
#1812 = VERTEX_POINT ( 'NONE', #9619 ) ;
#1813 = DIRECTION ( 'NONE',  ( 0.0000000000000000000, -1.000000000000000000, 0.0000000000000000000 ) ) ;
#1814 = CARTESIAN_POINT ( 'NONE',  ( 4.759999999999997122, 1.299999999999999156, 0.9499999999999971800 ) ) ;
#1815 = PLANE ( 'NONE',  #4895 ) ;
#1816 = LINE ( 'NONE', #8901, #9850 ) ;
#1817 = UNCERTAINTY_MEASURE_WITH_UNIT (LENGTH_MEASURE( 1.000000000000000082E-05 ), #7638, 'distance_accuracy_value', 'NONE');
#1818 = AXIS2_PLACEMENT_3D ( 'NONE', #4728, #769, #2330 ) ;
#1819 = CARTESIAN_POINT ( 'NONE',  ( 2.659999999999997478, 8.800000000000000711, -1.150000000000003020 ) ) ;
#1820 = FILL_AREA_STYLE_COLOUR ( '', #998 ) ;
#1821 = EDGE_CURVE ( 'NONE', #469, #6628, #5690, .T. ) ;
#1822 = EDGE_CURVE ( 'NONE', #8305, #10021, #10118, .T. ) ;
#1823 = ADVANCED_FACE ( 'NONE', ( #2532 ), #9313, .T. ) ;
#1824 = MECHANICAL_DESIGN_GEOMETRIC_PRESENTATION_REPRESENTATION (  '', ( #5628 ), #9454 ) ;
#1825 = EDGE_LOOP ( 'NONE', ( #6738, #5091, #1189, #7096 ) ) ;
#1826 = PRESENTATION_STYLE_ASSIGNMENT (( #1147 ) ) ;
#1827 = SURFACE_STYLE_FILL_AREA ( #8912 ) ;
#1828 = EDGE_LOOP ( 'NONE', ( #305, #1874, #3755, #4546 ) ) ;
#1829 = VERTEX_POINT ( 'NONE', #9079 ) ;
#1830 = LINE ( 'NONE', #6659, #2111 ) ;
#1831 = UNCERTAINTY_MEASURE_WITH_UNIT (LENGTH_MEASURE( 1.000000000000000082E-05 ), #9541, 'distance_accuracy_value', 'NONE');
#1832 = FACE_OUTER_BOUND ( 'NONE', #5556, .T. ) ;
#1833 = FILL_AREA_STYLE_COLOUR ( '', #6216 ) ;
#1834 =( NAMED_UNIT ( * ) SI_UNIT ( $, .STERADIAN. ) SOLID_ANGLE_UNIT ( ) );
#1835 = VECTOR ( 'NONE', #6694, 1000.000000000000000 ) ;
#1836 = PRESENTATION_LAYER_ASSIGNMENT (  '', '', ( #3676 ) ) ;
#1837 = EDGE_CURVE ( 'NONE', #4723, #1875, #1894, .T. ) ;
#1838 =( NAMED_UNIT ( * ) PLANE_ANGLE_UNIT ( ) SI_UNIT ( $, .RADIAN. ) );
#1839 = DIRECTION ( 'NONE',  ( 0.4014883995042277109, 0.8231732078530418217, -0.4014883995042277109 ) ) ;
#1840 = EDGE_LOOP ( 'NONE', ( #2913, #904, #8614, #331 ) ) ;
#1841 = SURFACE_STYLE_FILL_AREA ( #8926 ) ;
#1842 = VECTOR ( 'NONE', #588, 1000.000000000000000 ) ;
#1843 = DIRECTION ( 'NONE',  ( -0.3892816206350238062, -0.8348171294789892283, 0.3892816206350230845 ) ) ;
#1844 = DIRECTION ( 'NONE',  ( 1.000000000000000000, 0.0000000000000000000, 0.0000000000000000000 ) ) ;
#1845 =( LENGTH_UNIT ( ) NAMED_UNIT ( * ) SI_UNIT ( .MILLI., .METRE. ) );
#1846 = VERTEX_POINT ( 'NONE', #9031 ) ;
#1847 = ORIENTED_EDGE ( 'NONE', *, *, #4248, .F. ) ;
#1848 = DIRECTION ( 'NONE',  ( 0.0000000000000000000, -1.000000000000000000, 0.0000000000000000000 ) ) ;
#1849 = UNCERTAINTY_MEASURE_WITH_UNIT (LENGTH_MEASURE( 1.000000000000000082E-05 ), #9658, 'distance_accuracy_value', 'NONE');
#1850 = FACE_BOUND ( 'NONE', #5844, .T. ) ;
#1851 = CARTESIAN_POINT ( 'NONE',  ( -5.400000000000003020, 8.371098615898084461, 1.589999999999997193 ) ) ;
#1852 = CARTESIAN_POINT ( 'NONE',  ( -6.015304598860760521, 7.922709448335786497, 4.450000000000000178 ) ) ;
#1853 = LINE ( 'NONE', #5174, #1876 ) ;
#1854 = DIRECTION ( 'NONE',  ( 0.0000000000000000000, -0.0000000000000000000, 1.000000000000000000 ) ) ;
#1855 = STYLED_ITEM ( 'NONE', ( #3542 ), #9938 ) ;
#1856 =( NAMED_UNIT ( * ) PLANE_ANGLE_UNIT ( ) SI_UNIT ( $, .RADIAN. ) );
#1857 = MECHANICAL_DESIGN_GEOMETRIC_PRESENTATION_REPRESENTATION (  '', ( #5500 ), #5989 ) ;
#1858 = EDGE_CURVE ( 'NONE', #8951, #5297, #5834, .T. ) ;
#1859 = PRESENTATION_STYLE_ASSIGNMENT (( #5754 ) ) ;
#1860 = VECTOR ( 'NONE', #3473, 1000.000000000000000 ) ;
#1861 = ORIENTED_EDGE ( 'NONE', *, *, #1266, .F. ) ;
#1862 = ORIENTED_EDGE ( 'NONE', *, *, #8290, .T. ) ;
#1863 = DIRECTION ( 'NONE',  ( 0.4014883995042277665, -0.8231732078530418217, -0.4014883995042278220 ) ) ;
#1864 = DIRECTION ( 'NONE',  ( 0.0000000000000000000, 0.0000000000000000000, 1.000000000000000000 ) ) ;
#1865 = LINE ( 'NONE', #1081, #395 ) ;
#1866 = LINE ( 'NONE', #3384, #2591 ) ;
#1867 =( LENGTH_UNIT ( ) NAMED_UNIT ( * ) SI_UNIT ( .MILLI., .METRE. ) );
#1868 = PRESENTATION_LAYER_ASSIGNMENT (  '', '', ( #4707 ) ) ;
#1869 = DIRECTION ( 'NONE',  ( 0.0000000000000000000, 0.7071067811865475727, -0.7071067811865475727 ) ) ;
#1870 = ORIENTED_EDGE ( 'NONE', *, *, #7519, .F. ) ;
#1871 = ADVANCED_FACE ( 'NONE', ( #1178 ), #1060, .F. ) ;
#1872 = LINE ( 'NONE', #8173, #7398 ) ;
#1873 = CARTESIAN_POINT ( 'NONE',  ( -8.860000000000002984, 6.199999999999999289, 1.750000000000000222 ) ) ;
#1874 = ORIENTED_EDGE ( 'NONE', *, *, #9747, .F. ) ;
#1875 = VERTEX_POINT ( 'NONE', #5029 ) ;
#1876 = VECTOR ( 'NONE', #1231, 1000.000000000000000 ) ;
#1877 = DIRECTION ( 'NONE',  ( 0.0000000000000000000, -1.000000000000000000, 0.0000000000000000000 ) ) ;
#1878 = EDGE_CURVE ( 'NONE', #734, #9155, #9939, .T. ) ;
#1879 = CARTESIAN_POINT ( 'NONE',  ( 0.0000000000000000000, -0.1000000000000000056, 3.200000000000000178 ) ) ;
#1880 = FILL_AREA_STYLE ('',( #5111 ) ) ;
#1881 =( LENGTH_UNIT ( ) NAMED_UNIT ( * ) SI_UNIT ( .MILLI., .METRE. ) );
#1882 = SURFACE_STYLE_USAGE ( .BOTH. , #9018 ) ;
#1883 = CARTESIAN_POINT ( 'NONE',  ( 2.859999999999996767, 8.800000000000000711, 0.9499999999999972911 ) ) ;
#1884 = VERTEX_POINT ( 'NONE', #6626 ) ;
#1885 = ADVANCED_FACE ( 'NONE', ( #4251 ), #9883, .T. ) ;
#1886 = EDGE_CURVE ( 'NONE', #3656, #7903, #6992, .T. ) ;
#1887 = MECHANICAL_DESIGN_GEOMETRIC_PRESENTATION_REPRESENTATION (  '', ( #3058 ), #1234 ) ;
#1888 = DIRECTION ( 'NONE',  ( 0.0000000000000000000, 0.0000000000000000000, 1.000000000000000000 ) ) ;
#1889 = COLOUR_RGB ( '',0.3137254901960784270, 0.3137254901960784270, 0.3137254901960784270 ) ;
#1890 = FILL_AREA_STYLE ('',( #2675 ) ) ;
#1891 = DIRECTION ( 'NONE',  ( -1.000000000000000000, 0.0000000000000000000, -3.388131789017201849E-16 ) ) ;
#1892 = PRESENTATION_STYLE_ASSIGNMENT (( #6569 ) ) ;
#1893 = COLOUR_RGB ( '',0.9686274509803921573, 0.8784313725490195957, 0.5999999999999999778 ) ;
#1894 = LINE ( 'NONE', #4390, #10214 ) ;
#1895 = ORIENTED_EDGE ( 'NONE', *, *, #204, .F. ) ;
#1896 = AXIS2_PLACEMENT_3D ( 'NONE', #8282, #6762, #9213 ) ;
#1897 = ORIENTED_EDGE ( 'NONE', *, *, #5625, .F. ) ;
#1898 = FILL_AREA_STYLE ('',( #1751 ) ) ;
#1899 = SURFACE_STYLE_FILL_AREA ( #3626 ) ;
#1900 = CARTESIAN_POINT ( 'NONE',  ( -0.3200000000000025602, 8.800000000000000711, 0.9499999999999971800 ) ) ;
#1901 = CARTESIAN_POINT ( 'NONE',  ( -8.860000000000002984, 6.199999999999999289, -1.649999999999999911 ) ) ;
#1902 = SURFACE_SIDE_STYLE ('',( #1123 ) ) ;
#1903 = FACE_OUTER_BOUND ( 'NONE', #8696, .T. ) ;
#1904 = DIRECTION ( 'NONE',  ( 1.126443815569355647E-16, 0.0000000000000000000, 1.000000000000000000 ) ) ;
#1905 = CARTESIAN_POINT ( 'NONE',  ( -0.3200000000000017275, -2.600000000000000089, -0.9500000000000025091 ) ) ;
#1906 = COLOUR_RGB ( '',0.3137254901960784270, 0.3137254901960784270, 0.3137254901960784270 ) ;
#1907 = CIRCLE ( 'NONE', #2738, 0.5000000000000008882 ) ;
#1908 = SURFACE_STYLE_USAGE ( .BOTH. , #7465 ) ;
#1909 =( LENGTH_UNIT ( ) NAMED_UNIT ( * ) SI_UNIT ( .MILLI., .METRE. ) );
#1910 = AXIS2_PLACEMENT_3D ( 'NONE', #7798, #1574, #4752 ) ;
#1911 = ORIENTED_EDGE ( 'NONE', *, *, #2705, .T. ) ;
#1912 = STYLED_ITEM ( 'NONE', ( #4354 ), #539 ) ;
#1913 = VERTEX_POINT ( 'NONE', #3722 ) ;
#1914 = CARTESIAN_POINT ( 'NONE',  ( 5.080000000000000959, 0.0000000000000000000, -0.9500000000000006217 ) ) ;
#1915 = VECTOR ( 'NONE', #2169, 1000.000000000000000 ) ;
#1916 = SURFACE_SIDE_STYLE ('',( #1137 ) ) ;
#1917 = PLANE ( 'NONE',  #7208 ) ;
#1918 = FILL_AREA_STYLE ('',( #3435 ) ) ;
#1919 = CARTESIAN_POINT ( 'NONE',  ( -7.849999999999999645, 0.0000000000000000000, -4.549999999999998934 ) ) ;
#1920 =( GEOMETRIC_REPRESENTATION_CONTEXT ( 3 ) GLOBAL_UNCERTAINTY_ASSIGNED_CONTEXT ( ( #2647 ) ) GLOBAL_UNIT_ASSIGNED_CONTEXT ( ( #8133, #4898, #9707 ) ) REPRESENTATION_CONTEXT ( 'NONE', 'WORKASPACE' ) );
#1921 = VECTOR ( 'NONE', #3404, 1000.000000000000000 ) ;
#1922 = DIRECTION ( 'NONE',  ( 0.0000000000000000000, -1.000000000000000000, 0.0000000000000000000 ) ) ;
#1923 = MECHANICAL_DESIGN_GEOMETRIC_PRESENTATION_REPRESENTATION (  '', ( #1594 ), #4419 ) ;
#1924 = CARTESIAN_POINT ( 'NONE',  ( -2.860000000000002540, 8.800000000000000711, 1.589999999999997193 ) ) ;
#1925 = ORIENTED_EDGE ( 'NONE', *, *, #1951, .T. ) ;
#1926 = SURFACE_STYLE_FILL_AREA ( #5769 ) ;
#1927 = FILL_AREA_STYLE_COLOUR ( '', #2129 ) ;
#1928 = ORIENTED_EDGE ( 'NONE', *, *, #8707, .F. ) ;
#1929 = ORIENTED_EDGE ( 'NONE', *, *, #9476, .F. ) ;
#1930 = CARTESIAN_POINT ( 'NONE',  ( 0.3199999999999973976, 1.299999999999999156, 1.589999999999997415 ) ) ;
#1931 = UNCERTAINTY_MEASURE_WITH_UNIT (LENGTH_MEASURE( 1.000000000000000082E-05 ), #2094, 'distance_accuracy_value', 'NONE');
#1932 = VECTOR ( 'NONE', #4789, 1000.000000000000000 ) ;
#1933 = CARTESIAN_POINT ( 'NONE',  ( 2.659999999999997478, 8.800000000000000711, -1.590000000000002300 ) ) ;
#1934 =( NAMED_UNIT ( * ) PLANE_ANGLE_UNIT ( ) SI_UNIT ( $, .RADIAN. ) );
#1935 = EDGE_CURVE ( 'NONE', #1309, #6339, #4605, .T. ) ;
#1936 = SURFACE_SIDE_STYLE ('',( #5864 ) ) ;
#1937 = CARTESIAN_POINT ( 'NONE',  ( 4.759999999999997122, -2.599999999999996536, 0.9499999999999971800 ) ) ;
#1938 = CARTESIAN_POINT ( 'NONE',  ( -2.860000000000002540, 8.371098615898084461, 1.589999999999997193 ) ) ;
#1939 = FACE_OUTER_BOUND ( 'NONE', #1132, .T. ) ;
#1940 = FILL_AREA_STYLE ('',( #6019 ) ) ;
#1941 = DIRECTION ( 'NONE',  ( 0.0000000000000000000, 0.0000000000000000000, 1.000000000000000000 ) ) ;
#1942 = ORIENTED_EDGE ( 'NONE', *, *, #9974, .F. ) ;
#1943 = DIRECTION ( 'NONE',  ( -0.0000000000000000000, 1.000000000000000000, -0.0000000000000000000 ) ) ;
#1944 = COLOUR_RGB ( '',0.9686274509803921573, 0.8784313725490195957, 0.5999999999999999778 ) ;
#1945 = EDGE_CURVE ( 'NONE', #4994, #10049, #488, .T. ) ;
#1946 = MECHANICAL_DESIGN_GEOMETRIC_PRESENTATION_REPRESENTATION (  '', ( #4119 ), #4277 ) ;
#1947 = CARTESIAN_POINT ( 'NONE',  ( 2.859999999999996767, 8.371098615898088013, 1.589999999999997415 ) ) ;
#1948 = CARTESIAN_POINT ( 'NONE',  ( -8.859999999999997655, 1.299999999999999156, -3.199999999999999734 ) ) ;
#1949 = DIRECTION ( 'NONE',  ( -1.000000000000000000, 0.0000000000000000000, -0.0000000000000000000 ) ) ;
#1950 = VECTOR ( 'NONE', #1813, 1000.000000000000000 ) ;
#1951 = EDGE_CURVE ( 'NONE', #1595, #2853, #3097, .T. ) ;
#1952 = ORIENTED_EDGE ( 'NONE', *, *, #6107, .T. ) ;
#1953 = VECTOR ( 'NONE', #6668, 1000.000000000000000 ) ;
#1954 = ORIENTED_EDGE ( 'NONE', *, *, #8376, .T. ) ;
#1955 = UNCERTAINTY_MEASURE_WITH_UNIT (LENGTH_MEASURE( 1.000000000000000082E-05 ), #5982, 'distance_accuracy_value', 'NONE');
#1956 = PLANE ( 'NONE',  #5382 ) ;
#1957 = CARTESIAN_POINT ( 'NONE',  ( 0.1199999999999977196, 8.800000000000000711, -1.150000000000003020 ) ) ;
#1958 = PLANE ( 'NONE',  #9243 ) ;
#1959 = VECTOR ( 'NONE', #1848, 1000.000000000000000 ) ;
#1960 = CARTESIAN_POINT ( 'NONE',  ( 0.1199999999999968453, 8.800000000000000711, 0.9499999999999972911 ) ) ;
#1961 = DIRECTION ( 'NONE',  ( 1.000000000000000000, 0.0000000000000000000, 0.0000000000000000000 ) ) ;
#1962 = PRESENTATION_LAYER_ASSIGNMENT (  '', '', ( #7908 ) ) ;
#1963 = SURFACE_STYLE_FILL_AREA ( #185 ) ;
#1964 = VECTOR ( 'NONE', #3193, 1000.000000000000000 ) ;
#1965 = VERTEX_POINT ( 'NONE', #8497 ) ;
#1966 = SURFACE_STYLE_FILL_AREA ( #7417 ) ;
#1967 = ORIENTED_EDGE ( 'NONE', *, *, #7471, .T. ) ;
#1968 = ORIENTED_EDGE ( 'NONE', *, *, #9030, .F. ) ;
#1969 =( NAMED_UNIT ( * ) SI_UNIT ( $, .STERADIAN. ) SOLID_ANGLE_UNIT ( ) );
#1970 = CARTESIAN_POINT ( 'NONE',  ( 4.759999999999997122, 8.371098615898084461, 1.589999999999997193 ) ) ;
#1971 = CARTESIAN_POINT ( 'NONE',  ( 7.620000000000000995, -3.000000000000000000, -1.394906964573654484 ) ) ;
#1972 = FACE_OUTER_BOUND ( 'NONE', #10205, .T. ) ;
#1973 = CIRCLE ( 'NONE', #5782, 0.5000000000000008882 ) ;
#1974 =( NAMED_UNIT ( * ) SI_UNIT ( $, .STERADIAN. ) SOLID_ANGLE_UNIT ( ) );
#1975 = CARTESIAN_POINT ( 'NONE',  ( -5.400000000000002132, 8.371098615898084461, -0.9500000000000025091 ) ) ;
#1976 = VERTEX_POINT ( 'NONE', #4448 ) ;
#1977 =( LENGTH_UNIT ( ) NAMED_UNIT ( * ) SI_UNIT ( .MILLI., .METRE. ) );
#1978 = ORIENTED_EDGE ( 'NONE', *, *, #9731, .F. ) ;
#1979 = EDGE_LOOP ( 'NONE', ( #9525, #1526, #1870, #1348 ) ) ;
#1980 = DIRECTION ( 'NONE',  ( -1.000000000000000000, 0.0000000000000000000, -0.0000000000000000000 ) ) ;
#1981 = AXIS2_PLACEMENT_3D ( 'NONE', #3073, #4890, #3226 ) ;
#1982 =( NAMED_UNIT ( * ) PLANE_ANGLE_UNIT ( ) SI_UNIT ( $, .RADIAN. ) );
#1983 = PRESENTATION_STYLE_ASSIGNMENT (( #9117 ) ) ;
#1984 = DIRECTION ( 'NONE',  ( 1.000000000000000000, 0.0000000000000000000, 0.0000000000000000000 ) ) ;
#1985 = STYLED_ITEM ( 'NONE', ( #7331 ), #7720 ) ;
#1986 = SURFACE_STYLE_USAGE ( .BOTH. , #5867 ) ;
#1987 = COLOUR_RGB ( '',0.9686274509803921573, 0.8784313725490195957, 0.5999999999999999778 ) ;
#1988 = PRESENTATION_LAYER_ASSIGNMENT (  '', '', ( #2648 ) ) ;
#1989 = LINE ( 'NONE', #3061, #8561 ) ;
#1990 = ADVANCED_FACE ( 'NONE', ( #6247 ), #2259, .T. ) ;
#1991 = PRESENTATION_LAYER_ASSIGNMENT (  '', '', ( #6458 ) ) ;
#1992 =( NAMED_UNIT ( * ) SI_UNIT ( $, .STERADIAN. ) SOLID_ANGLE_UNIT ( ) );
#1993 = PRESENTATION_STYLE_ASSIGNMENT (( #3716 ) ) ;
#1994 = ORIENTED_EDGE ( 'NONE', *, *, #7194, .F. ) ;
#1995 =( NAMED_UNIT ( * ) PLANE_ANGLE_UNIT ( ) SI_UNIT ( $, .RADIAN. ) );
#1996 = SURFACE_SIDE_STYLE ('',( #10029 ) ) ;
#1997 = LINE ( 'NONE', #6720, #9272 ) ;
#1998 = CARTESIAN_POINT ( 'NONE',  ( 2.219999999999997531, 8.800000000000000711, -1.590000000000002522 ) ) ;
#1999 = EDGE_LOOP ( 'NONE', ( #4438, #6981, #2551, #1360 ) ) ;
#2000 = EDGE_CURVE ( 'NONE', #712, #6132, #10091, .T. ) ;
#2001 = DIRECTION ( 'NONE',  ( -0.4014883995042276554, -0.8231732078530419328, 0.4014883995042277109 ) ) ;
#2002 = ORIENTED_EDGE ( 'NONE', *, *, #1562, .T. ) ;
#2003 = CARTESIAN_POINT ( 'NONE',  ( -8.150000000000000355, 0.0000000000000000000, -4.549999999999999822 ) ) ;
#2004 = FILL_AREA_STYLE ('',( #6580 ) ) ;
#2005 = EDGE_CURVE ( 'NONE', #3139, #5498, #1279, .T. ) ;
#2006 = CARTESIAN_POINT ( 'NONE',  ( 8.859999999999999432, 6.199999999999999289, -1.649999999999999911 ) ) ;
#2007 = ADVANCED_FACE ( 'NONE', ( #5364 ), #6027, .T. ) ;
#2008 = MECHANICAL_DESIGN_GEOMETRIC_PRESENTATION_REPRESENTATION (  '', ( #8114 ), #682 ) ;
#2009 = ORIENTED_EDGE ( 'NONE', *, *, #2185, .T. ) ;
#2010 = LINE ( 'NONE', #4211, #5274 ) ;
#2011 = EDGE_LOOP ( 'NONE', ( #4951, #5859, #6968, #82 ) ) ;
#2012 = ORIENTED_EDGE ( 'NONE', *, *, #4613, .T. ) ;
#2013 = PRESENTATION_LAYER_ASSIGNMENT (  '', '', ( #9629 ) ) ;
#2014 = LINE ( 'NONE', #3581, #8037 ) ;
#2015 = STYLED_ITEM ( 'NONE', ( #9886 ), #4823 ) ;
#2016 = DIRECTION ( 'NONE',  ( 0.0000000000000000000, 0.0000000000000000000, -1.000000000000000000 ) ) ;
#2017 = SURFACE_STYLE_FILL_AREA ( #1198 ) ;
#2018 = EDGE_CURVE ( 'NONE', #2932, #8131, #7094, .T. ) ;
#2019 = SURFACE_STYLE_USAGE ( .BOTH. , #1409 ) ;
#2020 = EDGE_CURVE ( 'NONE', #5626, #3931, #1540, .T. ) ;
#2021 = SURFACE_SIDE_STYLE ('',( #4861 ) ) ;
#2022 = STYLED_ITEM ( 'NONE', ( #7290 ), #9932 ) ;
#2023 = STYLED_ITEM ( 'NONE', ( #2879 ), #5119 ) ;
#2024 = ORIENTED_EDGE ( 'NONE', *, *, #3662, .F. ) ;
#2025 = DIRECTION ( 'NONE',  ( -0.0000000000000000000, 0.0000000000000000000, -1.000000000000000000 ) ) ;
#2026 =( LENGTH_UNIT ( ) NAMED_UNIT ( * ) SI_UNIT ( .MILLI., .METRE. ) );
#2027 = ORIENTED_EDGE ( 'NONE', *, *, #4048, .F. ) ;
#2029 = ORIENTED_EDGE ( 'NONE', *, *, #3866, .T. ) ;
#2028 = DIRECTION ( 'NONE',  ( 0.0000000000000000000, -1.000000000000000000, 0.0000000000000000000 ) ) ;
#2030 = PLANE ( 'NONE',  #9205 ) ;
#2031 = UNCERTAINTY_MEASURE_WITH_UNIT (LENGTH_MEASURE( 1.000000000000000082E-05 ), #7040, 'distance_accuracy_value', 'NONE');
#2032 = SURFACE_STYLE_FILL_AREA ( #4588 ) ;
#2033 = MECHANICAL_DESIGN_GEOMETRIC_PRESENTATION_REPRESENTATION (  '', ( #6501 ), #4367 ) ;
#2034 = SURFACE_STYLE_FILL_AREA ( #520 ) ;
#2035 = LINE ( 'NONE', #4282, #9397 ) ;
#2036 = ORIENTED_EDGE ( 'NONE', *, *, #7969, .T. ) ;
#2037 = LINE ( 'NONE', #5197, #1508 ) ;
#2038 = DIRECTION ( 'NONE',  ( -1.000000000000000000, 0.0000000000000000000, -4.878909776184757331E-15 ) ) ;
#2039 = LINE ( 'NONE', #6136, #214 ) ;
#2040 = CARTESIAN_POINT ( 'NONE',  ( -5.400000000000002132, 8.800000000000000711, -0.9500000000000025091 ) ) ;
#2041 = ADVANCED_FACE ( 'NONE', ( #1734 ), #4914, .T. ) ;
#2042 = LINE ( 'NONE', #5201, #3156 ) ;
#2043 =( LENGTH_UNIT ( ) NAMED_UNIT ( * ) SI_UNIT ( .MILLI., .METRE. ) );
#2044 = DIRECTION ( 'NONE',  ( 0.0000000000000000000, -1.000000000000000000, 0.0000000000000000000 ) ) ;
#2045 = SURFACE_STYLE_USAGE ( .BOTH. , #378 ) ;
#2046 = PRESENTATION_STYLE_ASSIGNMENT (( #10147 ) ) ;
#2047 = PRESENTATION_STYLE_ASSIGNMENT (( #2886 ) ) ;
#2048 = LINE ( 'NONE', #6193, #2149 ) ;
#2049 = ORIENTED_EDGE ( 'NONE', *, *, #7594, .F. ) ;
#2050 = UNCERTAINTY_MEASURE_WITH_UNIT (LENGTH_MEASURE( 1.000000000000000082E-05 ), #2026, 'distance_accuracy_value', 'NONE');
#2051 = STYLED_ITEM ( 'NONE', ( #9330 ), #5121 ) ;
#2052 =( LENGTH_UNIT ( ) NAMED_UNIT ( * ) SI_UNIT ( .MILLI., .METRE. ) );
#2053 = PRESENTATION_STYLE_ASSIGNMENT (( #8396 ) ) ;
#2054 = EDGE_CURVE ( 'NONE', #2643, #1255, #2410, .T. ) ;
#2055 = SURFACE_STYLE_FILL_AREA ( #435 ) ;
#2056 = CARTESIAN_POINT ( 'NONE',  ( 3.218725199566344247E-16, 1.299999999999999156, -0.9500000000000006217 ) ) ;
#2057 = EDGE_CURVE ( 'NONE', #4686, #2643, #4041, .T. ) ;
#2058 = VECTOR ( 'NONE', #5151, 1000.000000000000114 ) ;
#2059 = CARTESIAN_POINT ( 'NONE',  ( -0.3200000000000025602, 8.800000000000000711, 1.589999999999997193 ) ) ;
#2060 = DIRECTION ( 'NONE',  ( 0.0000000000000000000, 0.0000000000000000000, -1.000000000000000000 ) ) ;
#2061 = PRESENTATION_LAYER_ASSIGNMENT (  '', '', ( #1063 ) ) ;
#2062 =( LENGTH_UNIT ( ) NAMED_UNIT ( * ) SI_UNIT ( .MILLI., .METRE. ) );
#2063 = ORIENTED_EDGE ( 'NONE', *, *, #9072, .T. ) ;
#2064 =( NAMED_UNIT ( * ) PLANE_ANGLE_UNIT ( ) SI_UNIT ( $, .RADIAN. ) );
#2065 = ORIENTED_EDGE ( 'NONE', *, *, #2929, .F. ) ;
#2066 = ORIENTED_EDGE ( 'NONE', *, *, #2896, .T. ) ;
#2067 = PRESENTATION_LAYER_ASSIGNMENT (  '', '', ( #743 ) ) ;
#2068 = CARTESIAN_POINT ( 'NONE',  ( -2.664906964573656278, -3.000000000000000000, 0.0000000000000000000 ) ) ;
#2069 = CARTESIAN_POINT ( 'NONE',  ( -5.400000000000002132, 8.800000000000000711, -1.590000000000002522 ) ) ;
#2070 = DIRECTION ( 'NONE',  ( 1.000000000000000000, -0.0000000000000000000, 3.388131789017201849E-16 ) ) ;
#2071 = COLOUR_RGB ( '',0.9686274509803921573, 0.8784313725490195957, 0.5999999999999999778 ) ;
#2072 = EDGE_CURVE ( 'NONE', #469, #10051, #8658, .T. ) ;
#2073 = PRESENTATION_LAYER_ASSIGNMENT (  '', '', ( #7082 ) ) ;
#2074 = EDGE_CURVE ( 'NONE', #1884, #6898, #8767, .T. ) ;
#2075 = ORIENTED_EDGE ( 'NONE', *, *, #5360, .T. ) ;
#2076 = EDGE_CURVE ( 'NONE', #5995, #637, #1686, .T. ) ;
#2077 = STYLED_ITEM ( 'NONE', ( #5320 ), #5928 ) ;
#2078 = PRESENTATION_LAYER_ASSIGNMENT (  '', '', ( #2051 ) ) ;
#2079 = DIRECTION ( 'NONE',  ( 1.906289534040446993E-16, 1.049227908856939783E-16, 1.000000000000000000 ) ) ;
#2080 = ORIENTED_EDGE ( 'NONE', *, *, #3179, .T. ) ;
#2082 = ORIENTED_EDGE ( 'NONE', *, *, #4757, .F. ) ;
#2081 = PLANE ( 'NONE',  #8955 ) ;
#2083 = DIRECTION ( 'NONE',  ( -0.3892816206350230845, -0.8348171294789894503, -0.3892816206350232511 ) ) ;
#2084 =( NAMED_UNIT ( * ) SI_UNIT ( $, .STERADIAN. ) SOLID_ANGLE_UNIT ( ) );
#2085 = CIRCLE ( 'NONE', #10024, 0.5000000000000008882 ) ;
#2086 = FILL_AREA_STYLE ('',( #8045 ) ) ;
#2087 =( NAMED_UNIT ( * ) PLANE_ANGLE_UNIT ( ) SI_UNIT ( $, .RADIAN. ) );
#2088 = MECHANICAL_DESIGN_GEOMETRIC_PRESENTATION_REPRESENTATION (  '', ( #7542 ), #5563 ) ;
#2089 =( LENGTH_UNIT ( ) NAMED_UNIT ( * ) SI_UNIT ( .MILLI., .METRE. ) );
#2090 = ORIENTED_EDGE ( 'NONE', *, *, #1252, .T. ) ;
#2091 = DIRECTION ( 'NONE',  ( -1.000000000000000000, 0.0000000000000000000, -1.694065894508600925E-16 ) ) ;
#2092 = ORIENTED_EDGE ( 'NONE', *, *, #9608, .T. ) ;
#2093 = ADVANCED_FACE ( 'NONE', ( #4237 ), #4968, .T. ) ;
#2094 =( LENGTH_UNIT ( ) NAMED_UNIT ( * ) SI_UNIT ( .MILLI., .METRE. ) );
#2095 = PRESENTATION_LAYER_ASSIGNMENT (  '', '', ( #8033 ) ) ;
#2096 = CARTESIAN_POINT ( 'NONE',  ( 8.859999999999999432, 6.199999999999999289, 1.750000000000000222 ) ) ;
#2097 = DIRECTION ( 'NONE',  ( 0.0000000000000000000, 0.0000000000000000000, -1.000000000000000000 ) ) ;
#2098 = VECTOR ( 'NONE', #2992, 1000.000000000000000 ) ;
#2099 = DIRECTION ( 'NONE',  ( -3.388131789017201849E-16, 0.0000000000000000000, 1.000000000000000000 ) ) ;
#2100 = SURFACE_SIDE_STYLE ('',( #5876 ) ) ;
#2101 = MECHANICAL_DESIGN_GEOMETRIC_PRESENTATION_REPRESENTATION (  '', ( #9036 ), #8537 ) ;
#2102 = FILL_AREA_STYLE_COLOUR ( '', #3687 ) ;
#2103 = CARTESIAN_POINT ( 'NONE',  ( -2.420000000000002593, 8.800000000000000711, -1.390000000000001901 ) ) ;
#2104 = FILL_AREA_STYLE_COLOUR ( '', #3100 ) ;
#2105 = COLOUR_RGB ( '',0.3137254901960784270, 0.3137254901960784270, 0.3137254901960784270 ) ;
#2106 =( NAMED_UNIT ( * ) SI_UNIT ( $, .STERADIAN. ) SOLID_ANGLE_UNIT ( ) );
#2107 = FACE_OUTER_BOUND ( 'NONE', #120, .T. ) ;
#2108 = EDGE_LOOP ( 'NONE', ( #444, #1168, #10218, #10197 ) ) ;
#2109 = STYLED_ITEM ( 'NONE', ( #5352 ), #6685 ) ;
#2110 = FILL_AREA_STYLE_COLOUR ( '', #8047 ) ;
#2111 = VECTOR ( 'NONE', #6701, 1000.000000000000000 ) ;
#2112 = DIRECTION ( 'NONE',  ( -3.388131789017201849E-16, 0.0000000000000000000, 1.000000000000000000 ) ) ;
#2113 =( LENGTH_UNIT ( ) NAMED_UNIT ( * ) SI_UNIT ( .MILLI., .METRE. ) );
#2114 = MECHANICAL_DESIGN_GEOMETRIC_PRESENTATION_REPRESENTATION (  '', ( #7904 ), #9391 ) ;
#2115 = EDGE_CURVE ( 'NONE', #3564, #9371, #2618, .T. ) ;
#2116 = VERTEX_POINT ( 'NONE', #1004 ) ;
#2117 = ORIENTED_EDGE ( 'NONE', *, *, #7288, .F. ) ;
#2118 = ORIENTED_EDGE ( 'NONE', *, *, #6964, .F. ) ;
#2119 = SURFACE_STYLE_FILL_AREA ( #6098 ) ;
#2120 = STYLED_ITEM ( 'NONE', ( #2795 ), #2766 ) ;
#2121 = DIRECTION ( 'NONE',  ( 0.0000000000000000000, -1.000000000000000000, 0.0000000000000000000 ) ) ;
#2122 =( NAMED_UNIT ( * ) PLANE_ANGLE_UNIT ( ) SI_UNIT ( $, .RADIAN. ) );
#2123 = LINE ( 'NONE', #398, #7051 ) ;
#2124 = CARTESIAN_POINT ( 'NONE',  ( 2.664906964573651837, -3.000000000000000000, 1.145093035426341777 ) ) ;
#2125 = DIRECTION ( 'NONE',  ( 0.0000000000000000000, 0.0000000000000000000, 1.000000000000000000 ) ) ;
#2126 = UNCERTAINTY_MEASURE_WITH_UNIT (LENGTH_MEASURE( 1.000000000000000082E-05 ), #4742, 'distance_accuracy_value', 'NONE');
#2127 = SURFACE_SIDE_STYLE ('',( #6906 ) ) ;
#2128 =( NAMED_UNIT ( * ) SI_UNIT ( $, .STERADIAN. ) SOLID_ANGLE_UNIT ( ) );
#2129 = COLOUR_RGB ( '',0.3137254901960784270, 0.3137254901960784270, 0.3137254901960784270 ) ;
#2130 = CARTESIAN_POINT ( 'NONE',  ( 2.219999999999997531, 8.800000000000000711, -0.9500000000000025091 ) ) ;
#2131 = PRESENTATION_LAYER_ASSIGNMENT (  '', '', ( #10245 ) ) ;
#2132 = PLANE ( 'NONE',  #6432 ) ;
#2133 = ORIENTED_EDGE ( 'NONE', *, *, #3782, .T. ) ;
#2134 = DIRECTION ( 'NONE',  ( 0.0000000000000000000, 0.0000000000000000000, -1.000000000000000000 ) ) ;
#2135 = ORIENTED_EDGE ( 'NONE', *, *, #5548, .T. ) ;
#2137 = ORIENTED_EDGE ( 'NONE', *, *, #219, .T. ) ;
#2136 = FILL_AREA_STYLE ('',( #6758 ) ) ;
#2138 =( NAMED_UNIT ( * ) SI_UNIT ( $, .STERADIAN. ) SOLID_ANGLE_UNIT ( ) );
#2139 = EDGE_CURVE ( 'NONE', #10075, #7728, #5021, .T. ) ;
#2140 = UNCERTAINTY_MEASURE_WITH_UNIT (LENGTH_MEASURE( 1.000000000000000082E-05 ), #3041, 'distance_accuracy_value', 'NONE');
#2141 = LINE ( 'NONE', #9918, #8169 ) ;
#2142 =( NAMED_UNIT ( * ) SI_UNIT ( $, .STERADIAN. ) SOLID_ANGLE_UNIT ( ) );
#2143 = PRESENTATION_LAYER_ASSIGNMENT (  '', '', ( #4138 ) ) ;
#2144 = PLANE ( 'NONE',  #8514 ) ;
#2145 = SURFACE_SIDE_STYLE ('',( #1372 ) ) ;
#2146 = ADVANCED_FACE ( 'NONE', ( #8288 ), #9779, .T. ) ;
#2147 = PRESENTATION_LAYER_ASSIGNMENT (  '', '', ( #7924 ) ) ;
#2148 = EDGE_CURVE ( 'NONE', #9929, #1812, #209, .T. ) ;
#2149 = VECTOR ( 'NONE', #5317, 1000.000000000000000 ) ;
#2150 = ORIENTED_EDGE ( 'NONE', *, *, #8972, .F. ) ;
#2151 = CARTESIAN_POINT ( 'NONE',  ( -2.220000000000002860, -2.599999999999996536, 1.589999999999997415 ) ) ;
#2152 = VECTOR ( 'NONE', #9906, 1000.000000000000000 ) ;
#2153 = CARTESIAN_POINT ( 'NONE',  ( 0.0000000000000000000, 0.0000000000000000000, 0.0000000000000000000 ) ) ;
#2154 = FILL_AREA_STYLE_COLOUR ( '', #7894 ) ;
#2155 = STYLED_ITEM ( 'NONE', ( #1570 ), #7699 ) ;
#2156 = CARTESIAN_POINT ( 'NONE',  ( 2.415093035426344237, -3.000000000000000000, -1.394906964573656261 ) ) ;
#2157 = VECTOR ( 'NONE', #5130, 1000.000000000000000 ) ;
#2158 = DIRECTION ( 'NONE',  ( 0.0000000000000000000, 0.0000000000000000000, 1.000000000000000000 ) ) ;
#2159 = EDGE_CURVE ( 'NONE', #2215, #2394, #9833, .T. ) ;
#2160 = MECHANICAL_DESIGN_GEOMETRIC_PRESENTATION_REPRESENTATION (  '', ( #826 ), #2490 ) ;
#2161 = LINE ( 'NONE', #5925, #5316 ) ;
#2162 = CIRCLE ( 'NONE', #1496, 0.5000000000000008882 ) ;
#2163 =( NAMED_UNIT ( * ) PLANE_ANGLE_UNIT ( ) SI_UNIT ( $, .RADIAN. ) );
#2164 =( GEOMETRIC_REPRESENTATION_CONTEXT ( 3 ) GLOBAL_UNCERTAINTY_ASSIGNED_CONTEXT ( ( #9267 ) ) GLOBAL_UNIT_ASSIGNED_CONTEXT ( ( #6840, #8397, #6085 ) ) REPRESENTATION_CONTEXT ( 'NONE', 'WORKASPACE' ) );
#2165 = FILL_AREA_STYLE ('',( #7603 ) ) ;
#2166 = VERTEX_POINT ( 'NONE', #5116 ) ;
#2167 = VECTOR ( 'NONE', #2091, 1000.000000000000000 ) ;
#2168 = UNCERTAINTY_MEASURE_WITH_UNIT (LENGTH_MEASURE( 1.000000000000000082E-05 ), #3649, 'distance_accuracy_value', 'NONE');
#2169 = DIRECTION ( 'NONE',  ( -0.0000000000000000000, 1.000000000000000000, -0.0000000000000000000 ) ) ;
#2170 = LINE ( 'NONE', #10042, #7791 ) ;
#2171 = LINE ( 'NONE', #2786, #2810 ) ;
#2172 = SURFACE_STYLE_USAGE ( .BOTH. , #9298 ) ;
#2173 = FILL_AREA_STYLE_COLOUR ( '', #7478 ) ;
#2174 = MECHANICAL_DESIGN_GEOMETRIC_PRESENTATION_REPRESENTATION (  '', ( #5966 ), #496 ) ;
#2175 =( NAMED_UNIT ( * ) PLANE_ANGLE_UNIT ( ) SI_UNIT ( $, .RADIAN. ) );
#2176 = ORIENTED_EDGE ( 'NONE', *, *, #9015, .F. ) ;
#2177 = ORIENTED_EDGE ( 'NONE', *, *, #1858, .T. ) ;
#2178 = FILL_AREA_STYLE_COLOUR ( '', #5117 ) ;
#2179 = FACE_OUTER_BOUND ( 'NONE', #5007, .T. ) ;
#2180 = CARTESIAN_POINT ( 'NONE',  ( 8.860000000000001208, 9.000000000000000000, -3.799999999999996270 ) ) ;
#2181 = SURFACE_STYLE_USAGE ( .BOTH. , #6800 ) ;
#2182 = PRESENTATION_LAYER_ASSIGNMENT (  '', '', ( #6654 ) ) ;
#2183 = DIRECTION ( 'NONE',  ( -1.000000000000000000, 0.0000000000000000000, -3.388131789017201849E-16 ) ) ;
#2184 = DIRECTION ( 'NONE',  ( 0.3892816206350230845, -0.8348171294789893393, 0.3892816206350233621 ) ) ;
#2185 = EDGE_CURVE ( 'NONE', #2340, #3531, #8239, .T. ) ;
#2186 = SURFACE_STYLE_FILL_AREA ( #7782 ) ;
#2187 = CIRCLE ( 'NONE', #5332, 0.5000000000000008882 ) ;
#2188 = ORIENTED_EDGE ( 'NONE', *, *, #6456, .F. ) ;
#2189 = COLOUR_RGB ( '',0.3137254901960784270, 0.3137254901960784270, 0.3137254901960784270 ) ;
#2190 = VERTEX_POINT ( 'NONE', #10079 ) ;
#2192 = EDGE_LOOP ( 'NONE', ( #1542, #4746, #9300, #4782 ) ) ;
#2191 = DIRECTION ( 'NONE',  ( -1.126443815569355400E-16, 1.000000000000000000, 0.0000000000000000000 ) ) ;
#2193 = CARTESIAN_POINT ( 'NONE',  ( 5.399999999999996803, 1.299999999999999156, 0.0000000000000000000 ) ) ;
#2194 = PLANE ( 'NONE',  #1242 ) ;
#2195 = DIRECTION ( 'NONE',  ( 0.0000000000000000000, 0.0000000000000000000, 1.000000000000000000 ) ) ;
#2196 = FACE_OUTER_BOUND ( 'NONE', #6531, .T. ) ;
#2197 = FACE_OUTER_BOUND ( 'NONE', #6493, .T. ) ;
#2198 =( NAMED_UNIT ( * ) PLANE_ANGLE_UNIT ( ) SI_UNIT ( $, .RADIAN. ) );
#2199 =( GEOMETRIC_REPRESENTATION_CONTEXT ( 3 ) GLOBAL_UNCERTAINTY_ASSIGNED_CONTEXT ( ( #9293 ) ) GLOBAL_UNIT_ASSIGNED_CONTEXT ( ( #2043, #5203, #7695 ) ) REPRESENTATION_CONTEXT ( 'NONE', 'WORKASPACE' ) );
#2200 = MECHANICAL_DESIGN_GEOMETRIC_PRESENTATION_REPRESENTATION (  '', ( #4697 ), #1025 ) ;
#2201 = EDGE_CURVE ( 'NONE', #2725, #7018, #1272, .T. ) ;
#2202 = EDGE_LOOP ( 'NONE', ( #928, #973, #9651, #4571 ) ) ;
#2203 = SURFACE_SIDE_STYLE ('',( #4748 ) ) ;
#2204 = PRESENTATION_STYLE_ASSIGNMENT (( #10076 ) ) ;
#2205 = DIRECTION ( 'NONE',  ( 1.000000000000000000, 0.0000000000000000000, 3.388131789017201849E-16 ) ) ;
#2206 = LINE ( 'NONE', #6825, #1775 ) ;
#2207 = ADVANCED_FACE ( 'NONE', ( #9927 ), #638, .T. ) ;
#2208 = FILL_AREA_STYLE ('',( #9281 ) ) ;
#2209 = FILL_AREA_STYLE ('',( #5521 ) ) ;
#2210 = LINE ( 'NONE', #4602, #2362 ) ;
#2211 = CARTESIAN_POINT ( 'NONE',  ( -5.400000000000003020, 8.800000000000000711, 1.589999999999997193 ) ) ;
#2212 = EDGE_CURVE ( 'NONE', #2853, #7666, #4597, .T. ) ;
#2213 = DIRECTION ( 'NONE',  ( -0.0000000000000000000, 1.000000000000000000, -0.0000000000000000000 ) ) ;
#2214 = EDGE_CURVE ( 'NONE', #1764, #9317, #2206, .T. ) ;
#2215 = VERTEX_POINT ( 'NONE', #3767 ) ;
#2216 = PLANE ( 'NONE',  #4934 ) ;
#2217 = SURFACE_STYLE_USAGE ( .BOTH. , #8557 ) ;
#2218 = SURFACE_SIDE_STYLE ('',( #9299 ) ) ;
#2219 = EDGE_LOOP ( 'NONE', ( #8474, #4536, #1453, #2863 ) ) ;
#2220 = SURFACE_STYLE_USAGE ( .BOTH. , #10050 ) ;
#2221 = ORIENTED_EDGE ( 'NONE', *, *, #5248, .T. ) ;
#2222 = ORIENTED_EDGE ( 'NONE', *, *, #3423, .T. ) ;
#2223 = SURFACE_SIDE_STYLE ('',( #6263 ) ) ;
#2224 = SURFACE_SIDE_STYLE ('',( #9307 ) ) ;
#2225 = DIRECTION ( 'NONE',  ( 0.0000000000000000000, 0.0000000000000000000, 1.000000000000000000 ) ) ;
#2226 = UNCERTAINTY_MEASURE_WITH_UNIT (LENGTH_MEASURE( 1.000000000000000082E-05 ), #3013, 'distance_accuracy_value', 'NONE');
#2227 = CARTESIAN_POINT ( 'NONE',  ( 0.1249069645736537448, -3.000000000000000000, -1.145093035426346884 ) ) ;
#2228 = DIRECTION ( 'NONE',  ( -0.3892816206350230845, 0.8348171294789894503, 0.3892816206350231401 ) ) ;
#2229 = VECTOR ( 'NONE', #5349, 1000.000000000000000 ) ;
#2230 = ORIENTED_EDGE ( 'NONE', *, *, #4936, .F. ) ;
#2231 = CARTESIAN_POINT ( 'NONE',  ( -7.849999999999999645, 9.000000000000000000, -4.549999999999998934 ) ) ;
#2232 = PRESENTATION_STYLE_ASSIGNMENT (( #6217 ) ) ;
#2233 = ORIENTED_EDGE ( 'NONE', *, *, #5208, .F. ) ;
#2234 = ORIENTED_EDGE ( 'NONE', *, *, #5017, .F. ) ;
#2235 = DIRECTION ( 'NONE',  ( 1.000000000000000000, -0.0000000000000000000, 3.388131789017201849E-16 ) ) ;
#2236 = UNCERTAINTY_MEASURE_WITH_UNIT (LENGTH_MEASURE( 1.000000000000000082E-05 ), #7744, 'distance_accuracy_value', 'NONE');
#2237 = STYLED_ITEM ( 'NONE', ( #6209 ), #5666 ) ;
#2238 = FILL_AREA_STYLE ('',( #464 ) ) ;
#2239 = SURFACE_STYLE_USAGE ( .BOTH. , #9215 ) ;
#2240 = VECTOR ( 'NONE', #9402, 1000.000000000000000 ) ;
#2241 = STYLED_ITEM ( 'NONE', ( #9238 ), #5924 ) ;
#2242 = ORIENTED_EDGE ( 'NONE', *, *, #2652, .T. ) ;
#2243 = FACE_OUTER_BOUND ( 'NONE', #7839, .T. ) ;
#2244 = CARTESIAN_POINT ( 'NONE',  ( -2.860000000000001652, 1.299999999999999156, 0.0000000000000000000 ) ) ;
#2245 = EDGE_CURVE ( 'NONE', #8851, #8154, #2982, .T. ) ;
#2246 = FACE_BOUND ( 'NONE', #6627, .T. ) ;
#2247 = ORIENTED_EDGE ( 'NONE', *, *, #6092, .F. ) ;
#2248 = VECTOR ( 'NONE', #3928, 1000.000000000000000 ) ;
#2249 = CARTESIAN_POINT ( 'NONE',  ( 2.219999999999996643, 8.800000000000000711, 1.589999999999997193 ) ) ;
#2250 = CARTESIAN_POINT ( 'NONE',  ( 2.415093035426344237, -3.000000000000000000, 0.0000000000000000000 ) ) ;
#2251 = VECTOR ( 'NONE', #5726, 999.9999999999998863 ) ;
#2252 = LINE ( 'NONE', #3090, #9782 ) ;
#2253 = LINE ( 'NONE', #5522, #17 ) ;
#2254 = COLOUR_RGB ( '',0.9686274509803921573, 0.8784313725490195957, 0.5999999999999999778 ) ;
#2255 = VECTOR ( 'NONE', #557, 1000.000000000000000 ) ;
#2256 = CARTESIAN_POINT ( 'NONE',  ( 5.204906964573650541, -3.000000000000000000, 0.0000000000000000000 ) ) ;
#2257 = SURFACE_STYLE_USAGE ( .BOTH. , #3198 ) ;
#2258 = VECTOR ( 'NONE', #5186, 1000.000000000000227 ) ;
#2259 = PLANE ( 'NONE',  #9366 ) ;
#2260 = FILL_AREA_STYLE_COLOUR ( '', #2189 ) ;
#2261 = ORIENTED_EDGE ( 'NONE', *, *, #10057, .F. ) ;
#2262 = UNCERTAINTY_MEASURE_WITH_UNIT (LENGTH_MEASURE( 1.000000000000000082E-05 ), #2433, 'distance_accuracy_value', 'NONE');
#2263 =( GEOMETRIC_REPRESENTATION_CONTEXT ( 3 ) GLOBAL_UNCERTAINTY_ASSIGNED_CONTEXT ( ( #3056 ) ) GLOBAL_UNIT_ASSIGNED_CONTEXT ( ( #1845, #2163, #7602 ) ) REPRESENTATION_CONTEXT ( 'NONE', 'WORKASPACE' ) );
#2264 = EDGE_CURVE ( 'NONE', #7006, #8305, #2878, .T. ) ;
#2265 = FACE_OUTER_BOUND ( 'NONE', #2275, .T. ) ;
#2266 = CARTESIAN_POINT ( 'NONE',  ( 2.419999999999995044, 8.800000000000000711, 1.149999999999996136 ) ) ;
#2267 = LINE ( 'NONE', #709, #4815 ) ;
#2268 = AXIS2_PLACEMENT_3D ( 'NONE', #7056, #663, #10109 ) ;
#2269 = CARTESIAN_POINT ( 'NONE',  ( -10.16000000000000192, 9.000000000000000000, -4.549999999999999822 ) ) ;
#2270 = EDGE_CURVE ( 'NONE', #2981, #1637, #5358, .T. ) ;
#2271 = ADVANCED_FACE ( 'NONE', ( #4754 ), #5464, .T. ) ;
#2272 = CARTESIAN_POINT ( 'NONE',  ( -4.760000000000003340, 8.800000000000000711, 0.9499999999999972911 ) ) ;
#2273 = PRESENTATION_LAYER_ASSIGNMENT (  '', '', ( #6912 ) ) ;
#2274 = PRESENTATION_LAYER_ASSIGNMENT (  '', '', ( #5913 ) ) ;
#2275 = EDGE_LOOP ( 'NONE', ( #4202, #1027, #9863, #7785 ) ) ;
#2276 =( NAMED_UNIT ( * ) SI_UNIT ( $, .STERADIAN. ) SOLID_ANGLE_UNIT ( ) );
#2277 = SURFACE_STYLE_USAGE ( .BOTH. , #7670 ) ;
#2278 = CARTESIAN_POINT ( 'NONE',  ( 2.219999999999996643, 8.800000000000000711, 1.589999999999997193 ) ) ;
#2279 = MECHANICAL_DESIGN_GEOMETRIC_PRESENTATION_REPRESENTATION (  '', ( #9039 ), #5259 ) ;
#2280 = FILL_AREA_STYLE_COLOUR ( '', #7054 ) ;
#2281 = DIRECTION ( 'NONE',  ( -0.3892816206350231401, -0.8348171294789895613, -0.3892816206350230845 ) ) ;
#2282 = LINE ( 'NONE', #6708, #7283 ) ;
#2283 = DIRECTION ( 'NONE',  ( 0.0000000000000000000, 0.0000000000000000000, 1.000000000000000000 ) ) ;
#2284 = ORIENTED_EDGE ( 'NONE', *, *, #3107, .T. ) ;
#2285 = ORIENTED_EDGE ( 'NONE', *, *, #2755, .F. ) ;
#2286 = AXIS2_PLACEMENT_3D ( 'NONE', #7144, #8349, #498 ) ;
#2287 = DIRECTION ( 'NONE',  ( 1.000000000000000000, 0.0000000000000000000, 3.388131789017201849E-16 ) ) ;
#2288 = SURFACE_STYLE_FILL_AREA ( #8638 ) ;
#2289 = CARTESIAN_POINT ( 'NONE',  ( -5.400000000000002132, 8.371098615898084461, -0.9500000000000025091 ) ) ;
#2290 = DIRECTION ( 'NONE',  ( 0.0000000000000000000, 0.0000000000000000000, -1.000000000000000000 ) ) ;
#2291 = AXIS2_PLACEMENT_3D ( 'NONE', #4007, #9413, #5535 ) ;
#2292 = VECTOR ( 'NONE', #3453, 1000.000000000000227 ) ;
#2293 = ORIENTED_EDGE ( 'NONE', *, *, #6191, .F. ) ;
#2294 = DIRECTION ( 'NONE',  ( 0.0000000000000000000, 0.0000000000000000000, 1.000000000000000000 ) ) ;
#2295 =( NAMED_UNIT ( * ) SI_UNIT ( $, .STERADIAN. ) SOLID_ANGLE_UNIT ( ) );
#2296 = ORIENTED_EDGE ( 'NONE', *, *, #361, .T. ) ;
#2297 = CARTESIAN_POINT ( 'NONE',  ( 2.219999999999997531, 8.371098615898084461, -1.590000000000002522 ) ) ;
#2298 = PRESENTATION_LAYER_ASSIGNMENT (  '', '', ( #4966 ) ) ;
#2299 = SURFACE_SIDE_STYLE ('',( #2511 ) ) ;
#2300 = DIRECTION ( 'NONE',  ( 0.0000000000000000000, 0.0000000000000000000, -1.000000000000000000 ) ) ;
#2301 = AXIS2_PLACEMENT_3D ( 'NONE', #7067, #6114, #9429 ) ;
#2302 = ADVANCED_FACE ( 'NONE', ( #4 ), #7229, .T. ) ;
#2303 = DIRECTION ( 'NONE',  ( 1.906289534040447240E-16, 0.0000000000000000000, 1.000000000000000000 ) ) ;
#2304 = SURFACE_SIDE_STYLE ('',( #4603 ) ) ;
#2305 = PRESENTATION_LAYER_ASSIGNMENT (  '', '', ( #9770 ) ) ;
#2306 = MECHANICAL_DESIGN_GEOMETRIC_PRESENTATION_REPRESENTATION (  '', ( #3132 ), #6447 ) ;
#2307 = DIRECTION ( 'NONE',  ( 0.0000000000000000000, -1.000000000000000000, 0.0000000000000000000 ) ) ;
#2308 = FACE_OUTER_BOUND ( 'NONE', #4181, .T. ) ;
#2309 = CARTESIAN_POINT ( 'NONE',  ( 8.859999999999999432, 6.199999999999999289, 1.750000000000000222 ) ) ;
#2310 = AXIS2_PLACEMENT_3D ( 'NONE', #2540, #8787, #5039 ) ;
#2311 = ORIENTED_EDGE ( 'NONE', *, *, #10179, .T. ) ;
#2312 = COLOUR_RGB ( '',0.3137254901960784270, 0.3137254901960784270, 0.3137254901960784270 ) ;
#2313 = FACE_OUTER_BOUND ( 'NONE', #4785, .T. ) ;
#2314 = PRESENTATION_STYLE_ASSIGNMENT (( #2217 ) ) ;
#2315 = PRESENTATION_LAYER_ASSIGNMENT (  '', '', ( #9245 ) ) ;
#2316 = CARTESIAN_POINT ( 'NONE',  ( -5.400000000000002132, 0.0000000000000000000, -0.9500000000000025091 ) ) ;
#2317 =( GEOMETRIC_REPRESENTATION_CONTEXT ( 3 ) GLOBAL_UNCERTAINTY_ASSIGNED_CONTEXT ( ( #4452 ) ) GLOBAL_UNIT_ASSIGNED_CONTEXT ( ( #10135, #3281, #8960 ) ) REPRESENTATION_CONTEXT ( 'NONE', 'WORKASPACE' ) );
#2318 = EDGE_CURVE ( 'NONE', #1365, #4749, #8602, .T. ) ;
#2319 = LINE ( 'NONE', #4720, #4685 ) ;
#2320 = CARTESIAN_POINT ( 'NONE',  ( -8.859999999999997655, 8.400000000000002132, 3.200000000000000622 ) ) ;
#2321 = ADVANCED_FACE ( 'NONE', ( #4799 ), #689, .T. ) ;
#2322 = AXIS2_PLACEMENT_3D ( 'NONE', #6683, #5892, #9687 ) ;
#2323 = VERTEX_POINT ( 'NONE', #1930 ) ;
#2324 = ORIENTED_EDGE ( 'NONE', *, *, #8132, .T. ) ;
#2325 = CARTESIAN_POINT ( 'NONE',  ( 7.620000000000000107, 0.0000000000000000000, 0.9499999999999980682 ) ) ;
#2326 = EDGE_CURVE ( 'NONE', #1701, #8851, #4128, .T. ) ;
#2327 = PRESENTATION_STYLE_ASSIGNMENT (( #8517 ) ) ;
#2328 = CARTESIAN_POINT ( 'NONE',  ( -4.760000000000002451, 8.371098615898084461, -1.590000000000002300 ) ) ;
#2329 =( NAMED_UNIT ( * ) SI_UNIT ( $, .STERADIAN. ) SOLID_ANGLE_UNIT ( ) );
#2330 = DIRECTION ( 'NONE',  ( 0.0000000000000000000, -0.0000000000000000000, -1.000000000000000000 ) ) ;
#2331 = UNCERTAINTY_MEASURE_WITH_UNIT (LENGTH_MEASURE( 1.000000000000000082E-05 ), #1013, 'distance_accuracy_value', 'NONE');
#2332 = VECTOR ( 'NONE', #2184, 1000.000000000000114 ) ;
#2333 =( NAMED_UNIT ( * ) PLANE_ANGLE_UNIT ( ) SI_UNIT ( $, .RADIAN. ) );
#2334 = COLOUR_RGB ( '',0.9686274509803921573, 0.8784313725490195957, 0.5999999999999999778 ) ;
#2335 = CARTESIAN_POINT ( 'NONE',  ( 5.204906964573650541, -3.000000000000000000, 1.394906964573651154 ) ) ;
#2336 = CARTESIAN_POINT ( 'NONE',  ( 2.219999999999997531, 8.371098615898084461, -1.590000000000002522 ) ) ;
#2337 = VERTEX_POINT ( 'NONE', #4958 ) ;
#2338 = ORIENTED_EDGE ( 'NONE', *, *, #780, .F. ) ;
#2340 = VERTEX_POINT ( 'NONE', #9711 ) ;
#2339 = SURFACE_STYLE_FILL_AREA ( #4584 ) ;
#2341 = ADVANCED_FACE ( 'NONE', ( #7279 ), #154, .T. ) ;
#2342 = AXIS2_PLACEMENT_3D ( 'NONE', #1746, #4923, #6511 ) ;
#2343 = EDGE_CURVE ( 'NONE', #7228, #239, #1830, .T. ) ;
#2344 = UNCERTAINTY_MEASURE_WITH_UNIT (LENGTH_MEASURE( 1.000000000000000082E-05 ), #6739, 'distance_accuracy_value', 'NONE');
#2345 = SURFACE_SIDE_STYLE ('',( #10223 ) ) ;
#2346 =( LENGTH_UNIT ( ) NAMED_UNIT ( * ) SI_UNIT ( .MILLI., .METRE. ) );
#2347 =( NAMED_UNIT ( * ) SI_UNIT ( $, .STERADIAN. ) SOLID_ANGLE_UNIT ( ) );
#2348 = DIRECTION ( 'NONE',  ( -0.0000000000000000000, 1.000000000000000000, -0.0000000000000000000 ) ) ;
#2349 = CARTESIAN_POINT ( 'NONE',  ( -0.1499999999999996336, 9.000000000000000000, -4.450000000000000178 ) ) ;
#2350 = VECTOR ( 'NONE', #9394, 1000.000000000000000 ) ;
#2351 = MECHANICAL_DESIGN_GEOMETRIC_PRESENTATION_REPRESENTATION (  '', ( #9633 ), #1362 ) ;
#2352 = DIRECTION ( 'NONE',  ( 0.0000000000000000000, 1.000000000000000000, 0.0000000000000000000 ) ) ;
#2353 = VERTEX_POINT ( 'NONE', #8136 ) ;
#2354 = FACE_BOUND ( 'NONE', #6058, .T. ) ;
#2355 = SURFACE_SIDE_STYLE ('',( #3138 ) ) ;
#2356 = EDGE_LOOP ( 'NONE', ( #9911, #166, #7457, #4213 ) ) ;
#2357 = FILL_AREA_STYLE ('',( #9593 ) ) ;
#2358 = VECTOR ( 'NONE', #1445, 1000.000000000000000 ) ;
#2359 = MECHANICAL_DESIGN_GEOMETRIC_PRESENTATION_REPRESENTATION (  '', ( #856 ), #7170 ) ;
#2360 = PRESENTATION_STYLE_ASSIGNMENT (( #8493 ) ) ;
#2361 = FILL_AREA_STYLE ('',( #1631 ) ) ;
#2362 = VECTOR ( 'NONE', #8655, 1000.000000000000000 ) ;
#2363 = CARTESIAN_POINT ( 'NONE',  ( -2.220000000000002860, 8.371098615898084461, 1.589999999999997415 ) ) ;
#2364 = EDGE_CURVE ( 'NONE', #7926, #2704, #4336, .T. ) ;
#2365 = CARTESIAN_POINT ( 'NONE',  ( -2.763014284694894851, 8.579085153560457755, -1.493014284694895277 ) ) ;
#2366 = DIRECTION ( 'NONE',  ( 1.000000000000000000, 0.0000000000000000000, 3.388131789017201849E-16 ) ) ;
#2367 = ORIENTED_EDGE ( 'NONE', *, *, #6257, .T. ) ;
#2368 = UNCERTAINTY_MEASURE_WITH_UNIT (LENGTH_MEASURE( 1.000000000000000082E-05 ), #1909, 'distance_accuracy_value', 'NONE');
#2369 =( NAMED_UNIT ( * ) PLANE_ANGLE_UNIT ( ) SI_UNIT ( $, .RADIAN. ) );
#2370 = PRESENTATION_LAYER_ASSIGNMENT (  '', '', ( #4360 ) ) ;
#2371 = FACE_OUTER_BOUND ( 'NONE', #7169, .T. ) ;
#2372 = LINE ( 'NONE', #3154, #9972 ) ;
#2373 = EDGE_LOOP ( 'NONE', ( #10061, #6700, #8595, #3280 ) ) ;
#2374 = ADVANCED_FACE ( 'NONE', ( #3445 ), #2552, .F. ) ;
#2375 = ORIENTED_EDGE ( 'NONE', *, *, #5566, .F. ) ;
#2376 = PLANE ( 'NONE',  #9748 ) ;
#2377 = CARTESIAN_POINT ( 'NONE',  ( 2.419999999999998597, 8.800000000000000711, -1.390000000000002123 ) ) ;
#2378 =( LENGTH_UNIT ( ) NAMED_UNIT ( * ) SI_UNIT ( .MILLI., .METRE. ) );
#2379 = FILL_AREA_STYLE ('',( #4684 ) ) ;
#2380 = VERTEX_POINT ( 'NONE', #7682 ) ;
#2382 = ORIENTED_EDGE ( 'NONE', *, *, #1115, .F. ) ;
#2381 = LINE ( 'NONE', #10170, #1196 ) ;
#2383 =( NAMED_UNIT ( * ) PLANE_ANGLE_UNIT ( ) SI_UNIT ( $, .RADIAN. ) );
#2384 = DIRECTION ( 'NONE',  ( 1.000000000000000000, 0.0000000000000000000, 0.0000000000000000000 ) ) ;
#2385 = PRESENTATION_STYLE_ASSIGNMENT (( #3225 ) ) ;
#2386 =( NAMED_UNIT ( * ) PLANE_ANGLE_UNIT ( ) SI_UNIT ( $, .RADIAN. ) );
#2387 = CARTESIAN_POINT ( 'NONE',  ( 7.850000000000001421, 0.0000000000000000000, -4.450000000000000178 ) ) ;
#2388 = PRODUCT_DEFINITION_SHAPE ( 'NONE', 'NONE',  #2585 ) ;
#2389 = ADVANCED_FACE ( 'NONE', ( #1210 ), #6863, .F. ) ;
#2390 = COLOUR_RGB ( '',0.9686274509803921573, 0.8784313725490195957, 0.5999999999999999778 ) ;
#2391 = ADVANCED_FACE ( 'NONE', ( #2962 ), #2030, .T. ) ;
#2392 = EDGE_CURVE ( 'NONE', #9053, #6043, #4537, .T. ) ;
#2393 = VECTOR ( 'NONE', #1155, 1000.000000000000000 ) ;
#2394 = VERTEX_POINT ( 'NONE', #1417 ) ;
#2395 = ORIENTED_EDGE ( 'NONE', *, *, #5824, .T. ) ;
#2396 = PRESENTATION_LAYER_ASSIGNMENT (  '', '', ( #7045 ) ) ;
#2397 = FACE_OUTER_BOUND ( 'NONE', #8363, .T. ) ;
#2398 = ORIENTED_EDGE ( 'NONE', *, *, #4429, .T. ) ;
#2399 = LINE ( 'NONE', #3141, #1059 ) ;
#2400 = SURFACE_STYLE_FILL_AREA ( #1534 ) ;
#2401 = MECHANICAL_DESIGN_GEOMETRIC_PRESENTATION_REPRESENTATION (  '', ( #4070 ), #3909 ) ;
#2402 = PRESENTATION_LAYER_ASSIGNMENT (  '', '', ( #2237 ) ) ;
#2403 = CARTESIAN_POINT ( 'NONE',  ( -2.220000000000002860, 8.371098615898084461, 1.589999999999997415 ) ) ;
#2404 = EDGE_CURVE ( 'NONE', #1190, #6313, #6971, .T. ) ;
#2405 = PLANE ( 'NONE',  #7156 ) ;
#2406 =( LENGTH_UNIT ( ) NAMED_UNIT ( * ) SI_UNIT ( .MILLI., .METRE. ) );
#2407 = COLOUR_RGB ( '',0.9686274509803921573, 0.8784313725490195957, 0.5999999999999999778 ) ;
#2408 = COLOUR_RGB ( '',0.9686274509803921573, 0.8784313725490195957, 0.5999999999999999778 ) ;
#2409 = FILL_AREA_STYLE ('',( #6847 ) ) ;
#2410 = LINE ( 'NONE', #5624, #3440 ) ;
#2411 = AXIS2_PLACEMENT_3D ( 'NONE', #937, #3781, #4666 ) ;
#2412 = ORIENTED_EDGE ( 'NONE', *, *, #10253, .F. ) ;
#2413 = SURFACE_STYLE_FILL_AREA ( #9502 ) ;
#2414 = EDGE_LOOP ( 'NONE', ( #7995, #4220, #3327, #9115 ) ) ;
#2415 = DIRECTION ( 'NONE',  ( -0.0000000000000000000, 0.0000000000000000000, 1.000000000000000000 ) ) ;
#2416 = MECHANICAL_DESIGN_GEOMETRIC_PRESENTATION_REPRESENTATION (  '', ( #7879 ), #1920 ) ;
#2417 =( GEOMETRIC_REPRESENTATION_CONTEXT ( 3 ) GLOBAL_UNCERTAINTY_ASSIGNED_CONTEXT ( ( #10112 ) ) GLOBAL_UNIT_ASSIGNED_CONTEXT ( ( #7807, #705, #4717 ) ) REPRESENTATION_CONTEXT ( 'NONE', 'WORKASPACE' ) );
#2418 = DIRECTION ( 'NONE',  ( 0.0000000000000000000, -1.000000000000000000, 0.0000000000000000000 ) ) ;
#2419 = STYLED_ITEM ( 'NONE', ( #3394 ), #6139 ) ;
#2420 = FILL_AREA_STYLE ('',( #6258 ) ) ;
#2421 = LINE ( 'NONE', #6202, #3991 ) ;
#2422 = VERTEX_POINT ( 'NONE', #4427 ) ;
#2423 = MECHANICAL_DESIGN_GEOMETRIC_PRESENTATION_REPRESENTATION (  '', ( #3588 ), #1271 ) ;
#2424 = ORIENTED_EDGE ( 'NONE', *, *, #5553, .T. ) ;
#2425 = DIRECTION ( 'NONE',  ( 3.045232680045606804E-16, 0.4383711467890774038, -0.8987940462991670376 ) ) ;
#2426 =( NAMED_UNIT ( * ) PLANE_ANGLE_UNIT ( ) SI_UNIT ( $, .RADIAN. ) );
#2427 = CARTESIAN_POINT ( 'NONE',  ( -10.16000000000000014, 0.0000000000000000000, 4.549999999999999822 ) ) ;
#2428 = LINE ( 'NONE', #2584, #5033 ) ;
#2429 = FACE_OUTER_BOUND ( 'NONE', #345, .T. ) ;
#2430 =( LENGTH_UNIT ( ) NAMED_UNIT ( * ) SI_UNIT ( .MILLI., .METRE. ) );
#2431 = AXIS2_PLACEMENT_3D ( 'NONE', #474, #5307, #8438 ) ;
#2432 = ADVANCED_FACE ( 'NONE', ( #7582 ), #4378, .T. ) ;
#2433 =( LENGTH_UNIT ( ) NAMED_UNIT ( * ) SI_UNIT ( .MILLI., .METRE. ) );
#2434 = ORIENTED_EDGE ( 'NONE', *, *, #2453, .F. ) ;
#2435 = EDGE_LOOP ( 'NONE', ( #7368, #6170, #9441, #7985 ) ) ;
#2437 = VERTEX_POINT ( 'NONE', #3127 ) ;
#2436 = FACE_OUTER_BOUND ( 'NONE', #7384, .T. ) ;
#2438 = PRESENTATION_STYLE_ASSIGNMENT (( #6327 ) ) ;
#2439 = AXIS2_PLACEMENT_3D ( 'NONE', #9723, #6670, #5783 ) ;
#2440 = LINE ( 'NONE', #2501, #3675 ) ;
#2441 = VECTOR ( 'NONE', #1758, 1000.000000000000000 ) ;
#2442 = MECHANICAL_DESIGN_GEOMETRIC_PRESENTATION_REPRESENTATION (  '', ( #785 ), #9545 ) ;
#2443 = EDGE_LOOP ( 'NONE', ( #2296, #6640, #499, #309 ) ) ;
#2444 = SURFACE_STYLE_USAGE ( .BOTH. , #5715 ) ;
#2445 = VERTEX_POINT ( 'NONE', #1665 ) ;
#2446 = EDGE_CURVE ( 'NONE', #429, #4513, #8588, .T. ) ;
#2447 = LINE ( 'NONE', #6385, #9348 ) ;
#2448 = AXIS2_PLACEMENT_3D ( 'NONE', #4383, #1107, #1166 ) ;
#2449 = FILL_AREA_STYLE_COLOUR ( '', #9399 ) ;
#2450 =( LENGTH_UNIT ( ) NAMED_UNIT ( * ) SI_UNIT ( .MILLI., .METRE. ) );
#2451 = ORIENTED_EDGE ( 'NONE', *, *, #4000, .T. ) ;
#2452 = SURFACE_STYLE_USAGE ( .BOTH. , #4710 ) ;
#2453 = EDGE_CURVE ( 'NONE', #9929, #7509, #3861, .T. ) ;
#2454 = MECHANICAL_DESIGN_GEOMETRIC_PRESENTATION_REPRESENTATION (  '', ( #943 ), #8885 ) ;
#2455 = ADVANCED_FACE ( 'NONE', ( #10271 ), #6426, .T. ) ;
#2456 = PRESENTATION_LAYER_ASSIGNMENT (  '', '', ( #6775 ) ) ;
#2457 = CARTESIAN_POINT ( 'NONE',  ( -4.726128629393484681E-16, -3.000000000000000000, 1.394906964573652708 ) ) ;
#2458 = SURFACE_SIDE_STYLE ('',( #8039 ) ) ;
#2459 = DIRECTION ( 'NONE',  ( 0.0000000000000000000, 0.0000000000000000000, 1.000000000000000000 ) ) ;
#2460 = CARTESIAN_POINT ( 'NONE',  ( 7.500000000000000000, -0.1000000000000000056, 3.200000000000000178 ) ) ;
#2461 = PRESENTATION_LAYER_ASSIGNMENT (  '', '', ( #4294 ) ) ;
#2462 = PRESENTATION_LAYER_ASSIGNMENT (  '', '', ( #803 ) ) ;
#2463 = ORIENTED_EDGE ( 'NONE', *, *, #5440, .F. ) ;
#2464 = CARTESIAN_POINT ( 'NONE',  ( -6.015304598860760521, 7.922709448335786497, 4.450000000000000178 ) ) ;
#2465 = EDGE_CURVE ( 'NONE', #1764, #419, #4062, .T. ) ;
#2466 = UNCERTAINTY_MEASURE_WITH_UNIT (LENGTH_MEASURE( 1.000000000000000082E-05 ), #6735, 'distance_accuracy_value', 'NONE');
#2467 = EDGE_CURVE ( 'NONE', #4513, #2323, #7216, .T. ) ;
#2468 = CARTESIAN_POINT ( 'NONE',  ( -2.220000000000002860, 0.0000000000000000000, 1.589999999999997415 ) ) ;
#2469 = VECTOR ( 'NONE', #5614, 1000.000000000000000 ) ;
#2470 = DIRECTION ( 'NONE',  ( -3.388131789017201849E-16, 0.0000000000000000000, 1.000000000000000000 ) ) ;
#2471 = DIRECTION ( 'NONE',  ( -3.388131789017201849E-16, 0.0000000000000000000, 1.000000000000000000 ) ) ;
#2472 = DIRECTION ( 'NONE',  ( 0.0000000000000000000, 0.0000000000000000000, 1.000000000000000000 ) ) ;
#2473 = AXIS2_PLACEMENT_3D ( 'NONE', #9097, #3733, #6890 ) ;
#2474 = AXIS2_PLACEMENT_3D ( 'NONE', #9942, #9133, #491 ) ;
#2475 = SURFACE_STYLE_FILL_AREA ( #2420 ) ;
#2476 = CARTESIAN_POINT ( 'NONE',  ( 0.3199999999999982303, 0.0000000000000000000, -0.9500000000000022871 ) ) ;
#2477 = PRESENTATION_LAYER_ASSIGNMENT (  '', '', ( #7936 ) ) ;
#2478 = PRESENTATION_STYLE_ASSIGNMENT (( #1700 ) ) ;
#2479 = PRESENTATION_LAYER_ASSIGNMENT (  '', '', ( #6784 ) ) ;
#2480 = ORIENTED_EDGE ( 'NONE', *, *, #4993, .F. ) ;
#2481 = CARTESIAN_POINT ( 'NONE',  ( 4.759999999999997122, -2.599999999999996536, 1.589999999999997193 ) ) ;
#2482 =( GEOMETRIC_REPRESENTATION_CONTEXT ( 3 ) GLOBAL_UNCERTAINTY_ASSIGNED_CONTEXT ( ( #2563 ) ) GLOBAL_UNIT_ASSIGNED_CONTEXT ( ( #7102, #7812, #711 ) ) REPRESENTATION_CONTEXT ( 'NONE', 'WORKASPACE' ) );
#2483 = MECHANICAL_DESIGN_GEOMETRIC_PRESENTATION_REPRESENTATION (  '', ( #3481 ), #3992 ) ;
#2484 =( LENGTH_UNIT ( ) NAMED_UNIT ( * ) SI_UNIT ( .MILLI., .METRE. ) );
#2485 = CARTESIAN_POINT ( 'NONE',  ( -0.3200000000000025602, 1.299999999999999156, 0.9499999999999971800 ) ) ;
#2486 = CARTESIAN_POINT ( 'NONE',  ( -4.955093035426348713, -3.000000000000000000, 0.0000000000000000000 ) ) ;
#2487 = DIRECTION ( 'NONE',  ( -1.000000000000000000, 0.0000000000000000000, -1.694065894508600925E-16 ) ) ;
#2488 = AXIS2_PLACEMENT_3D ( 'NONE', #2525, #2471, #5633 ) ;
#2489 = COLOUR_RGB ( '',0.9686274509803921573, 0.8784313725490195957, 0.5999999999999999778 ) ;
#2490 =( GEOMETRIC_REPRESENTATION_CONTEXT ( 3 ) GLOBAL_UNCERTAINTY_ASSIGNED_CONTEXT ( ( #8554 ) ) GLOBAL_UNIT_ASSIGNED_CONTEXT ( ( #3294, #9603, #5676 ) ) REPRESENTATION_CONTEXT ( 'NONE', 'WORKASPACE' ) );
#2491 = CARTESIAN_POINT ( 'NONE',  ( -0.3200000000000025602, 8.371098615898084461, 1.589999999999997193 ) ) ;
#2492 = ORIENTED_EDGE ( 'NONE', *, *, #4636, .F. ) ;
#2493 = ORIENTED_EDGE ( 'NONE', *, *, #8147, .T. ) ;
#2494 = VERTEX_POINT ( 'NONE', #1517 ) ;
#2495 = DIRECTION ( 'NONE',  ( 1.000000000000000000, -0.0000000000000000000, 3.388131789017201849E-16 ) ) ;
#2496 =( NAMED_UNIT ( * ) PLANE_ANGLE_UNIT ( ) SI_UNIT ( $, .RADIAN. ) );
#2497 = DIRECTION ( 'NONE',  ( 1.000000000000000000, 0.0000000000000000000, 3.388131789017201849E-16 ) ) ;
#2498 = EDGE_CURVE ( 'NONE', #604, #3956, #5396, .T. ) ;
#2499 = COLOUR_RGB ( '',0.9686274509803921573, 0.8784313725490195957, 0.5999999999999999778 ) ;
#2500 = FACE_OUTER_BOUND ( 'NONE', #3223, .T. ) ;
#2501 = CARTESIAN_POINT ( 'NONE',  ( 0.3199999999999973976, 8.800000000000000711, 0.9499999999999972911 ) ) ;
#2502 = VECTOR ( 'NONE', #3799, 1000.000000000000000 ) ;
#2503 = ORIENTED_EDGE ( 'NONE', *, *, #2465, .F. ) ;
#2504 =( GEOMETRIC_REPRESENTATION_CONTEXT ( 3 ) GLOBAL_UNCERTAINTY_ASSIGNED_CONTEXT ( ( #3301 ) ) GLOBAL_UNIT_ASSIGNED_CONTEXT ( ( #5481, #6407, #9559 ) ) REPRESENTATION_CONTEXT ( 'NONE', 'WORKASPACE' ) );
#2505 = ORIENTED_EDGE ( 'NONE', *, *, #849, .F. ) ;
#2506 = CARTESIAN_POINT ( 'NONE',  ( 5.399999999999996803, -2.599999999999996536, 1.589999999999997415 ) ) ;
#2507 = FACE_OUTER_BOUND ( 'NONE', #6850, .T. ) ;
#2508 = EDGE_LOOP ( 'NONE', ( #5640, #3313, #3924, #8515 ) ) ;
#2509 = ORIENTED_EDGE ( 'NONE', *, *, #9020, .T. ) ;
#2510 = SURFACE_SIDE_STYLE ('',( #6290 ) ) ;
#2511 = SURFACE_STYLE_FILL_AREA ( #4077 ) ;
#2512 = CARTESIAN_POINT ( 'NONE',  ( 2.540000000000000480, 0.0000000000000000000, -1.590000000000000746 ) ) ;
#2513 = CARTESIAN_POINT ( 'NONE',  ( -8.150000000000000355, 9.000000000000000000, -4.549999999999999822 ) ) ;
#2514 = VECTOR ( 'NONE', #9882, 1000.000000000000000 ) ;
#2515 = EDGE_CURVE ( 'NONE', #7486, #8267, #7829, .T. ) ;
#2516 = CARTESIAN_POINT ( 'NONE',  ( 0.3199999999999982303, 8.800000000000000711, -1.590000000000002300 ) ) ;
#2517 = DIRECTION ( 'NONE',  ( 0.0000000000000000000, 0.0000000000000000000, -1.000000000000000000 ) ) ;
#2518 = SURFACE_STYLE_USAGE ( .BOTH. , #1784 ) ;
#2519 = VECTOR ( 'NONE', #5634, 1000.000000000000000 ) ;
#2520 = ORIENTED_EDGE ( 'NONE', *, *, #585, .F. ) ;
#2521 = FILL_AREA_STYLE ('',( #109 ) ) ;
#2522 = DIRECTION ( 'NONE',  ( 3.388131789017201849E-16, 0.0000000000000000000, -1.000000000000000000 ) ) ;
#2523 = FACE_OUTER_BOUND ( 'NONE', #9387, .T. ) ;
#2524 = CARTESIAN_POINT ( 'NONE',  ( -10.16000000000000192, 6.199999999999999289, 1.750000000000000444 ) ) ;
#2525 = CARTESIAN_POINT ( 'NONE',  ( -0.3200000000000025602, 8.800000000000000711, 1.589999999999997193 ) ) ;
#2526 = LINE ( 'NONE', #8102, #8785 ) ;
#2527 = PRESENTATION_LAYER_ASSIGNMENT (  '', '', ( #2022 ) ) ;
#2528 = COLOUR_RGB ( '',0.9686274509803921573, 0.8784313725490195957, 0.5999999999999999778 ) ;
#2529 = SURFACE_STYLE_FILL_AREA ( #7401 ) ;
#2530 = EDGE_CURVE ( 'NONE', #1664, #3871, #2543, .T. ) ;
#2531 = PLANE ( 'NONE',  #7783 ) ;
#2532 = FACE_OUTER_BOUND ( 'NONE', #4813, .T. ) ;
#2533 = ORIENTED_EDGE ( 'NONE', *, *, #5980, .T. ) ;
#2534 = VERTEX_POINT ( 'NONE', #8070 ) ;
#2535 =( NAMED_UNIT ( * ) PLANE_ANGLE_UNIT ( ) SI_UNIT ( $, .RADIAN. ) );
#2536 = VECTOR ( 'NONE', #3321, 1000.000000000000000 ) ;
#2537 = CARTESIAN_POINT ( 'NONE',  ( -8.860000000000002984, 6.199999999999999289, 1.750000000000000222 ) ) ;
#2538 = DIRECTION ( 'NONE',  ( -1.000000000000000000, 0.0000000000000000000, -3.388131789017201849E-16 ) ) ;
#2539 =( NAMED_UNIT ( * ) PLANE_ANGLE_UNIT ( ) SI_UNIT ( $, .RADIAN. ) );
#2540 = CARTESIAN_POINT ( 'NONE',  ( -8.859999999999997655, 1.299999999999999156, 3.200000000000000622 ) ) ;
#2542 = ORIENTED_EDGE ( 'NONE', *, *, #5413, .F. ) ;
#2541 = SURFACE_STYLE_FILL_AREA ( #9576 ) ;
#2543 = LINE ( 'NONE', #347, #5426 ) ;
#2544 = CARTESIAN_POINT ( 'NONE',  ( -7.500000000000000000, -0.1000000000000000056, 3.700000000000001066 ) ) ;
#2545 = UNCERTAINTY_MEASURE_WITH_UNIT (LENGTH_MEASURE( 1.000000000000000082E-05 ), #7425, 'distance_accuracy_value', 'NONE');
#2546 = DIRECTION ( 'NONE',  ( -0.4014883995042275999, -0.8231732078530418217, -0.4014883995042279885 ) ) ;
#2547 = FILL_AREA_STYLE_COLOUR ( '', #9935 ) ;
#2548 = ORIENTED_EDGE ( 'NONE', *, *, #2826, .T. ) ;
#2549 = DIRECTION ( 'NONE',  ( 1.000000000000000000, 0.0000000000000000000, 3.388131789017201849E-16 ) ) ;
#2550 = ORIENTED_EDGE ( 'NONE', *, *, #6052, .T. ) ;
#2551 = ORIENTED_EDGE ( 'NONE', *, *, #4862, .F. ) ;
#2552 = PLANE ( 'NONE',  #5762 ) ;
#2553 = UNCERTAINTY_MEASURE_WITH_UNIT (LENGTH_MEASURE( 1.000000000000000082E-05 ), #6153, 'distance_accuracy_value', 'NONE');
#2554 = FILL_AREA_STYLE ('',( #7435 ) ) ;
#2555 =( NAMED_UNIT ( * ) PLANE_ANGLE_UNIT ( ) SI_UNIT ( $, .RADIAN. ) );
#2556 = LINE ( 'NONE', #5110, #4582 ) ;
#2557 = STYLED_ITEM ( 'NONE', ( #8603 ), #67 ) ;
#2558 = COLOUR_RGB ( '',0.9686274509803921573, 0.8784313725490195957, 0.5999999999999999778 ) ;
#2559 = EDGE_CURVE ( 'NONE', #879, #1465, #9217, .T. ) ;
#2560 = ORIENTED_EDGE ( 'NONE', *, *, #1048, .F. ) ;
#2561 = DIRECTION ( 'NONE',  ( -1.000000000000000000, 0.0000000000000000000, -3.388131789017201849E-16 ) ) ;
#2562 = DIRECTION ( 'NONE',  ( -0.0000000000000000000, 1.000000000000000000, -0.0000000000000000000 ) ) ;
#2563 = UNCERTAINTY_MEASURE_WITH_UNIT (LENGTH_MEASURE( 1.000000000000000082E-05 ), #7102, 'distance_accuracy_value', 'NONE');
#2564 = VECTOR ( 'NONE', #3276, 1000.000000000000000 ) ;
#2565 =( LENGTH_UNIT ( ) NAMED_UNIT ( * ) SI_UNIT ( .MILLI., .METRE. ) );
#2566 = CARTESIAN_POINT ( 'NONE',  ( 5.204906964573652317, -3.000000000000000000, -1.145093035426348438 ) ) ;
#2567 =( NAMED_UNIT ( * ) PLANE_ANGLE_UNIT ( ) SI_UNIT ( $, .RADIAN. ) );
#2568 = COLOUR_RGB ( '',0.9686274509803921573, 0.8784313725490195957, 0.5999999999999999778 ) ;
#2569 = AXIS2_PLACEMENT_3D ( 'NONE', #8782, #4258, #6416 ) ;
#2570 = CARTESIAN_POINT ( 'NONE',  ( -2.860000000000001652, 8.800000000000000711, -1.390000000000002123 ) ) ;
#2571 = SURFACE_STYLE_FILL_AREA ( #9671 ) ;
#2572 = AXIS2_PLACEMENT_3D ( 'NONE', #1122, #10040, #5937 ) ;
#2573 =( GEOMETRIC_REPRESENTATION_CONTEXT ( 3 ) GLOBAL_UNCERTAINTY_ASSIGNED_CONTEXT ( ( #8137 ) ) GLOBAL_UNIT_ASSIGNED_CONTEXT ( ( #7944, #846, #8917 ) ) REPRESENTATION_CONTEXT ( 'NONE', 'WORKASPACE' ) );
#2574 = LINE ( 'NONE', #5743, #5578 ) ;
#2575 = VERTEX_POINT ( 'NONE', #9578 ) ;
#2576 = EDGE_CURVE ( 'NONE', #1038, #3610, #9806, .T. ) ;
#2577 = ORIENTED_EDGE ( 'NONE', *, *, #8907, .F. ) ;
#2578 = DIRECTION ( 'NONE',  ( -0.4014883995042277109, -0.8231732078530417107, -0.4014883995042280440 ) ) ;
#2579 = UNCERTAINTY_MEASURE_WITH_UNIT (LENGTH_MEASURE( 1.000000000000000082E-05 ), #878, 'distance_accuracy_value', 'NONE');
#2580 = VECTOR ( 'NONE', #3460, 1000.000000000000000 ) ;
#2581 = MECHANICAL_DESIGN_GEOMETRIC_PRESENTATION_REPRESENTATION (  '', ( #4912 ), #6719 ) ;
#2582 = FACE_OUTER_BOUND ( 'NONE', #5224, .T. ) ;
#2583 = CARTESIAN_POINT ( 'NONE',  ( 4.759999999999998899, 0.0000000000000000000, -0.9500000000000025091 ) ) ;
#2584 = CARTESIAN_POINT ( 'NONE',  ( 5.399999999999998579, 8.371098615898084461, -1.590000000000002300 ) ) ;
#2585 = PRODUCT_DEFINITION ( 'UNKNOWN', '', #538, #58 ) ;
#2586 =( NAMED_UNIT ( * ) SI_UNIT ( $, .STERADIAN. ) SOLID_ANGLE_UNIT ( ) );
#2587 = EDGE_CURVE ( 'NONE', #8834, #10207, #3329, .T. ) ;
#2588 = PLANE ( 'NONE',  #162 ) ;
#2589 = PRESENTATION_STYLE_ASSIGNMENT (( #3426 ) ) ;
#2590 = VECTOR ( 'NONE', #5639, 1000.000000000000114 ) ;
#2591 = VECTOR ( 'NONE', #7479, 1000.000000000000000 ) ;
#2592 = EDGE_LOOP ( 'NONE', ( #3111, #1663, #4935, #6070 ) ) ;
#2593 = AXIS2_PLACEMENT_3D ( 'NONE', #3275, #4024, #192 ) ;
#2594 = ORIENTED_EDGE ( 'NONE', *, *, #697, .T. ) ;
#2596 = ORIENTED_EDGE ( 'NONE', *, *, #5319, .F. ) ;
#2595 = SURFACE_SIDE_STYLE ('',( #8295 ) ) ;
#2597 = CARTESIAN_POINT ( 'NONE',  ( 2.664906964573651837, -3.000000000000000000, -1.145093035426348438 ) ) ;
#2598 = FACE_OUTER_BOUND ( 'NONE', #3415, .T. ) ;
#2599 = CARTESIAN_POINT ( 'NONE',  ( 7.500000000000000000, 0.0000000000000000000, 3.200000000000000178 ) ) ;
#2600 = AXIS2_PLACEMENT_3D ( 'NONE', #7546, #4981, #9837 ) ;
#2601 = EDGE_CURVE ( 'NONE', #5342, #5560, #974, .T. ) ;
#2602 = STYLED_ITEM ( 'NONE', ( #1229 ), #6597 ) ;
#2603 = VECTOR ( 'NONE', #5256, 1000.000000000000000 ) ;
#2604 = ORIENTED_EDGE ( 'NONE', *, *, #3572, .F. ) ;
#2605 = CARTESIAN_POINT ( 'NONE',  ( 2.859999999999996767, 8.371098615898088013, 0.9499999999999972911 ) ) ;
#2606 = CARTESIAN_POINT ( 'NONE',  ( 4.759999999999998899, 8.371098615898084461, -0.9500000000000025091 ) ) ;
#2607 = VERTEX_POINT ( 'NONE', #2695 ) ;
#2608 = VERTEX_POINT ( 'NONE', #191 ) ;
#2609 = SURFACE_STYLE_FILL_AREA ( #8226 ) ;
#2610 = MECHANICAL_DESIGN_GEOMETRIC_PRESENTATION_REPRESENTATION (  '', ( #10058 ), #6923 ) ;
#2611 = CARTESIAN_POINT ( 'NONE',  ( -2.220000000000001972, 1.299999999999999156, -1.590000000000002300 ) ) ;
#2612 = FILL_AREA_STYLE ('',( #1101 ) ) ;
#2613 = LINE ( 'NONE', #6663, #3753 ) ;
#2614 = SURFACE_STYLE_FILL_AREA ( #1880 ) ;
#2615 = AXIS2_PLACEMENT_3D ( 'NONE', #9374, #5448, #4844 ) ;
#2616 = SURFACE_STYLE_USAGE ( .BOTH. , #7236 ) ;
#2617 = FACE_OUTER_BOUND ( 'NONE', #6965, .T. ) ;
#2618 = LINE ( 'NONE', #3555, #9884 ) ;
#2619 = AXIS2_PLACEMENT_3D ( 'NONE', #8994, #1136, #7472 ) ;
#2620 = ORIENTED_EDGE ( 'NONE', *, *, #6874, .T. ) ;
#2621 = DIRECTION ( 'NONE',  ( 0.0000000000000000000, -1.000000000000000000, 0.0000000000000000000 ) ) ;
#2622 = EDGE_CURVE ( 'NONE', #6796, #5560, #8896, .T. ) ;
#2623 = CARTESIAN_POINT ( 'NONE',  ( -0.3200000000000017275, 8.371098615898084461, -0.9500000000000025091 ) ) ;
#2624 = VECTOR ( 'NONE', #5693, 1000.000000000000000 ) ;
#2625 = PRESENTATION_LAYER_ASSIGNMENT (  '', '', ( #7112 ) ) ;
#2626 = PRESENTATION_LAYER_ASSIGNMENT (  '', '', ( #3639 ) ) ;
#2627 = ORIENTED_EDGE ( 'NONE', *, *, #6328, .F. ) ;
#2628 = ORIENTED_EDGE ( 'NONE', *, *, #6314, .T. ) ;
#2629 = MECHANICAL_DESIGN_GEOMETRIC_PRESENTATION_REPRESENTATION (  '', ( #7114 ), #2791 ) ;
#2630 = FACE_BOUND ( 'NONE', #1076, .T. ) ;
#2631 = DIRECTION ( 'NONE',  ( -1.000000000000000000, 0.0000000000000000000, -3.388131789017201849E-16 ) ) ;
#2632 = PLANE ( 'NONE',  #6036 ) ;
#2633 = COLOUR_RGB ( '',0.9686274509803921573, 0.8784313725490195957, 0.5999999999999999778 ) ;
#2634 = LINE ( 'NONE', #5751, #7536 ) ;
#2635 = STYLED_ITEM ( 'NONE', ( #2672 ), #7521 ) ;
#2636 = EDGE_CURVE ( 'NONE', #7509, #4686, #5656, .T. ) ;
#2637 = DIRECTION ( 'NONE',  ( -0.0000000000000000000, 1.000000000000000000, -0.0000000000000000000 ) ) ;
#2638 =( GEOMETRIC_REPRESENTATION_CONTEXT ( 3 ) GLOBAL_UNCERTAINTY_ASSIGNED_CONTEXT ( ( #7338 ) ) GLOBAL_UNIT_ASSIGNED_CONTEXT ( ( #10274, #2386, #5140 ) ) REPRESENTATION_CONTEXT ( 'NONE', 'WORKASPACE' ) );
#2639 = STYLED_ITEM ( 'NONE', ( #6141 ), #8439 ) ;
#2640 = EDGE_CURVE ( 'NONE', #2694, #2166, #3378, .T. ) ;
#2641 =( GEOMETRIC_REPRESENTATION_CONTEXT ( 3 ) GLOBAL_UNCERTAINTY_ASSIGNED_CONTEXT ( ( #9841 ) ) GLOBAL_UNIT_ASSIGNED_CONTEXT ( ( #9212, #9318, #1367 ) ) REPRESENTATION_CONTEXT ( 'NONE', 'WORKASPACE' ) );
#2642 = ORIENTED_EDGE ( 'NONE', *, *, #9544, .T. ) ;
#2643 = VERTEX_POINT ( 'NONE', #8164 ) ;
#2644 = CARTESIAN_POINT ( 'NONE',  ( 4.770512128270664398, -2.621553056976517304, -0.9605121282706683417 ) ) ;
#2645 = FACE_OUTER_BOUND ( 'NONE', #4569, .T. ) ;
#2646 = AXIS2_PLACEMENT_3D ( 'NONE', #8666, #9506, #10251 ) ;
#2647 = UNCERTAINTY_MEASURE_WITH_UNIT (LENGTH_MEASURE( 1.000000000000000082E-05 ), #8133, 'distance_accuracy_value', 'NONE');
#2648 = STYLED_ITEM ( 'NONE', ( #6788 ), #3723 ) ;
#2649 = PLANE ( 'NONE',  #4417 ) ;
#2650 = COLOUR_RGB ( '',0.3137254901960784270, 0.3137254901960784270, 0.3137254901960784270 ) ;
#2651 =( GEOMETRIC_REPRESENTATION_CONTEXT ( 3 ) GLOBAL_UNCERTAINTY_ASSIGNED_CONTEXT ( ( #5056 ) ) GLOBAL_UNIT_ASSIGNED_CONTEXT ( ( #3144, #8445, #3880 ) ) REPRESENTATION_CONTEXT ( 'NONE', 'WORKASPACE' ) );
#2652 = EDGE_CURVE ( 'NONE', #9261, #2116, #8952, .T. ) ;
#2653 = PLANE ( 'NONE',  #7784 ) ;
#2654 = STYLED_ITEM ( 'NONE', ( #6922 ), #3845 ) ;
#2655 = ORIENTED_EDGE ( 'NONE', *, *, #1329, .F. ) ;
#2656 = EDGE_CURVE ( 'NONE', #3484, #6601, #8209, .T. ) ;
#2657 = PRESENTATION_STYLE_ASSIGNMENT (( #247 ) ) ;
#2658 = ORIENTED_EDGE ( 'NONE', *, *, #1513, .T. ) ;
#2659 = ORIENTED_EDGE ( 'NONE', *, *, #9333, .F. ) ;
#2660 = FILL_AREA_STYLE ('',( #6607 ) ) ;
#2661 = PRESENTATION_LAYER_ASSIGNMENT (  '', '', ( #7308 ) ) ;
#2662 = UNCERTAINTY_MEASURE_WITH_UNIT (LENGTH_MEASURE( 1.000000000000000082E-05 ), #4304, 'distance_accuracy_value', 'NONE');
#2663 = LINE ( 'NONE', #4183, #6021 ) ;
#2664 = PRESENTATION_STYLE_ASSIGNMENT (( #9060 ) ) ;
#2665 = LINE ( 'NONE', #5015, #2251 ) ;
#2666 = COLOUR_RGB ( '',0.9686274509803921573, 0.8784313725490195957, 0.5999999999999999778 ) ;
#2667 = CARTESIAN_POINT ( 'NONE',  ( 4.759999999999997122, 8.800000000000000711, 1.589999999999997193 ) ) ;
#2668 = FILL_AREA_STYLE ('',( #9778 ) ) ;
#2669 =( NAMED_UNIT ( * ) SI_UNIT ( $, .STERADIAN. ) SOLID_ANGLE_UNIT ( ) );
#2670 = ORIENTED_EDGE ( 'NONE', *, *, #8907, .T. ) ;
#2671 =( LENGTH_UNIT ( ) NAMED_UNIT ( * ) SI_UNIT ( .MILLI., .METRE. ) );
#2672 = PRESENTATION_STYLE_ASSIGNMENT (( #9726 ) ) ;
#2673 = VECTOR ( 'NONE', #7709, 1000.000000000000000 ) ;
#2674 = SURFACE_STYLE_USAGE ( .BOTH. , #8871 ) ;
#2675 = FILL_AREA_STYLE_COLOUR ( '', #850 ) ;
#2676 = LINE ( 'NONE', #5832, #8122 ) ;
#2677 = VECTOR ( 'NONE', #4821, 1000.000000000000000 ) ;
#2678 = CARTESIAN_POINT ( 'NONE',  ( 2.664906964573651837, -3.000000000000000000, 0.0000000000000000000 ) ) ;
#2679 = ORIENTED_EDGE ( 'NONE', *, *, #1675, .T. ) ;
#2680 = ORIENTED_EDGE ( 'NONE', *, *, #5865, .T. ) ;
#2681 = SURFACE_STYLE_USAGE ( .BOTH. , #3469 ) ;
#2682 = UNCERTAINTY_MEASURE_WITH_UNIT (LENGTH_MEASURE( 1.000000000000000082E-05 ), #1623, 'distance_accuracy_value', 'NONE');
#2683 = DIRECTION ( 'NONE',  ( 0.0000000000000000000, 0.0000000000000000000, -1.000000000000000000 ) ) ;
#2684 = PRESENTATION_STYLE_ASSIGNMENT (( #7409 ) ) ;
#2685 =( NAMED_UNIT ( * ) SI_UNIT ( $, .STERADIAN. ) SOLID_ANGLE_UNIT ( ) );
#2686 = PLANE ( 'NONE',  #6206 ) ;
#2687 = DIRECTION ( 'NONE',  ( -0.5773502691896257311, -0.5773502691896257311, -0.5773502691896257311 ) ) ;
#2688 = AXIS2_PLACEMENT_3D ( 'NONE', #2464, #4089, #4714 ) ;
#2689 = SURFACE_SIDE_STYLE ('',( #5893 ) ) ;
#2690 = EDGE_CURVE ( 'NONE', #8634, #3847, #4112, .T. ) ;
#2691 = AXIS2_PLACEMENT_3D ( 'NONE', #1353, #4528, #6362 ) ;
#2692 = EDGE_LOOP ( 'NONE', ( #6687, #2009, #408, #9636 ) ) ;
#2693 = ORIENTED_EDGE ( 'NONE', *, *, #1044, .F. ) ;
#2694 = VERTEX_POINT ( 'NONE', #9694 ) ;
#2695 = CARTESIAN_POINT ( 'NONE',  ( -2.664906964573656278, -3.000000000000000000, 1.145093035426343553 ) ) ;
#2696 = LINE ( 'NONE', #1032, #889 ) ;
#2697 = DIRECTION ( 'NONE',  ( -0.0000000000000000000, -1.000000000000000000, -0.0000000000000000000 ) ) ;
#2698 = DIRECTION ( 'NONE',  ( -0.0000000000000000000, 1.000000000000000000, -0.0000000000000000000 ) ) ;
#2699 = SURFACE_STYLE_USAGE ( .BOTH. , #359 ) ;
#2700 = VERTEX_POINT ( 'NONE', #2597 ) ;
#2701 = CARTESIAN_POINT ( 'NONE',  ( 5.399999999999996803, 8.371098615898084461, 1.589999999999997415 ) ) ;
#2702 = PLANE ( 'NONE',  #2301 ) ;
#2703 = ORIENTED_EDGE ( 'NONE', *, *, #8192, .T. ) ;
#2704 = VERTEX_POINT ( 'NONE', #1078 ) ;
#2705 = EDGE_CURVE ( 'NONE', #8646, #1209, #3963, .T. ) ;
#2706 = SURFACE_STYLE_USAGE ( .BOTH. , #9824 ) ;
#2707 = DIRECTION ( 'NONE',  ( 1.000000000000000000, 0.0000000000000000000, 3.388131789017201849E-16 ) ) ;
#2708 = FILL_AREA_STYLE ('',( #9826 ) ) ;
#2709 = CARTESIAN_POINT ( 'NONE',  ( -10.16000000000000192, 6.199999999999999289, 1.750000000000000444 ) ) ;
#2710 = FILL_AREA_STYLE ('',( #4232 ) ) ;
#2711 = EDGE_CURVE ( 'NONE', #380, #4706, #7420, .T. ) ;
#2712 = FACE_OUTER_BOUND ( 'NONE', #4166, .T. ) ;
#2713 = PRESENTATION_STYLE_ASSIGNMENT (( #2616 ) ) ;
#2714 = DIRECTION ( 'NONE',  ( 0.0000000000000000000, 0.0000000000000000000, -1.000000000000000000 ) ) ;
#2715 = CARTESIAN_POINT ( 'NONE',  ( -4.960000000000002629, 8.800000000000000711, -1.590000000000002300 ) ) ;
#2716 = COLOUR_RGB ( '',0.9686274509803921573, 0.8784313725490195957, 0.5999999999999999778 ) ;
#2717 = VECTOR ( 'NONE', #9970, 1000.000000000000000 ) ;
#2718 = PLANE ( 'NONE',  #855 ) ;
#2719 = LINE ( 'NONE', #1948, #2837 ) ;
#2720 = DIRECTION ( 'NONE',  ( -0.0000000000000000000, 0.0000000000000000000, 1.000000000000000000 ) ) ;
#2721 = VECTOR ( 'NONE', #4889, 1000.000000000000000 ) ;
#2722 = FILL_AREA_STYLE ('',( #379 ) ) ;
#2723 = ORIENTED_EDGE ( 'NONE', *, *, #9814, .T. ) ;
#2724 =( GEOMETRIC_REPRESENTATION_CONTEXT ( 3 ) GLOBAL_UNCERTAINTY_ASSIGNED_CONTEXT ( ( #3913 ) ) GLOBAL_UNIT_ASSIGNED_CONTEXT ( ( #1407, #6103, #2904 ) ) REPRESENTATION_CONTEXT ( 'NONE', 'WORKASPACE' ) );
#2725 = VERTEX_POINT ( 'NONE', #240 ) ;
#2726 = SURFACE_STYLE_FILL_AREA ( #2208 ) ;
#2727 = LINE ( 'NONE', #434, #3492 ) ;
#2728 = FILL_AREA_STYLE_COLOUR ( '', #235 ) ;
#2729 = FILL_AREA_STYLE ('',( #9847 ) ) ;
#2730 = VECTOR ( 'NONE', #9679, 1000.000000000000000 ) ;
#2731 = PRESENTATION_LAYER_ASSIGNMENT (  '', '', ( #4082 ) ) ;
#2732 = COLOUR_RGB ( '',0.9686274509803921573, 0.8784313725490195957, 0.5999999999999999778 ) ;
#2733 = ORIENTED_EDGE ( 'NONE', *, *, #5567, .T. ) ;
#2734 = CARTESIAN_POINT ( 'NONE',  ( 2.859999999999996767, 8.800000000000000711, 1.589999999999997415 ) ) ;
#2735 = ORIENTED_EDGE ( 'NONE', *, *, #2636, .F. ) ;
#2736 = ORIENTED_EDGE ( 'NONE', *, *, #150, .F. ) ;
#2737 =( NAMED_UNIT ( * ) SI_UNIT ( $, .STERADIAN. ) SOLID_ANGLE_UNIT ( ) );
#2738 = AXIS2_PLACEMENT_3D ( 'NONE', #4102, #4929, #7963 ) ;
#2739 = CARTESIAN_POINT ( 'NONE',  ( 5.399999999999996803, 8.800000000000000711, 0.9499999999999972911 ) ) ;
#2740 = DIRECTION ( 'NONE',  ( -1.000000000000000000, 0.0000000000000000000, 1.734723475976802361E-14 ) ) ;
#2741 = DIRECTION ( 'NONE',  ( 0.8987940462991671486, 0.4383711467890772373, 0.0000000000000000000 ) ) ;
#2742 = CARTESIAN_POINT ( 'NONE',  ( 8.859999999999999432, 6.199999999999999289, -1.649999999999999911 ) ) ;
#2743 = PLANE ( 'NONE',  #5808 ) ;
#2744 = EDGE_CURVE ( 'NONE', #6772, #3443, #3432, .T. ) ;
#2745 = VECTOR ( 'NONE', #2283, 1000.000000000000000 ) ;
#2746 = MECHANICAL_DESIGN_GEOMETRIC_PRESENTATION_REPRESENTATION (  '', ( #3259 ), #9026 ) ;
#2747 = EDGE_LOOP ( 'NONE', ( #5871, #8095, #3468, #6606 ) ) ;
#2748 =( NAMED_UNIT ( * ) SI_UNIT ( $, .STERADIAN. ) SOLID_ANGLE_UNIT ( ) );
#2749 = CARTESIAN_POINT ( 'NONE',  ( -0.3200000000000017275, -2.600000000000000089, -1.590000000000002522 ) ) ;
#2750 = EDGE_LOOP ( 'NONE', ( #5692, #404, #2792, #8672 ) ) ;
#2752 = ORIENTED_EDGE ( 'NONE', *, *, #9384, .F. ) ;
#2751 = PRESENTATION_STYLE_ASSIGNMENT (( #4535 ) ) ;
#2753 =( NAMED_UNIT ( * ) SI_UNIT ( $, .STERADIAN. ) SOLID_ANGLE_UNIT ( ) );
#2754 = MECHANICAL_DESIGN_GEOMETRIC_PRESENTATION_REPRESENTATION (  '', ( #2925 ), #4268 ) ;
#2755 = EDGE_CURVE ( 'NONE', #10051, #3556, #9753, .T. ) ;
#2756 = UNCERTAINTY_MEASURE_WITH_UNIT (LENGTH_MEASURE( 1.000000000000000082E-05 ), #387, 'distance_accuracy_value', 'NONE');
#2757 =( GEOMETRIC_REPRESENTATION_CONTEXT ( 3 ) GLOBAL_UNCERTAINTY_ASSIGNED_CONTEXT ( ( #3584 ) ) GLOBAL_UNIT_ASSIGNED_CONTEXT ( ( #1554, #2333, #9470 ) ) REPRESENTATION_CONTEXT ( 'NONE', 'WORKASPACE' ) );
#2758 = PLANE ( 'NONE',  #7039 ) ;
#2759 = DIRECTION ( 'NONE',  ( 1.000000000000000000, 0.0000000000000000000, 1.694065894508600925E-16 ) ) ;
#2760 = CARTESIAN_POINT ( 'NONE',  ( 5.399999999999998579, 8.371098615898084461, -0.9500000000000022871 ) ) ;
#2761 = VECTOR ( 'NONE', #7689, 1000.000000000000227 ) ;
#2762 = EDGE_CURVE ( 'NONE', #4111, #6204, #9744, .T. ) ;
#2763 =( NAMED_UNIT ( * ) PLANE_ANGLE_UNIT ( ) SI_UNIT ( $, .RADIAN. ) );
#2764 = CIRCLE ( 'NONE', #99, 0.5000000000000008882 ) ;
#2765 = CARTESIAN_POINT ( 'NONE',  ( 4.759999999999998899, 1.299999999999999156, -1.590000000000002522 ) ) ;
#2766 = ADVANCED_FACE ( 'NONE', ( #5283 ), #4573, .T. ) ;
#2767 = EDGE_CURVE ( 'NONE', #8004, #10207, #6798, .T. ) ;
#2768 = ORIENTED_EDGE ( 'NONE', *, *, #3204, .T. ) ;
#2769 =( NAMED_UNIT ( * ) SI_UNIT ( $, .STERADIAN. ) SOLID_ANGLE_UNIT ( ) );
#2770 = COLOUR_RGB ( '',0.9686274509803921573, 0.8784313725490195957, 0.5999999999999999778 ) ;
#2771 = LINE ( 'NONE', #9230, #9617 ) ;
#2772 = CARTESIAN_POINT ( 'NONE',  ( 2.219999999999996643, 8.371098615898088013, 1.589999999999997193 ) ) ;
#2773 = PRESENTATION_LAYER_ASSIGNMENT (  '', '', ( #943 ) ) ;
#2774 = EDGE_CURVE ( 'NONE', #6909, #5147, #5184, .T. ) ;
#2775 = PRESENTATION_STYLE_ASSIGNMENT (( #5880 ) ) ;
#2776 = ORIENTED_EDGE ( 'NONE', *, *, #812, .F. ) ;
#2777 = ADVANCED_FACE ( 'NONE', ( #1405 ), #9250, .T. ) ;
#2778 = COLOUR_RGB ( '',0.3137254901960784270, 0.3137254901960784270, 0.3137254901960784270 ) ;
#2779 = CARTESIAN_POINT ( 'NONE',  ( 7.500000000000000000, -0.1000000000000000056, 2.699999999999999289 ) ) ;
#2780 = ORIENTED_EDGE ( 'NONE', *, *, #8972, .T. ) ;
#2781 = UNCERTAINTY_MEASURE_WITH_UNIT (LENGTH_MEASURE( 1.000000000000000082E-05 ), #9758, 'distance_accuracy_value', 'NONE');
#2782 = CARTESIAN_POINT ( 'NONE',  ( 4.759999999999998899, 8.800000000000000711, -1.590000000000002522 ) ) ;
#2783 = APPLICATION_PROTOCOL_DEFINITION ( 'draft international standard', 'automotive_design', 1998, #8934 ) ;
#2784 = DIRECTION ( 'NONE',  ( 0.4014883995042277109, 0.8231732078530419328, -0.4014883995042274334 ) ) ;
#2785 = VECTOR ( 'NONE', #7912, 999.9999999999998863 ) ;
#2786 = CARTESIAN_POINT ( 'NONE',  ( 5.080000000000000959, -3.000000000000000000, -1.394906964573656261 ) ) ;
#2787 = PLANE ( 'NONE',  #3854 ) ;
#2788 = MECHANICAL_DESIGN_GEOMETRIC_PRESENTATION_REPRESENTATION (  '', ( #9754 ), #6088 ) ;
#2789 = STYLED_ITEM ( 'NONE', ( #4855 ), #7030 ) ;
#2790 = PRESENTATION_STYLE_ASSIGNMENT (( #9896 ) ) ;
#2791 =( GEOMETRIC_REPRESENTATION_CONTEXT ( 3 ) GLOBAL_UNCERTAINTY_ASSIGNED_CONTEXT ( ( #4226 ) ) GLOBAL_UNIT_ASSIGNED_CONTEXT ( ( #6819, #3712, #2142 ) ) REPRESENTATION_CONTEXT ( 'NONE', 'WORKASPACE' ) );
#2792 = ORIENTED_EDGE ( 'NONE', *, *, #9665, .F. ) ;
#2793 = ORIENTED_EDGE ( 'NONE', *, *, #1548, .T. ) ;
#2794 = EDGE_LOOP ( 'NONE', ( #8756, #4724, #7191, #7579 ) ) ;
#2795 = PRESENTATION_STYLE_ASSIGNMENT (( #394 ) ) ;
#2796 = MECHANICAL_DESIGN_GEOMETRIC_PRESENTATION_REPRESENTATION (  '', ( #1645 ), #132 ) ;
#2797 = STYLED_ITEM ( 'NONE', ( #3897 ), #7264 ) ;
#2798 = LINE ( 'NONE', #5228, #3950 ) ;
#2799 = PLANE ( 'NONE',  #237 ) ;
#2800 =( LENGTH_UNIT ( ) NAMED_UNIT ( * ) SI_UNIT ( .MILLI., .METRE. ) );
#2801 = CARTESIAN_POINT ( 'NONE',  ( 4.759999999999997122, 0.0000000000000000000, 0.9499999999999971800 ) ) ;
#2802 = CARTESIAN_POINT ( 'NONE',  ( -2.860000000000001652, 1.299999999999999156, -1.590000000000002522 ) ) ;
#2803 = AXIS2_PLACEMENT_3D ( 'NONE', #8273, #3382, #8168 ) ;
#2804 =( NAMED_UNIT ( * ) PLANE_ANGLE_UNIT ( ) SI_UNIT ( $, .RADIAN. ) );
#2805 = VECTOR ( 'NONE', #6931, 1000.000000000000000 ) ;
#2806 = AXIS2_PLACEMENT_3D ( 'NONE', #2994, #1487, #10148 ) ;
#2807 = EDGE_LOOP ( 'NONE', ( #3113, #4753, #2658, #3809, #2520 ) ) ;
#2808 = DIRECTION ( 'NONE',  ( 1.000000000000000000, 0.0000000000000000000, 0.0000000000000000000 ) ) ;
#2809 = ADVANCED_FACE ( 'NONE', ( #4464 ), #607, .F. ) ;
#2810 = VECTOR ( 'NONE', #5323, 1000.000000000000000 ) ;
#2811 = ORIENTED_EDGE ( 'NONE', *, *, #9793, .T. ) ;
#2812 = EDGE_LOOP ( 'NONE', ( #4142, #1391, #5341, #5222 ) ) ;
#2813 = FILL_AREA_STYLE_COLOUR ( '', #6409 ) ;
#2814 = STYLED_ITEM ( 'NONE', ( #1456 ), #3589 ) ;
#2815 = CARTESIAN_POINT ( 'NONE',  ( -4.760000000000002451, -2.599999999999996536, -0.9500000000000022871 ) ) ;
#2816 = CARTESIAN_POINT ( 'NONE',  ( -0.1499999999999996336, 0.0000000000000000000, -4.450000000000000178 ) ) ;
#2817 =( LENGTH_UNIT ( ) NAMED_UNIT ( * ) SI_UNIT ( .MILLI., .METRE. ) );
#2818 = STYLED_ITEM ( 'NONE', ( #1892 ), #8312 ) ;
#2819 = CARTESIAN_POINT ( 'NONE',  ( -2.220000000000001972, 8.800000000000000711, -0.9500000000000022871 ) ) ;
#2820 = MECHANICAL_DESIGN_GEOMETRIC_PRESENTATION_REPRESENTATION (  '', ( #2654 ), #832 ) ;
#2821 = PLANE ( 'NONE',  #4964 ) ;
#2822 = ORIENTED_EDGE ( 'NONE', *, *, #2214, .F. ) ;
#2823 = DIRECTION ( 'NONE',  ( 0.4924820969728085363, -0.8703225747740117590, 0.0000000000000000000 ) ) ;
#2824 = MECHANICAL_DESIGN_GEOMETRIC_PRESENTATION_REPRESENTATION (  '', ( #6458 ), #6638 ) ;
#2825 = SURFACE_SIDE_STYLE ('',( #7642 ) ) ;
#2826 = EDGE_CURVE ( 'NONE', #2422, #9609, #1462, .T. ) ;
#2827 = FILL_AREA_STYLE ('',( #2154 ) ) ;
#2828 = ORIENTED_EDGE ( 'NONE', *, *, #361, .F. ) ;
#2829 = FACE_OUTER_BOUND ( 'NONE', #5145, .T. ) ;
#2830 =( GEOMETRIC_REPRESENTATION_CONTEXT ( 3 ) GLOBAL_UNCERTAINTY_ASSIGNED_CONTEXT ( ( #10125 ) ) GLOBAL_UNIT_ASSIGNED_CONTEXT ( ( #2430, #3267, #4681 ) ) REPRESENTATION_CONTEXT ( 'NONE', 'WORKASPACE' ) );
#2831 = ADVANCED_FACE ( 'NONE', ( #4677 ), #2376, .T. ) ;
#2832 = CARTESIAN_POINT ( 'NONE',  ( 0.0000000000000000000, 1.299999999999999156, 0.0000000000000000000 ) ) ;
#2833 =( GEOMETRIC_REPRESENTATION_CONTEXT ( 3 ) GLOBAL_UNCERTAINTY_ASSIGNED_CONTEXT ( ( #593 ) ) GLOBAL_UNIT_ASSIGNED_CONTEXT ( ( #6822, #575, #2875 ) ) REPRESENTATION_CONTEXT ( 'NONE', 'WORKASPACE' ) );
#2834 = DIRECTION ( 'NONE',  ( 1.000000000000000000, 0.0000000000000000000, 3.388131789017201849E-16 ) ) ;
#2835 = CARTESIAN_POINT ( 'NONE',  ( 2.859999999999997655, -2.599999999999996536, -1.590000000000002300 ) ) ;
#2836 = DIRECTION ( 'NONE',  ( -0.0000000000000000000, 0.0000000000000000000, 1.000000000000000000 ) ) ;
#2837 = VECTOR ( 'NONE', #3513, 1000.000000000000000 ) ;
#2838 = SURFACE_STYLE_FILL_AREA ( #2722 ) ;
#2839 = ORIENTED_EDGE ( 'NONE', *, *, #7142, .T. ) ;
#2840 = SURFACE_SIDE_STYLE ('',( #1899 ) ) ;
#2841 = SURFACE_SIDE_STYLE ('',( #9136 ) ) ;
#2842 =( LENGTH_UNIT ( ) NAMED_UNIT ( * ) SI_UNIT ( .MILLI., .METRE. ) );
#2843 = CARTESIAN_POINT ( 'NONE',  ( 7.500000000000000000, -0.1000000000000000056, 3.700000000000001066 ) ) ;
#2844 = DIRECTION ( 'NONE',  ( -1.000000000000000000, 0.0000000000000000000, -0.0000000000000000000 ) ) ;
#2845 = FILL_AREA_STYLE ('',( #9092 ) ) ;
#2846 = EDGE_CURVE ( 'NONE', #6218, #469, #3899, .T. ) ;
#2847 = VECTOR ( 'NONE', #1384, 1000.000000000000000 ) ;
#2848 = EDGE_CURVE ( 'NONE', #912, #6951, #7007, .T. ) ;
#2849 = AXIS2_PLACEMENT_3D ( 'NONE', #8837, #1714, #4885 ) ;
#2850 = SURFACE_SIDE_STYLE ('',( #4567 ) ) ;
#2851 = SURFACE_SIDE_STYLE ('',( #441 ) ) ;
#2852 = EDGE_LOOP ( 'NONE', ( #6980, #7117, #10081, #2542 ) ) ;
#2853 = VERTEX_POINT ( 'NONE', #765 ) ;
#2854 = EDGE_LOOP ( 'NONE', ( #6130, #860, #4034, #1077 ) ) ;
#2855 = MECHANICAL_DESIGN_GEOMETRIC_PRESENTATION_REPRESENTATION (  '', ( #6488 ), #9119 ) ;
#2856 =( NAMED_UNIT ( * ) SI_UNIT ( $, .STERADIAN. ) SOLID_ANGLE_UNIT ( ) );
#2857 = AXIS2_PLACEMENT_3D ( 'NONE', #6219, #9372, #3911 ) ;
#2858 = FILL_AREA_STYLE_COLOUR ( '', #4392 ) ;
#2859 = CARTESIAN_POINT ( 'NONE',  ( -8.860000000000002984, 6.199999999999999289, -1.649999999999999911 ) ) ;
#2860 = CARTESIAN_POINT ( 'NONE',  ( -2.250000000000000000, 1.299999999999999156, 4.549999999999999822 ) ) ;
#2861 = PRESENTATION_STYLE_ASSIGNMENT (( #9311 ) ) ;
#2862 = COLOUR_RGB ( '',0.9686274509803921573, 0.8784313725490195957, 0.5999999999999999778 ) ;
#2863 = ORIENTED_EDGE ( 'NONE', *, *, #1945, .F. ) ;
#2864 = LINE ( 'NONE', #7483, #5264 ) ;
#2865 = ORIENTED_EDGE ( 'NONE', *, *, #2139, .F. ) ;
#2867 = ORIENTED_EDGE ( 'NONE', *, *, #2159, .T. ) ;
#2866 = CARTESIAN_POINT ( 'NONE',  ( -2.250000000000000888, 9.000000000000000000, 3.200000000000000622 ) ) ;
#2868 = UNCERTAINTY_MEASURE_WITH_UNIT (LENGTH_MEASURE( 1.000000000000000082E-05 ), #8384, 'distance_accuracy_value', 'NONE');
#2869 = LINE ( 'NONE', #4587, #8817 ) ;
#2870 = STYLED_ITEM ( 'NONE', ( #8410 ), #10132 ) ;
#2871 = PLANE ( 'NONE',  #7394 ) ;
#2872 = APPLICATION_CONTEXT ( 'automotive_design' ) ;
#2873 =( LENGTH_UNIT ( ) NAMED_UNIT ( * ) SI_UNIT ( .MILLI., .METRE. ) );
#2874 = ORIENTED_EDGE ( 'NONE', *, *, #8683, .F. ) ;
#2875 =( NAMED_UNIT ( * ) SI_UNIT ( $, .STERADIAN. ) SOLID_ANGLE_UNIT ( ) );
#2876 = FACE_OUTER_BOUND ( 'NONE', #4770, .T. ) ;
#2877 = CARTESIAN_POINT ( 'NONE',  ( 8.860000000000001208, 8.400000000000002132, -3.199999999999999734 ) ) ;
#2878 = LINE ( 'NONE', #2096, #2603 ) ;
#2879 = PRESENTATION_STYLE_ASSIGNMENT (( #6826 ) ) ;
#2880 = CARTESIAN_POINT ( 'NONE',  ( -10.16000000000000192, 0.0000000000000000000, -4.549999999999999822 ) ) ;
#2881 = EDGE_CURVE ( 'NONE', #8220, #5342, #8726, .T. ) ;
#2882 = LINE ( 'NONE', #9075, #5510 ) ;
#2883 = FACE_OUTER_BOUND ( 'NONE', #4957, .T. ) ;
#2884 = CARTESIAN_POINT ( 'NONE',  ( -4.955093035426349601, -3.000000000000000000, 0.0000000000000000000 ) ) ;
#2885 = DIRECTION ( 'NONE',  ( -1.000000000000000000, 0.0000000000000000000, -3.388131789017201849E-16 ) ) ;
#2886 = SURFACE_STYLE_USAGE ( .BOTH. , #1486 ) ;
#2887 = DIRECTION ( 'NONE',  ( -1.000000000000000000, 0.0000000000000000000, -3.388131789017201849E-16 ) ) ;
#2888 = ORIENTED_EDGE ( 'NONE', *, *, #7044, .T. ) ;
#2889 = UNCERTAINTY_MEASURE_WITH_UNIT (LENGTH_MEASURE( 1.000000000000000082E-05 ), #1727, 'distance_accuracy_value', 'NONE');
#2890 = AXIS2_PLACEMENT_3D ( 'NONE', #2250, #1432, #2097 ) ;
#2891 = FACE_OUTER_BOUND ( 'NONE', #9486, .T. ) ;
#2892 =( LENGTH_UNIT ( ) NAMED_UNIT ( * ) SI_UNIT ( .MILLI., .METRE. ) );
#2893 = AXIS2_PLACEMENT_3D ( 'NONE', #9492, #4858, #883 ) ;
#2894 = PLANE ( 'NONE',  #330 ) ;
#2895 = DIRECTION ( 'NONE',  ( -0.0000000000000000000, -1.000000000000000000, -0.0000000000000000000 ) ) ;
#2896 = EDGE_CURVE ( 'NONE', #2725, #7158, #7106, .T. ) ;
#2897 = AXIS2_PLACEMENT_3D ( 'NONE', #242, #9643, #1769 ) ;
#2898 = SURFACE_STYLE_USAGE ( .BOTH. , #5377 ) ;
#2899 = ORIENTED_EDGE ( 'NONE', *, *, #8640, .T. ) ;
#2900 = ORIENTED_EDGE ( 'NONE', *, *, #6514, .T. ) ;
#2901 = ORIENTED_EDGE ( 'NONE', *, *, #796, .F. ) ;
#2902 = CARTESIAN_POINT ( 'NONE',  ( -8.860000000000002984, 0.0000000000000000000, 1.750000000000000888 ) ) ;
#2903 = EDGE_CURVE ( 'NONE', #1282, #380, #5120, .T. ) ;
#2904 =( NAMED_UNIT ( * ) SI_UNIT ( $, .STERADIAN. ) SOLID_ANGLE_UNIT ( ) );
#2905 = LINE ( 'NONE', #3586, #5473 ) ;
#2906 = COLOUR_RGB ( '',0.9686274509803921573, 0.8784313725490195957, 0.5999999999999999778 ) ;
#2907 = AXIS2_PLACEMENT_3D ( 'NONE', #6404, #2470, #4197 ) ;
#2908 = MECHANICAL_DESIGN_GEOMETRIC_PRESENTATION_REPRESENTATION (  '', ( #8496 ), #749 ) ;
#2909 = PLANE ( 'NONE',  #3297 ) ;
#2910 = ORIENTED_EDGE ( 'NONE', *, *, #9752, .F. ) ;
#2911 = LINE ( 'NONE', #4422, #8855 ) ;
#2912 = ORIENTED_EDGE ( 'NONE', *, *, #3868, .T. ) ;
#2913 = ORIENTED_EDGE ( 'NONE', *, *, #4444, .F. ) ;
#2914 = EDGE_CURVE ( 'NONE', #9885, #1061, #8673, .T. ) ;
#2915 = FILL_AREA_STYLE_COLOUR ( '', #4731 ) ;
#2916 =( NAMED_UNIT ( * ) SI_UNIT ( $, .STERADIAN. ) SOLID_ANGLE_UNIT ( ) );
#2917 = FACE_OUTER_BOUND ( 'NONE', #7701, .T. ) ;
#2918 = ORIENTED_EDGE ( 'NONE', *, *, #1046, .F. ) ;
#2919 = DIRECTION ( 'NONE',  ( -1.000000000000000000, 0.0000000000000000000, -3.388131789017201849E-16 ) ) ;
#2920 =( GEOMETRIC_REPRESENTATION_CONTEXT ( 3 ) GLOBAL_UNCERTAINTY_ASSIGNED_CONTEXT ( ( #2126 ) ) GLOBAL_UNIT_ASSIGNED_CONTEXT ( ( #4742, #3969, #2347 ) ) REPRESENTATION_CONTEXT ( 'NONE', 'WORKASPACE' ) );
#2921 = FACE_BOUND ( 'NONE', #524, .T. ) ;
#2922 = VECTOR ( 'NONE', #1243, 1000.000000000000000 ) ;
#2923 = VERTEX_POINT ( 'NONE', #1598 ) ;
#2924 = FILL_AREA_STYLE ('',( #10027 ) ) ;
#2925 = STYLED_ITEM ( 'NONE', ( #7454 ), #1871 ) ;
#2926 = DIRECTION ( 'NONE',  ( 0.0000000000000000000, 0.0000000000000000000, -1.000000000000000000 ) ) ;
#2927 = VECTOR ( 'NONE', #3262, 1000.000000000000000 ) ;
#2928 = LINE ( 'NONE', #1277, #8277 ) ;
#2929 = EDGE_CURVE ( 'NONE', #4253, #7248, #6205, .T. ) ;
#2930 = PRESENTATION_STYLE_ASSIGNMENT (( #648 ) ) ;
#2931 = CARTESIAN_POINT ( 'NONE',  ( -2.860000000000002540, -2.599999999999996536, 1.589999999999997193 ) ) ;
#2932 = VERTEX_POINT ( 'NONE', #3791 ) ;
#2933 = LINE ( 'NONE', #1901, #6715 ) ;
#2934 = PLANE ( 'NONE',  #8180 ) ;
#2935 = DIRECTION ( 'NONE',  ( 0.0000000000000000000, 0.0000000000000000000, -1.000000000000000000 ) ) ;
#2936 = DIRECTION ( 'NONE',  ( 0.9063077870366514910, 0.4226182617406962772, 0.0000000000000000000 ) ) ;
#2937 = CARTESIAN_POINT ( 'NONE',  ( -10.16000000000000192, 9.000000000000000000, -4.549999999999999822 ) ) ;
#2938 = FILL_AREA_STYLE ('',( #9951 ) ) ;
#2939 = STYLED_ITEM ( 'NONE', ( #1326 ), #6845 ) ;
#2940 = CARTESIAN_POINT ( 'NONE',  ( 4.759999999999998899, 8.800000000000000711, -1.590000000000002522 ) ) ;
#2941 = ORIENTED_EDGE ( 'NONE', *, *, #7836, .T. ) ;
#2942 = ORIENTED_EDGE ( 'NONE', *, *, #5926, .T. ) ;
#2943 = ORIENTED_EDGE ( 'NONE', *, *, #7990, .F. ) ;
#2944 =( LENGTH_UNIT ( ) NAMED_UNIT ( * ) SI_UNIT ( .MILLI., .METRE. ) );
#2945 = PLANE ( 'NONE',  #9683 ) ;
#2946 = PRESENTATION_STYLE_ASSIGNMENT (( #7515 ) ) ;
#2947 = CARTESIAN_POINT ( 'NONE',  ( -1.939863057355099191E-16, -3.000000000000000000, 1.145093035426344441 ) ) ;
#2948 = CARTESIAN_POINT ( 'NONE',  ( 5.204906964573650541, -3.000000000000000000, 1.145093035426343553 ) ) ;
#2949 = SURFACE_STYLE_FILL_AREA ( #8415 ) ;
#2950 = EDGE_CURVE ( 'NONE', #8403, #7432, #3848, .T. ) ;
#2951 = PRESENTATION_LAYER_ASSIGNMENT (  '', '', ( #4449 ) ) ;
#2952 = CARTESIAN_POINT ( 'NONE',  ( -2.440057816990711892, -3.461009071065141107, 1.170057816990706545 ) ) ;
#2953 = COLOUR_RGB ( '',0.9686274509803921573, 0.8784313725490195957, 0.5999999999999999778 ) ;
#2954 = EDGE_CURVE ( 'NONE', #7616, #5378, #9623, .T. ) ;
#2955 =( LENGTH_UNIT ( ) NAMED_UNIT ( * ) SI_UNIT ( .MILLI., .METRE. ) );
#2956 = ORIENTED_EDGE ( 'NONE', *, *, #681, .F. ) ;
#2957 = FILL_AREA_STYLE_COLOUR ( '', #762 ) ;
#2958 = AXIS2_PLACEMENT_3D ( 'NONE', #1873, #2079, #5237 ) ;
#2959 = ORIENTED_EDGE ( 'NONE', *, *, #9608, .F. ) ;
#2961 = VERTEX_POINT ( 'NONE', #9564 ) ;
#2960 = DIRECTION ( 'NONE',  ( -1.000000000000000000, 0.0000000000000000000, -3.388131789017201849E-16 ) ) ;
#2962 = FACE_OUTER_BOUND ( 'NONE', #4462, .T. ) ;
#2963 = UNCERTAINTY_MEASURE_WITH_UNIT (LENGTH_MEASURE( 1.000000000000000082E-05 ), #2800, 'distance_accuracy_value', 'NONE');
#2964 = CARTESIAN_POINT ( 'NONE',  ( 2.219999999999997531, -2.599999999999996536, -1.590000000000002522 ) ) ;
#2965 = DIRECTION ( 'NONE',  ( -1.000000000000000000, 0.0000000000000000000, -3.388131789017201849E-16 ) ) ;
#2966 = FILL_AREA_STYLE_COLOUR ( '', #3558 ) ;
#2967 = DIRECTION ( 'NONE',  ( -0.0000000000000000000, 0.0000000000000000000, 1.000000000000000000 ) ) ;
#2968 =( GEOMETRIC_REPRESENTATION_CONTEXT ( 3 ) GLOBAL_UNCERTAINTY_ASSIGNED_CONTEXT ( ( #9059 ) ) GLOBAL_UNIT_ASSIGNED_CONTEXT ( ( #2817, #9321, #2084 ) ) REPRESENTATION_CONTEXT ( 'NONE', 'WORKASPACE' ) );
#2969 = FILL_AREA_STYLE ('',( #8430 ) ) ;
#2970 = CARTESIAN_POINT ( 'NONE',  ( 4.955093035426343384, -3.000000000000000000, 0.0000000000000000000 ) ) ;
#2971 = AXIS2_PLACEMENT_3D ( 'NONE', #6869, #5113, #10167 ) ;
#2972 = VECTOR ( 'NONE', #7121, 1000.000000000000000 ) ;
#2973 = EDGE_CURVE ( 'NONE', #6812, #3139, #8820, .T. ) ;
#2974 = EDGE_CURVE ( 'NONE', #3871, #5853, #8108, .T. ) ;
#2975 = EDGE_LOOP ( 'NONE', ( #2768, #4375, #7877, #7469 ) ) ;
#2976 = AXIS2_PLACEMENT_3D ( 'NONE', #7824, #8521, #4013 ) ;
#2977 = SURFACE_SIDE_STYLE ('',( #8236 ) ) ;
#2978 = PRESENTATION_LAYER_ASSIGNMENT (  '', '', ( #3303 ) ) ;
#2979 = CARTESIAN_POINT ( 'NONE',  ( 0.1500000000000008271, 0.0000000000000000000, -4.549999999999999822 ) ) ;
#2980 = FACE_BOUND ( 'NONE', #1763, .T. ) ;
#2981 = VERTEX_POINT ( 'NONE', #2481 ) ;
#2982 = LINE ( 'NONE', #6135, #8196 ) ;
#2983 = VECTOR ( 'NONE', #8563, 1000.000000000000000 ) ;
#2984 = VECTOR ( 'NONE', #8487, 1000.000000000000000 ) ;
#2985 = CARTESIAN_POINT ( 'NONE',  ( 10.15999999999999837, 0.0000000000000000000, -4.450000000000000178 ) ) ;
#2986 = PRESENTATION_LAYER_ASSIGNMENT (  '', '', ( #1661 ) ) ;
#2987 =( GEOMETRIC_REPRESENTATION_CONTEXT ( 3 ) GLOBAL_UNCERTAINTY_ASSIGNED_CONTEXT ( ( #8967 ) ) GLOBAL_UNIT_ASSIGNED_CONTEXT ( ( #2892, #541, #5889 ) ) REPRESENTATION_CONTEXT ( 'NONE', 'WORKASPACE' ) );
#2988 = CARTESIAN_POINT ( 'NONE',  ( -4.770512128270667951, -2.621553056976517304, -0.9605121282706681196 ) ) ;
#2989 = LINE ( 'NONE', #6187, #699 ) ;
#2990 = DIRECTION ( 'NONE',  ( -1.906289534040447240E-16, -0.0000000000000000000, -1.000000000000000000 ) ) ;
#2991 =( NAMED_UNIT ( * ) SI_UNIT ( $, .STERADIAN. ) SOLID_ANGLE_UNIT ( ) );
#2992 = DIRECTION ( 'NONE',  ( 0.0000000000000000000, -1.000000000000000000, 0.0000000000000000000 ) ) ;
#2993 = STYLED_ITEM ( 'NONE', ( #876 ), #3881 ) ;
#2994 = CARTESIAN_POINT ( 'NONE',  ( -7.500000000000000000, 0.0000000000000000000, -3.200000000000000178 ) ) ;
#2995 = EDGE_LOOP ( 'NONE', ( #1798, #7837, #8938, #3860 ) ) ;
#2996 = AXIS2_PLACEMENT_3D ( 'NONE', #910, #9423, #7922 ) ;
#2997 = UNCERTAINTY_MEASURE_WITH_UNIT (LENGTH_MEASURE( 1.000000000000000082E-05 ), #3358, 'distance_accuracy_value', 'NONE');
#2998 = CARTESIAN_POINT ( 'NONE',  ( 2.249999999999998668, 8.400000000000002132, 3.200000000000000622 ) ) ;
#2999 = APPLICATION_PROTOCOL_DEFINITION ( 'draft international standard', 'automotive_design', 1998, #2872 ) ;
#3000 = CARTESIAN_POINT ( 'NONE',  ( 2.859999999999997655, 8.371098615898084461, -0.9500000000000022871 ) ) ;
#3001 = VECTOR ( 'NONE', #4055, 1000.000000000000000 ) ;
#3002 = SURFACE_STYLE_USAGE ( .BOTH. , #10101 ) ;
#3003 = PRESENTATION_STYLE_ASSIGNMENT (( #5220 ) ) ;
#3004 = FACE_OUTER_BOUND ( 'NONE', #9278, .T. ) ;
#3005 = ORIENTED_EDGE ( 'NONE', *, *, #9180, .T. ) ;
#3006 = ORIENTED_EDGE ( 'NONE', *, *, #7939, .T. ) ;
#3007 = ORIENTED_EDGE ( 'NONE', *, *, #7414, .T. ) ;
#3008 = PRESENTATION_STYLE_ASSIGNMENT (( #9465 ) ) ;
#3009 = LINE ( 'NONE', #3740, #7242 ) ;
#3010 = DIRECTION ( 'NONE',  ( -3.388131789017201849E-16, 0.0000000000000000000, 1.000000000000000000 ) ) ;
#3011 = CARTESIAN_POINT ( 'NONE',  ( 2.419999999999998597, 8.800000000000000711, -0.9500000000000025091 ) ) ;
#3012 = PLANE ( 'NONE',  #1818 ) ;
#3013 =( LENGTH_UNIT ( ) NAMED_UNIT ( * ) SI_UNIT ( .MILLI., .METRE. ) );
#3014 =( NAMED_UNIT ( * ) PLANE_ANGLE_UNIT ( ) SI_UNIT ( $, .RADIAN. ) );
#3015 = EDGE_CURVE ( 'NONE', #8467, #1339, #9677, .T. ) ;
#3016 = CARTESIAN_POINT ( 'NONE',  ( 2.859999999999996767, 8.800000000000000711, 0.9499999999999972911 ) ) ;
#3017 = AXIS2_PLACEMENT_3D ( 'NONE', #113, #5831, #7305 ) ;
#3018 = LINE ( 'NONE', #8051, #2590 ) ;
#3019 = VERTEX_POINT ( 'NONE', #69 ) ;
#3020 = ORIENTED_EDGE ( 'NONE', *, *, #413, .F. ) ;
#3021 = FACE_OUTER_BOUND ( 'NONE', #4646, .T. ) ;
#3022 = PLANE ( 'NONE',  #6368 ) ;
#3023 = LINE ( 'NONE', #727, #7853 ) ;
#3024 = SURFACE_STYLE_USAGE ( .BOTH. , #5245 ) ;
#3025 = CARTESIAN_POINT ( 'NONE',  ( 4.759999999999997122, 1.299999999999999156, 1.589999999999997193 ) ) ;
#3026 = COLOUR_RGB ( '',0.9686274509803921573, 0.8784313725490195957, 0.5999999999999999778 ) ;
#3027 = ORIENTED_EDGE ( 'NONE', *, *, #1046, .T. ) ;
#3028 = VERTEX_POINT ( 'NONE', #3416 ) ;
#3029 = EDGE_CURVE ( 'NONE', #8689, #6783, #5642, .T. ) ;
#3030 = DIRECTION ( 'NONE',  ( -1.000000000000000000, 0.0000000000000000000, -1.694065894508600925E-16 ) ) ;
#3031 = ORIENTED_EDGE ( 'NONE', *, *, #585, .T. ) ;
#3032 = VECTOR ( 'NONE', #10110, 1000.000000000000000 ) ;
#3033 = LINE ( 'NONE', #2249, #6015 ) ;
#3034 = ADVANCED_FACE ( 'NONE', ( #8056 ), #175, .F. ) ;
#3035 = EDGE_CURVE ( 'NONE', #4502, #9965, #8007, .T. ) ;
#3036 = CARTESIAN_POINT ( 'NONE',  ( -2.250000000000000444, 8.400000000000002132, 3.200000000000001066 ) ) ;
#3037 = SURFACE_SIDE_STYLE ('',( #9335 ) ) ;
#3038 = DIRECTION ( 'NONE',  ( 1.694065894508600925E-16, 0.0000000000000000000, -1.000000000000000000 ) ) ;
#3039 = FILL_AREA_STYLE ('',( #700 ) ) ;
#3040 = CARTESIAN_POINT ( 'NONE',  ( -2.220000000000001972, 8.800000000000000711, -1.150000000000003020 ) ) ;
#3041 =( LENGTH_UNIT ( ) NAMED_UNIT ( * ) SI_UNIT ( .MILLI., .METRE. ) );
#3042 = ORIENTED_EDGE ( 'NONE', *, *, #9990, .F. ) ;
#3043 = EDGE_CURVE ( 'NONE', #2932, #4650, #7360, .T. ) ;
#3044 = FILL_AREA_STYLE_COLOUR ( '', #9349 ) ;
#3045 = SURFACE_STYLE_FILL_AREA ( #4610 ) ;
#3046 = PLANE ( 'NONE',  #5955 ) ;
#3047 = CARTESIAN_POINT ( 'NONE',  ( 4.759999999999997122, 8.371098615898084461, 0.9499999999999971800 ) ) ;
#3048 = SURFACE_STYLE_USAGE ( .BOTH. , #7811 ) ;
#3049 = CARTESIAN_POINT ( 'NONE',  ( -0.3200000000000017275, 8.800000000000000711, -1.590000000000002522 ) ) ;
#3050 = ORIENTED_EDGE ( 'NONE', *, *, #4510, .T. ) ;
#3051 = ORIENTED_EDGE ( 'NONE', *, *, #2467, .T. ) ;
#3052 = PLANE ( 'NONE',  #3438 ) ;
#3053 = PLANE ( 'NONE',  #401 ) ;
#3054 =( NAMED_UNIT ( * ) SI_UNIT ( $, .STERADIAN. ) SOLID_ANGLE_UNIT ( ) );
#3055 =( LENGTH_UNIT ( ) NAMED_UNIT ( * ) SI_UNIT ( .MILLI., .METRE. ) );
#3056 = UNCERTAINTY_MEASURE_WITH_UNIT (LENGTH_MEASURE( 1.000000000000000082E-05 ), #1845, 'distance_accuracy_value', 'NONE');
#3057 = CARTESIAN_POINT ( 'NONE',  ( -8.860000000000002984, 1.299999999999999156, -1.649999999999999467 ) ) ;
#3058 = STYLED_ITEM ( 'NONE', ( #1040 ), #130 ) ;
#3059 = PRESENTATION_LAYER_ASSIGNMENT (  '', '', ( #389 ) ) ;
#3060 = DIRECTION ( 'NONE',  ( 0.0000000000000000000, -1.000000000000000000, 0.0000000000000000000 ) ) ;
#3061 = CARTESIAN_POINT ( 'NONE',  ( -5.400000000000002132, -2.599999999999996536, -1.590000000000002522 ) ) ;
#3062 = LINE ( 'NONE', #4097, #6565 ) ;
#3063 =( GEOMETRIC_REPRESENTATION_CONTEXT ( 3 ) GLOBAL_UNCERTAINTY_ASSIGNED_CONTEXT ( ( #7516 ) ) GLOBAL_UNIT_ASSIGNED_CONTEXT ( ( #517, #10222, #3071 ) ) REPRESENTATION_CONTEXT ( 'NONE', 'WORKASPACE' ) );
#3064 = FILL_AREA_STYLE ('',( #9370 ) ) ;
#3065 = ORIENTED_EDGE ( 'NONE', *, *, #9669, .T. ) ;
#3067 = EDGE_LOOP ( 'NONE', ( #6275, #6322, #3444, #2261 ) ) ;
#3066 = LINE ( 'NONE', #7069, #4188 ) ;
#3068 = DIRECTION ( 'NONE',  ( 1.535345111946354770E-16, 0.4226182617406971098, -0.9063077870366510469 ) ) ;
#3069 = UNCERTAINTY_MEASURE_WITH_UNIT (LENGTH_MEASURE( 1.000000000000000082E-05 ), #730, 'distance_accuracy_value', 'NONE');
#3070 = SURFACE_STYLE_USAGE ( .BOTH. , #4691 ) ;
#3071 =( NAMED_UNIT ( * ) SI_UNIT ( $, .STERADIAN. ) SOLID_ANGLE_UNIT ( ) );
#3072 = EDGE_CURVE ( 'NONE', #7213, #2323, #6575, .T. ) ;
#3073 = CARTESIAN_POINT ( 'NONE',  ( -0.3200000000000017275, 8.371098615898084461, -0.9500000000000025091 ) ) ;
#3074 = SURFACE_SIDE_STYLE ('',( #7025 ) ) ;
#3075 = SURFACE_STYLE_FILL_AREA ( #9437 ) ;
#3076 = SURFACE_SIDE_STYLE ('',( #4644 ) ) ;
#3077 = VECTOR ( 'NONE', #8359, 1000.000000000000000 ) ;
#3078 = AXIS2_PLACEMENT_3D ( 'NONE', #384, #8297, #9237 ) ;
#3079 = VERTEX_POINT ( 'NONE', #3314 ) ;
#3080 =( GEOMETRIC_REPRESENTATION_CONTEXT ( 3 ) GLOBAL_UNCERTAINTY_ASSIGNED_CONTEXT ( ( #4959 ) ) GLOBAL_UNIT_ASSIGNED_CONTEXT ( ( #4599, #4385, #9226 ) ) REPRESENTATION_CONTEXT ( 'NONE', 'WORKASPACE' ) );
#3081 = DIRECTION ( 'NONE',  ( 1.000000000000000000, 0.0000000000000000000, -1.906289534040446993E-16 ) ) ;
#3082 = DIRECTION ( 'NONE',  ( -1.000000000000000000, 0.0000000000000000000, -3.388131789017201849E-16 ) ) ;
#3083 = FACE_BOUND ( 'NONE', #2192, .T. ) ;
#3084 = SURFACE_STYLE_FILL_AREA ( #1624 ) ;
#3085 = ORIENTED_EDGE ( 'NONE', *, *, #10254, .F. ) ;
#3086 =( GEOMETRIC_REPRESENTATION_CONTEXT ( 3 ) GLOBAL_UNCERTAINTY_ASSIGNED_CONTEXT ( ( #981 ) ) GLOBAL_UNIT_ASSIGNED_CONTEXT ( ( #6230, #4649, #9326 ) ) REPRESENTATION_CONTEXT ( 'NONE', 'WORKASPACE' ) );
#3087 = DIRECTION ( 'NONE',  ( 0.0000000000000000000, 0.0000000000000000000, 1.000000000000000000 ) ) ;
#3088 = CARTESIAN_POINT ( 'NONE',  ( -2.220000000000001972, 0.0000000000000000000, 0.0000000000000000000 ) ) ;
#3089 = VECTOR ( 'NONE', #9062, 1000.000000000000000 ) ;
#3090 = CARTESIAN_POINT ( 'NONE',  ( 0.0000000000000000000, -0.1000000000000000056, -2.699999999999999289 ) ) ;
#3091 = ADVANCED_FACE ( 'NONE', ( #4254 ), #7406, .T. ) ;
#3092 = CARTESIAN_POINT ( 'NONE',  ( 2.219999999999996643, 8.371098615898088013, 1.589999999999997193 ) ) ;
#3093 = MECHANICAL_DESIGN_GEOMETRIC_PRESENTATION_REPRESENTATION (  '', ( #4256 ), #8185 ) ;
#3094 = AXIS2_PLACEMENT_3D ( 'NONE', #3130, #6281, #782 ) ;
#3095 = CARTESIAN_POINT ( 'NONE',  ( 2.219999999999996643, 0.0000000000000000000, 1.589999999999997193 ) ) ;
#3096 = ADVANCED_FACE ( 'NONE', ( #4504 ), #582, .F. ) ;
#3097 = LINE ( 'NONE', #8550, #8698 ) ;
#3098 = ORIENTED_EDGE ( 'NONE', *, *, #4674, .F. ) ;
#3099 = UNCERTAINTY_MEASURE_WITH_UNIT (LENGTH_MEASURE( 1.000000000000000082E-05 ), #2955, 'distance_accuracy_value', 'NONE');
#3100 = COLOUR_RGB ( '',0.9686274509803921573, 0.8784313725490195957, 0.5999999999999999778 ) ;
#3101 = STYLED_ITEM ( 'NONE', ( #5083 ), #1188 ) ;
#3102 = LINE ( 'NONE', #6350, #8687 ) ;
#3103 = LINE ( 'NONE', #6253, #9597 ) ;
#3104 = COLOUR_RGB ( '',0.9686274509803921573, 0.8784313725490195957, 0.5999999999999999778 ) ;
#3105 = LINE ( 'NONE', #9405, #2358 ) ;
#3106 = DIRECTION ( 'NONE',  ( -0.8987940462991671486, 0.4383711467890772373, -0.0000000000000000000 ) ) ;
#3107 = EDGE_CURVE ( 'NONE', #8567, #712, #3878, .T. ) ;
#3108 = CARTESIAN_POINT ( 'NONE',  ( 2.219999999999997531, 8.371098615898084461, -0.9500000000000025091 ) ) ;
#3109 =( GEOMETRIC_REPRESENTATION_CONTEXT ( 3 ) GLOBAL_UNCERTAINTY_ASSIGNED_CONTEXT ( ( #9363 ) ) GLOBAL_UNIT_ASSIGNED_CONTEXT ( ( #9875, #8865, #1047 ) ) REPRESENTATION_CONTEXT ( 'NONE', 'WORKASPACE' ) );
#3110 = EDGE_CURVE ( 'NONE', #5662, #248, #6240, .T. ) ;
#3111 = ORIENTED_EDGE ( 'NONE', *, *, #8683, .T. ) ;
#3112 = AXIS2_PLACEMENT_3D ( 'NONE', #1938, #1043, #4341 ) ;
#3113 = ORIENTED_EDGE ( 'NONE', *, *, #4682, .T. ) ;
#3114 = FILL_AREA_STYLE_COLOUR ( '', #630 ) ;
#3115 =( NAMED_UNIT ( * ) PLANE_ANGLE_UNIT ( ) SI_UNIT ( $, .RADIAN. ) );
#3116 =( NAMED_UNIT ( * ) SI_UNIT ( $, .STERADIAN. ) SOLID_ANGLE_UNIT ( ) );
#3117 =( NAMED_UNIT ( * ) PLANE_ANGLE_UNIT ( ) SI_UNIT ( $, .RADIAN. ) );
#3118 =( NAMED_UNIT ( * ) PLANE_ANGLE_UNIT ( ) SI_UNIT ( $, .RADIAN. ) );
#3119 = DIRECTION ( 'NONE',  ( 1.000000000000000000, -0.0000000000000000000, 0.0000000000000000000 ) ) ;
#3120 = DIRECTION ( 'NONE',  ( 1.126443815569355400E-16, -1.000000000000000000, 0.0000000000000000000 ) ) ;
#3121 = COLOUR_RGB ( '',0.3137254901960784270, 0.3137254901960784270, 0.3137254901960784270 ) ;
#3122 =( GEOMETRIC_REPRESENTATION_CONTEXT ( 3 ) GLOBAL_UNCERTAINTY_ASSIGNED_CONTEXT ( ( #2553 ) ) GLOBAL_UNIT_ASSIGNED_CONTEXT ( ( #6153, #4831, #2276 ) ) REPRESENTATION_CONTEXT ( 'NONE', 'WORKASPACE' ) );
#3123 = ORIENTED_EDGE ( 'NONE', *, *, #4309, .F. ) ;
#3124 = ORIENTED_EDGE ( 'NONE', *, *, #929, .F. ) ;
#3126 = EDGE_LOOP ( 'NONE', ( #7419, #9851, #6018, #6134 ) ) ;
#3125 = CARTESIAN_POINT ( 'NONE',  ( -10.16000000000000192, 6.199999999999999289, -1.649999999999999689 ) ) ;
#3127 = CARTESIAN_POINT ( 'NONE',  ( -2.220000000000001972, 1.299999999999999156, -0.9500000000000022871 ) ) ;
#3128 = VECTOR ( 'NONE', #3030, 1000.000000000000000 ) ;
#3129 = FILL_AREA_STYLE ('',( #5347 ) ) ;
#3130 = CARTESIAN_POINT ( 'NONE',  ( 2.219999999999997531, 8.371098615898084461, -0.9500000000000025091 ) ) ;
#3131 =( LENGTH_UNIT ( ) NAMED_UNIT ( * ) SI_UNIT ( .MILLI., .METRE. ) );
#3132 = STYLED_ITEM ( 'NONE', ( #1338 ), #7329 ) ;
#3133 = ORIENTED_EDGE ( 'NONE', *, *, #9146, .T. ) ;
#3134 = EDGE_CURVE ( 'NONE', #1965, #1812, #8254, .T. ) ;
#3135 = CARTESIAN_POINT ( 'NONE',  ( -2.420000000000003482, 8.800000000000000711, 1.389999999999996794 ) ) ;
#3136 = ORIENTED_EDGE ( 'NONE', *, *, #5048, .T. ) ;
#3137 = FILL_AREA_STYLE ('',( #5515 ) ) ;
#3138 = SURFACE_STYLE_FILL_AREA ( #4705 ) ;
#3139 = VERTEX_POINT ( 'NONE', #2985 ) ;
#3140 = COLOUR_RGB ( '',0.9686274509803921573, 0.8784313725490195957, 0.5999999999999999778 ) ;
#3141 = CARTESIAN_POINT ( 'NONE',  ( -0.1499999999999990785, 0.0000000000000000000, -4.549999999999999822 ) ) ;
#3142 = SURFACE_STYLE_USAGE ( .BOTH. , #4036 ) ;
#3143 = VECTOR ( 'NONE', #5024, 1000.000000000000000 ) ;
#3144 =( LENGTH_UNIT ( ) NAMED_UNIT ( * ) SI_UNIT ( .MILLI., .METRE. ) );
#3145 =( GEOMETRIC_REPRESENTATION_CONTEXT ( 3 ) GLOBAL_UNCERTAINTY_ASSIGNED_CONTEXT ( ( #6608 ) ) GLOBAL_UNIT_ASSIGNED_CONTEXT ( ( #4026, #4741, #4693 ) ) REPRESENTATION_CONTEXT ( 'NONE', 'WORKASPACE' ) );
#3146 = ADVANCED_FACE ( 'NONE', ( #3519 ), #9840, .T. ) ;
#3147 = SURFACE_STYLE_USAGE ( .BOTH. , #3245 ) ;
#3148 = FACE_OUTER_BOUND ( 'NONE', #9430, .T. ) ;
#3149 = VECTOR ( 'NONE', #761, 1000.000000000000000 ) ;
#3150 =( NAMED_UNIT ( * ) SI_UNIT ( $, .STERADIAN. ) SOLID_ANGLE_UNIT ( ) );
#3151 = PLANE ( 'NONE',  #1203 ) ;
#3152 = VECTOR ( 'NONE', #9091, 1000.000000000000000 ) ;
#3153 = ORIENTED_EDGE ( 'NONE', *, *, #9859, .F. ) ;
#3154 = CARTESIAN_POINT ( 'NONE',  ( 10.16000000000000014, 0.0000000000000000000, 0.9499999999999980682 ) ) ;
#3155 = CARTESIAN_POINT ( 'NONE',  ( 4.759999999999997122, 8.800000000000000711, 0.9499999999999971800 ) ) ;
#3156 = VECTOR ( 'NONE', #5875, 1000.000000000000000 ) ;
#3157 = FILL_AREA_STYLE_COLOUR ( '', #3479 ) ;
#3158 = ORIENTED_EDGE ( 'NONE', *, *, #7990, .T. ) ;
#3159 = EDGE_CURVE ( 'NONE', #275, #2437, #9596, .T. ) ;
#3160 = ORIENTED_EDGE ( 'NONE', *, *, #2343, .T. ) ;
#3161 = DIRECTION ( 'NONE',  ( 0.0000000000000000000, 0.0000000000000000000, -1.000000000000000000 ) ) ;
#3162 = LINE ( 'NONE', #6315, #3570 ) ;
#3163 = FILL_AREA_STYLE_COLOUR ( '', #8325 ) ;
#3164 = UNCERTAINTY_MEASURE_WITH_UNIT (LENGTH_MEASURE( 1.000000000000000082E-05 ), #6389, 'distance_accuracy_value', 'NONE');
#3165 = EDGE_CURVE ( 'NONE', #10119, #4060, #102, .T. ) ;
#3166 = MECHANICAL_DESIGN_GEOMETRIC_PRESENTATION_REPRESENTATION (  '', ( #8269 ), #4170 ) ;
#3167 = CARTESIAN_POINT ( 'NONE',  ( 2.219999999999997531, 8.800000000000000711, -0.9500000000000025091 ) ) ;
#3168 = EDGE_CURVE ( 'NONE', #712, #1220, #6444, .T. ) ;
#3169 = MECHANICAL_DESIGN_GEOMETRIC_PRESENTATION_REPRESENTATION (  '', ( #3676 ), #7324 ) ;
#3170 = SURFACE_SIDE_STYLE ('',( #4106 ) ) ;
#3171 = ORIENTED_EDGE ( 'NONE', *, *, #2270, .T. ) ;
#3172 = VERTEX_POINT ( 'NONE', #1679 ) ;
#3174 = EDGE_LOOP ( 'NONE', ( #3389, #4371, #1942, #5706 ) ) ;
#3173 = DIRECTION ( 'NONE',  ( 1.000000000000000000, -0.0000000000000000000, -1.126443815569355647E-16 ) ) ;
#3175 = FILL_AREA_STYLE_COLOUR ( '', #3279 ) ;
#3176 = MECHANICAL_DESIGN_GEOMETRIC_PRESENTATION_REPRESENTATION (  '', ( #8776 ), #5657 ) ;
#3177 = SURFACE_STYLE_FILL_AREA ( #10273 ) ;
#3178 = PRESENTATION_STYLE_ASSIGNMENT (( #1522 ) ) ;
#3179 = EDGE_CURVE ( 'NONE', #9539, #6347, #7843, .T. ) ;
#3180 = PLANE ( 'NONE',  #7247 ) ;
#3181 = STYLED_ITEM ( 'NONE', ( #9979 ), #9684 ) ;
#3182 = MECHANICAL_DESIGN_GEOMETRIC_PRESENTATION_REPRESENTATION (  '', ( #3857 ), #1539 ) ;
#3183 = ORIENTED_EDGE ( 'NONE', *, *, #5625, .T. ) ;
#3184 = SURFACE_STYLE_FILL_AREA ( #9325 ) ;
#3185 = VERTEX_POINT ( 'NONE', #6343 ) ;
#3186 = DIRECTION ( 'NONE',  ( 0.0000000000000000000, 0.0000000000000000000, -1.000000000000000000 ) ) ;
#3187 = FILL_AREA_STYLE_COLOUR ( '', #3292 ) ;
#3188 =( NAMED_UNIT ( * ) PLANE_ANGLE_UNIT ( ) SI_UNIT ( $, .RADIAN. ) );
#3189 = ORIENTED_EDGE ( 'NONE', *, *, #4242, .T. ) ;
#3190 = PRESENTATION_STYLE_ASSIGNMENT (( #7136 ) ) ;
#3191 = DIRECTION ( 'NONE',  ( 1.000000000000000000, -0.0000000000000000000, 3.388131789017201849E-16 ) ) ;
#3192 = LINE ( 'NONE', #3936, #7061 ) ;
#3193 = DIRECTION ( 'NONE',  ( -1.000000000000000000, 0.0000000000000000000, -3.388131789017201849E-16 ) ) ;
#3194 = COLOUR_RGB ( '',0.9686274509803921573, 0.8784313725490195957, 0.5999999999999999778 ) ;
#3195 =( GEOMETRIC_REPRESENTATION_CONTEXT ( 3 ) GLOBAL_UNCERTAINTY_ASSIGNED_CONTEXT ( ( #5242 ) ) GLOBAL_UNIT_ASSIGNED_CONTEXT ( ( #5922, #1995, #211 ) ) REPRESENTATION_CONTEXT ( 'NONE', 'WORKASPACE' ) );
#3196 = SURFACE_STYLE_FILL_AREA ( #8388 ) ;
#3197 =( GEOMETRIC_REPRESENTATION_CONTEXT ( 3 ) GLOBAL_UNCERTAINTY_ASSIGNED_CONTEXT ( ( #3202 ) ) GLOBAL_UNIT_ASSIGNED_CONTEXT ( ( #7621, #5385, #3054 ) ) REPRESENTATION_CONTEXT ( 'NONE', 'WORKASPACE' ) );
#3198 = SURFACE_SIDE_STYLE ('',( #6189 ) ) ;
#3199 = CARTESIAN_POINT ( 'NONE',  ( 0.3199999999999973976, 8.371098615898084461, 1.589999999999997415 ) ) ;
#3200 = ORIENTED_EDGE ( 'NONE', *, *, #4624, .T. ) ;
#3201 = ORIENTED_EDGE ( 'NONE', *, *, #4936, .T. ) ;
#3202 = UNCERTAINTY_MEASURE_WITH_UNIT (LENGTH_MEASURE( 1.000000000000000082E-05 ), #7621, 'distance_accuracy_value', 'NONE');
#3203 = DIRECTION ( 'NONE',  ( -1.000000000000000000, 0.0000000000000000000, -0.0000000000000000000 ) ) ;
#3204 = EDGE_CURVE ( 'NONE', #2694, #683, #8759, .T. ) ;
#3205 = SURFACE_STYLE_USAGE ( .BOTH. , #707 ) ;
#3206 = PRESENTATION_LAYER_ASSIGNMENT (  '', '', ( #3883 ) ) ;
#3207 =( NAMED_UNIT ( * ) SI_UNIT ( $, .STERADIAN. ) SOLID_ANGLE_UNIT ( ) );
#3208 = LINE ( 'NONE', #8720, #9452 ) ;
#3209 = ORIENTED_EDGE ( 'NONE', *, *, #6512, .T. ) ;
#3210 = ORIENTED_EDGE ( 'NONE', *, *, #7074, .T. ) ;
#3211 =( LENGTH_UNIT ( ) NAMED_UNIT ( * ) SI_UNIT ( .MILLI., .METRE. ) );
#3212 = FACE_OUTER_BOUND ( 'NONE', #3299, .T. ) ;
#3213 = DIRECTION ( 'NONE',  ( 1.000000000000000000, 0.0000000000000000000, 0.0000000000000000000 ) ) ;
#3214 = CARTESIAN_POINT ( 'NONE',  ( -5.400000000000002132, 8.800000000000000711, -0.9500000000000025091 ) ) ;
#3215 = EDGE_CURVE ( 'NONE', #6203, #6177, #9656, .T. ) ;
#3216 = PRESENTATION_STYLE_ASSIGNMENT (( #6320 ) ) ;
#3217 = LINE ( 'NONE', #2336, #8389 ) ;
#3218 = EDGE_CURVE ( 'NONE', #1778, #2380, #5672, .T. ) ;
#3219 = MANIFOLD_SOLID_BREP ( 'Cut-Extrude7', #6345 ) ;
#3220 = ADVANCED_FACE ( 'NONE', ( #3240 ), #7282, .F. ) ;
#3221 = ORIENTED_EDGE ( 'NONE', *, *, #9129, .T. ) ;
#3223 = EDGE_LOOP ( 'NONE', ( #1711, #1431, #7547, #8542 ) ) ;
#3222 =( NAMED_UNIT ( * ) SI_UNIT ( $, .STERADIAN. ) SOLID_ANGLE_UNIT ( ) );
#3224 = STYLED_ITEM ( 'NONE', ( #5862 ), #193 ) ;
#3225 = SURFACE_STYLE_USAGE ( .BOTH. , #9482 ) ;
#3226 = DIRECTION ( 'NONE',  ( 1.000000000000000000, 0.0000000000000000000, 3.388131789017201849E-16 ) ) ;
#3227 = FILL_AREA_STYLE_COLOUR ( '', #6226 ) ;
#3228 = MECHANICAL_DESIGN_GEOMETRIC_PRESENTATION_REPRESENTATION (  '', ( #2051 ), #3080 ) ;
#3229 = EDGE_LOOP ( 'NONE', ( #7772, #29, #6016, #5359 ) ) ;
#3230 = FILL_AREA_STYLE ('',( #2547 ) ) ;
#3231 = EDGE_LOOP ( 'NONE', ( #173, #7889, #5745, #8015 ) ) ;
#3232 = EDGE_CURVE ( 'NONE', #6628, #8538, #4230, .T. ) ;
#3233 = LINE ( 'NONE', #6287, #6556 ) ;
#3234 = AXIS2_PLACEMENT_3D ( 'NONE', #9435, #7023, #8742 ) ;
#3235 = CARTESIAN_POINT ( 'NONE',  ( -2.415093035426349122, -3.000000000000000000, 1.394906964573651154 ) ) ;
#3236 = EDGE_LOOP ( 'NONE', ( #2036, #5768, #2577, #4407 ) ) ;
#3237 = DIRECTION ( 'NONE',  ( -1.000000000000000000, 0.0000000000000000000, -3.388131789017201849E-16 ) ) ;
#3238 = DIRECTION ( 'NONE',  ( 0.0000000000000000000, 0.0000000000000000000, 1.000000000000000000 ) ) ;
#3239 = SURFACE_STYLE_USAGE ( .BOTH. , #7892 ) ;
#3240 = FACE_OUTER_BOUND ( 'NONE', #8909, .T. ) ;
#3241 = SURFACE_STYLE_FILL_AREA ( #650 ) ;
#3242 = PRESENTATION_LAYER_ASSIGNMENT (  '', '', ( #580 ) ) ;
#3243 = PRESENTATION_LAYER_ASSIGNMENT (  '', '', ( #573 ) ) ;
#3244 = PRESENTATION_STYLE_ASSIGNMENT (( #207 ) ) ;
#3245 = SURFACE_SIDE_STYLE ('',( #3196 ) ) ;
#3246 = CARTESIAN_POINT ( 'NONE',  ( -5.400000000000003020, -2.599999999999996536, 1.589999999999997193 ) ) ;
#3247 = MECHANICAL_DESIGN_GEOMETRIC_PRESENTATION_REPRESENTATION (  '', ( #5554 ), #4245 ) ;
#3248 = MECHANICAL_DESIGN_GEOMETRIC_PRESENTATION_REPRESENTATION (  '', ( #2077 ), #1079 ) ;
#3249 = ORIENTED_EDGE ( 'NONE', *, *, #7, .F. ) ;
#3250 = DIRECTION ( 'NONE',  ( 0.0000000000000000000, -1.000000000000000000, 0.0000000000000000000 ) ) ;
#3251 = DIRECTION ( 'NONE',  ( 0.0000000000000000000, -1.000000000000000000, 0.0000000000000000000 ) ) ;
#3252 = VECTOR ( 'NONE', #7482, 1000.000000000000000 ) ;
#3253 = VECTOR ( 'NONE', #170, 1000.000000000000227 ) ;
#3254 = DIRECTION ( 'NONE',  ( 0.0000000000000000000, 0.0000000000000000000, -1.000000000000000000 ) ) ;
#3255 = ADVANCED_FACE ( 'NONE', ( #9866 ), #5152, .T. ) ;
#3256 = FACE_OUTER_BOUND ( 'NONE', #8352, .T. ) ;
#3257 = STYLED_ITEM ( 'NONE', ( #942 ), #2041 ) ;
#3258 = ORIENTED_EDGE ( 'NONE', *, *, #2559, .F. ) ;
#3259 = STYLED_ITEM ( 'NONE', ( #7517 ), #953 ) ;
#3260 = VERTEX_POINT ( 'NONE', #254 ) ;
#3261 =( LENGTH_UNIT ( ) NAMED_UNIT ( * ) SI_UNIT ( .MILLI., .METRE. ) );
#3262 = DIRECTION ( 'NONE',  ( -0.0000000000000000000, 1.000000000000000000, -1.049227908856939906E-16 ) ) ;
#3263 =( NAMED_UNIT ( * ) SI_UNIT ( $, .STERADIAN. ) SOLID_ANGLE_UNIT ( ) );
#3264 =( NAMED_UNIT ( * ) SI_UNIT ( $, .STERADIAN. ) SOLID_ANGLE_UNIT ( ) );
#3265 = SURFACE_SIDE_STYLE ('',( #7110 ) ) ;
#3266 = PRESENTATION_STYLE_ASSIGNMENT (( #1706 ) ) ;
#3267 =( NAMED_UNIT ( * ) PLANE_ANGLE_UNIT ( ) SI_UNIT ( $, .RADIAN. ) );
#3268 = FILL_AREA_STYLE_COLOUR ( '', #4992 ) ;
#3269 = ORIENTED_EDGE ( 'NONE', *, *, #3988, .T. ) ;
#3270 = ORIENTED_EDGE ( 'NONE', *, *, #6913, .T. ) ;
#3272 = ORIENTED_EDGE ( 'NONE', *, *, #9020, .F. ) ;
#3271 =( NAMED_UNIT ( * ) PLANE_ANGLE_UNIT ( ) SI_UNIT ( $, .RADIAN. ) );
#3273 = STYLED_ITEM ( 'NONE', ( #8368 ), #2391 ) ;
#3274 = EDGE_CURVE ( 'NONE', #1465, #879, #1973, .T. ) ;
#3275 = CARTESIAN_POINT ( 'NONE',  ( -5.400000000000003020, 8.371098615898084461, 1.589999999999997193 ) ) ;
#3276 = DIRECTION ( 'NONE',  ( 1.000000000000000000, 0.0000000000000000000, 0.0000000000000000000 ) ) ;
#3277 = MECHANICAL_DESIGN_GEOMETRIC_PRESENTATION_REPRESENTATION (  '', ( #8053 ), #7090 ) ;
#3278 = EDGE_CURVE ( 'NONE', #9455, #775, #313, .T. ) ;
#3279 = COLOUR_RGB ( '',0.9686274509803921573, 0.8784313725490195957, 0.5999999999999999778 ) ;
#3280 = ORIENTED_EDGE ( 'NONE', *, *, #4015, .F. ) ;
#3281 =( NAMED_UNIT ( * ) PLANE_ANGLE_UNIT ( ) SI_UNIT ( $, .RADIAN. ) );
#3282 = EDGE_LOOP ( 'NONE', ( #1720, #6468, #2627, #3467 ) ) ;
#3283 = COLOUR_RGB ( '',0.9686274509803921573, 0.8784313725490195957, 0.5999999999999999778 ) ;
#3284 = DIRECTION ( 'NONE',  ( -3.388131789017201849E-16, 0.0000000000000000000, 1.000000000000000000 ) ) ;
#3285 = SURFACE_SIDE_STYLE ('',( #7941 ) ) ;
#3286 = ORIENTED_EDGE ( 'NONE', *, *, #2115, .F. ) ;
#3287 = FACE_OUTER_BOUND ( 'NONE', #4734, .T. ) ;
#3288 = DIRECTION ( 'NONE',  ( -0.0000000000000000000, 0.0000000000000000000, 1.000000000000000000 ) ) ;
#3289 = DIRECTION ( 'NONE',  ( 0.0000000000000000000, 0.0000000000000000000, 1.000000000000000000 ) ) ;
#3290 = PRESENTATION_LAYER_ASSIGNMENT (  '', '', ( #5271 ) ) ;
#3291 = PRESENTATION_LAYER_ASSIGNMENT (  '', '', ( #7755 ) ) ;
#3292 = COLOUR_RGB ( '',0.9686274509803921573, 0.8784313725490195957, 0.5999999999999999778 ) ;
#3293 = PRESENTATION_STYLE_ASSIGNMENT (( #1045 ) ) ;
#3294 =( LENGTH_UNIT ( ) NAMED_UNIT ( * ) SI_UNIT ( .MILLI., .METRE. ) );
#3295 = MECHANICAL_DESIGN_GEOMETRIC_PRESENTATION_REPRESENTATION (  '', ( #9229 ), #2968 ) ;
#3296 = CARTESIAN_POINT ( 'NONE',  ( 5.399999999999996803, 0.0000000000000000000, 0.0000000000000000000 ) ) ;
#3297 = AXIS2_PLACEMENT_3D ( 'NONE', #4136, #5730, #2517 ) ;
#3298 =( GEOMETRIC_REPRESENTATION_CONTEXT ( 3 ) GLOBAL_UNCERTAINTY_ASSIGNED_CONTEXT ( ( #1121 ) ) GLOBAL_UNIT_ASSIGNED_CONTEXT ( ( #8252, #9736, #9794 ) ) REPRESENTATION_CONTEXT ( 'NONE', 'WORKASPACE' ) );
#3299 = EDGE_LOOP ( 'NONE', ( #9265, #2242, #933, #6413 ) ) ;
#3300 = SURFACE_STYLE_FILL_AREA ( #2521 ) ;
#3301 = UNCERTAINTY_MEASURE_WITH_UNIT (LENGTH_MEASURE( 1.000000000000000082E-05 ), #5481, 'distance_accuracy_value', 'NONE');
#3302 = DIRECTION ( 'NONE',  ( -0.0000000000000000000, -1.000000000000000000, -0.0000000000000000000 ) ) ;
#3303 = STYLED_ITEM ( 'NONE', ( #9529 ), #3351 ) ;
#3304 = CARTESIAN_POINT ( 'NONE',  ( -5.400000000000003020, 0.0000000000000000000, 0.0000000000000000000 ) ) ;
#3305 = LINE ( 'NONE', #270, #2519 ) ;
#3306 = AXIS2_PLACEMENT_3D ( 'NONE', #5086, #9688, #4314 ) ;
#3307 = AXIS2_PLACEMENT_3D ( 'NONE', #5450, #7878, #6973 ) ;
#3308 = FACE_OUTER_BOUND ( 'NONE', #1558, .T. ) ;
#3309 = VECTOR ( 'NONE', #2228, 1000.000000000000227 ) ;
#3310 = DIRECTION ( 'NONE',  ( 1.535345111946354770E-16, 0.4226182617406971098, -0.9063077870366510469 ) ) ;
#3311 = ORIENTED_EDGE ( 'NONE', *, *, #2774, .T. ) ;
#3312 = DIRECTION ( 'NONE',  ( 0.0000000000000000000, -1.000000000000000000, 0.0000000000000000000 ) ) ;
#3313 = ORIENTED_EDGE ( 'NONE', *, *, #4434, .F. ) ;
#3314 = CARTESIAN_POINT ( 'NONE',  ( -4.760000000000003340, 8.371098615898084461, 1.589999999999997415 ) ) ;
#3315 = AXIS2_PLACEMENT_3D ( 'NONE', #8000, #813, #9560 ) ;
#3316 = UNCERTAINTY_MEASURE_WITH_UNIT (LENGTH_MEASURE( 1.000000000000000082E-05 ), #8942, 'distance_accuracy_value', 'NONE');
#3317 = VECTOR ( 'NONE', #926, 1000.000000000000000 ) ;
#3318 = PRESENTATION_STYLE_ASSIGNMENT (( #8058 ) ) ;
#3319 = SURFACE_SIDE_STYLE ('',( #5747 ) ) ;
#3320 = SURFACE_STYLE_USAGE ( .BOTH. , #959 ) ;
#3321 = DIRECTION ( 'NONE',  ( 0.0000000000000000000, 0.0000000000000000000, 1.000000000000000000 ) ) ;
#3322 =( NAMED_UNIT ( * ) SI_UNIT ( $, .STERADIAN. ) SOLID_ANGLE_UNIT ( ) );
#3323 = VECTOR ( 'NONE', #10187, 1000.000000000000114 ) ;
#3324 = VECTOR ( 'NONE', #3213, 1000.000000000000000 ) ;
#3325 =( GEOMETRIC_REPRESENTATION_CONTEXT ( 3 ) GLOBAL_UNCERTAINTY_ASSIGNED_CONTEXT ( ( #7760 ) ) GLOBAL_UNIT_ASSIGNED_CONTEXT ( ( #10033, #7500, #2991 ) ) REPRESENTATION_CONTEXT ( 'NONE', 'WORKASPACE' ) );
#3326 = CARTESIAN_POINT ( 'NONE',  ( 4.759999999999997122, 8.371098615898084461, 0.9499999999999971800 ) ) ;
#3327 = ORIENTED_EDGE ( 'NONE', *, *, #3922, .T. ) ;
#3328 = EDGE_LOOP ( 'NONE', ( #6808, #10066, #9221, #1678 ) ) ;
#3329 = LINE ( 'NONE', #8839, #8375 ) ;
#3330 = FACE_OUTER_BOUND ( 'NONE', #6759, .T. ) ;
#3331 = SURFACE_STYLE_USAGE ( .BOTH. , #7374 ) ;
#3332 = FILL_AREA_STYLE ('',( #9759 ) ) ;
#3333 = ADVANCED_FACE ( 'NONE', ( #6662 ), #3603, .T. ) ;
#3334 = CARTESIAN_POINT ( 'NONE',  ( 5.387129544537353115E-16, 1.299999999999999156, -1.590000000000000746 ) ) ;
#3335 = STYLED_ITEM ( 'NONE', ( #7856 ), #8888 ) ;
#3336 = VERTEX_POINT ( 'NONE', #8482 ) ;
#3337 = ORIENTED_EDGE ( 'NONE', *, *, #4883, .T. ) ;
#3338 = EDGE_LOOP ( 'NONE', ( #23, #1146, #3374, #5654 ) ) ;
#3339 =( NAMED_UNIT ( * ) SI_UNIT ( $, .STERADIAN. ) SOLID_ANGLE_UNIT ( ) );
#3340 =( LENGTH_UNIT ( ) NAMED_UNIT ( * ) SI_UNIT ( .MILLI., .METRE. ) );
#3341 = SURFACE_STYLE_FILL_AREA ( #8229 ) ;
#3342 = FILL_AREA_STYLE_COLOUR ( '', #3140 ) ;
#3343 = DIRECTION ( 'NONE',  ( -0.0000000000000000000, 1.000000000000000000, -0.0000000000000000000 ) ) ;
#3344 = VECTOR ( 'NONE', #8548, 1000.000000000000000 ) ;
#3345 = EDGE_CURVE ( 'NONE', #9261, #1225, #1314, .T. ) ;
#3346 = FILL_AREA_STYLE_COLOUR ( '', #155 ) ;
#3347 = DIRECTION ( 'NONE',  ( 0.0000000000000000000, 0.0000000000000000000, 1.000000000000000000 ) ) ;
#3348 = ADVANCED_FACE ( 'NONE', ( #9118 ), #6866, .T. ) ;
#3349 = COLOUR_RGB ( '',0.9686274509803921573, 0.8784313725490195957, 0.5999999999999999778 ) ;
#3350 = CARTESIAN_POINT ( 'NONE',  ( 4.759999999999998899, 8.800000000000000711, -1.590000000000002522 ) ) ;
#3351 = ADVANCED_FACE ( 'NONE', ( #2196 ), #5451, .T. ) ;
#3352 = PRESENTATION_LAYER_ASSIGNMENT (  '', '', ( #9633 ) ) ;
#3353 = ORIENTED_EDGE ( 'NONE', *, *, #3388, .F. ) ;
#3354 = FACE_OUTER_BOUND ( 'NONE', #80, .T. ) ;
#3355 = CARTESIAN_POINT ( 'NONE',  ( -5.400000000000003020, 1.299999999999999156, 0.0000000000000000000 ) ) ;
#3356 = DIRECTION ( 'NONE',  ( 0.0000000000000000000, 0.0000000000000000000, -1.000000000000000000 ) ) ;
#3357 =( NAMED_UNIT ( * ) PLANE_ANGLE_UNIT ( ) SI_UNIT ( $, .RADIAN. ) );
#3358 =( LENGTH_UNIT ( ) NAMED_UNIT ( * ) SI_UNIT ( .MILLI., .METRE. ) );
#3359 = MECHANICAL_DESIGN_GEOMETRIC_PRESENTATION_REPRESENTATION (  '', ( #6669 ), #8790 ) ;
#3360 = DIRECTION ( 'NONE',  ( 0.0000000000000000000, -1.000000000000000000, 0.0000000000000000000 ) ) ;
#3361 = CARTESIAN_POINT ( 'NONE',  ( 4.759999999999998899, 8.800000000000000711, -0.9500000000000025091 ) ) ;
#3362 = EDGE_LOOP ( 'NONE', ( #4737, #8067, #6477, #7550 ) ) ;
#3363 = ORIENTED_EDGE ( 'NONE', *, *, #7211, .F. ) ;
#3364 = CARTESIAN_POINT ( 'NONE',  ( 4.955093035426343384, -3.000000000000000000, 0.0000000000000000000 ) ) ;
#3365 = SURFACE_STYLE_FILL_AREA ( #9678 ) ;
#3366 =( NAMED_UNIT ( * ) PLANE_ANGLE_UNIT ( ) SI_UNIT ( $, .RADIAN. ) );
#3367 = FILL_AREA_STYLE_COLOUR ( '', #1748 ) ;
#3368 = FILL_AREA_STYLE_COLOUR ( '', #5518 ) ;
#3369 = PRESENTATION_STYLE_ASSIGNMENT (( #8061 ) ) ;
#3370 = LINE ( 'NONE', #7881, #8206 ) ;
#3371 = DIRECTION ( 'NONE',  ( -0.0000000000000000000, 0.0000000000000000000, 1.000000000000000000 ) ) ;
#3372 =( NAMED_UNIT ( * ) PLANE_ANGLE_UNIT ( ) SI_UNIT ( $, .RADIAN. ) );
#3373 =( NAMED_UNIT ( * ) SI_UNIT ( $, .STERADIAN. ) SOLID_ANGLE_UNIT ( ) );
#3374 = ORIENTED_EDGE ( 'NONE', *, *, #8001, .T. ) ;
#3375 = EDGE_LOOP ( 'NONE', ( #8294, #9995, #5394, #5930 ) ) ;
#3377 = ORIENTED_EDGE ( 'NONE', *, *, #9510, .F. ) ;
#3376 = CARTESIAN_POINT ( 'NONE',  ( -2.860000000000001652, 8.800000000000000711, -0.9500000000000025091 ) ) ;
#3378 = LINE ( 'NONE', #4264, #4781 ) ;
#3379 = PLANE ( 'NONE',  #2593 ) ;
#3380 = CARTESIAN_POINT ( 'NONE',  ( 0.0000000000000000000, 0.0000000000000000000, 4.449999999999998401 ) ) ;
#3381 = LINE ( 'NONE', #1138, #9509 ) ;
#3382 = DIRECTION ( 'NONE',  ( -3.388131789017201849E-16, 0.0000000000000000000, 1.000000000000000000 ) ) ;
#3383 = UNCERTAINTY_MEASURE_WITH_UNIT (LENGTH_MEASURE( 1.000000000000000082E-05 ), #9385, 'distance_accuracy_value', 'NONE');
#3384 = CARTESIAN_POINT ( 'NONE',  ( 0.3199999999999973976, -2.600000000000000089, 1.589999999999997415 ) ) ;
#3385 = CARTESIAN_POINT ( 'NONE',  ( 0.9236329538372692882, -1.362369035843582266, 2.193632953837270083 ) ) ;
#3386 = VERTEX_POINT ( 'NONE', #9580 ) ;
#3387 = LINE ( 'NONE', #2605, #250 ) ;
#3388 = EDGE_CURVE ( 'NONE', #4391, #637, #6429, .T. ) ;
#3389 = ORIENTED_EDGE ( 'NONE', *, *, #7245, .T. ) ;
#3390 = ORIENTED_EDGE ( 'NONE', *, *, #624, .F. ) ;
#3391 = UNCERTAINTY_MEASURE_WITH_UNIT (LENGTH_MEASURE( 1.000000000000000082E-05 ), #1638, 'distance_accuracy_value', 'NONE');
#3392 = MECHANICAL_DESIGN_GEOMETRIC_PRESENTATION_REPRESENTATION (  '', ( #7391 ), #5729 ) ;
#3393 = SURFACE_STYLE_USAGE ( .BOTH. , #1041 ) ;
#3394 = PRESENTATION_STYLE_ASSIGNMENT (( #205 ) ) ;
#3395 = AXIS2_PLACEMENT_3D ( 'NONE', #9116, #3710, #6865 ) ;
#3396 = SURFACE_STYLE_FILL_AREA ( #163 ) ;
#3397 = FILL_AREA_STYLE ('',( #9831 ) ) ;
#3398 = PRESENTATION_STYLE_ASSIGNMENT (( #6398 ) ) ;
#3399 = MECHANICAL_DESIGN_GEOMETRIC_PRESENTATION_REPRESENTATION (  '', ( #743 ), #232 ) ;
#3400 = ORIENTED_EDGE ( 'NONE', *, *, #4826, .F. ) ;
#3401 = CARTESIAN_POINT ( 'NONE',  ( 3.463632953837271877, -1.362369035843579379, 2.193632953837271415 ) ) ;
#3402 = UNCERTAINTY_MEASURE_WITH_UNIT (LENGTH_MEASURE( 1.000000000000000082E-05 ), #1793, 'distance_accuracy_value', 'NONE');
#3403 = ADVANCED_FACE ( 'NONE', ( #8591 ), #7832, .T. ) ;
#3404 = DIRECTION ( 'NONE',  ( 0.0000000000000000000, 0.0000000000000000000, -1.000000000000000000 ) ) ;
#3405 = CARTESIAN_POINT ( 'NONE',  ( 0.0000000000000000000, 0.0000000000000000000, 3.200000000000000178 ) ) ;
#3406 = LINE ( 'NONE', #6567, #7164 ) ;
#3407 = STYLED_ITEM ( 'NONE', ( #4881 ), #1192 ) ;
#3408 = ADVANCED_FACE ( 'NONE', ( #4848 ), #920, .T. ) ;
#3409 = MECHANICAL_DESIGN_GEOMETRIC_PRESENTATION_REPRESENTATION (  '', ( #6207 ), #1074 ) ;
#3410 = FILL_AREA_STYLE_COLOUR ( '', #2334 ) ;
#3411 =( GEOMETRIC_REPRESENTATION_CONTEXT ( 3 ) GLOBAL_UNCERTAINTY_ASSIGNED_CONTEXT ( ( #5171 ) ) GLOBAL_UNIT_ASSIGNED_CONTEXT ( ( #2842, #5081, #9988 ) ) REPRESENTATION_CONTEXT ( 'NONE', 'WORKASPACE' ) );
#3412 = VECTOR ( 'NONE', #9716, 1000.000000000000000 ) ;
#3413 = DIRECTION ( 'NONE',  ( -0.4014883995042277109, -0.8231732078530417107, -0.4014883995042280440 ) ) ;
#3414 = VERTEX_POINT ( 'NONE', #4115 ) ;
#3415 = EDGE_LOOP ( 'NONE', ( #3516, #8041, #7070, #3994 ) ) ;
#3416 = CARTESIAN_POINT ( 'NONE',  ( 7.850000000000001421, 9.000000000000000000, -4.549999999999999822 ) ) ;
#3417 = UNCERTAINTY_MEASURE_WITH_UNIT (LENGTH_MEASURE( 1.000000000000000082E-05 ), #8827, 'distance_accuracy_value', 'NONE');
#3418 = VECTOR ( 'NONE', #3082, 1000.000000000000000 ) ;
#3419 = AXIS2_PLACEMENT_3D ( 'NONE', #8771, #3302, #6457 ) ;
#3420 =( NAMED_UNIT ( * ) SI_UNIT ( $, .STERADIAN. ) SOLID_ANGLE_UNIT ( ) );
#3421 = LINE ( 'NONE', #8011, #1488 ) ;
#3422 = VECTOR ( 'NONE', #84, 1000.000000000000000 ) ;
#3423 = EDGE_CURVE ( 'NONE', #9609, #2422, #8243, .T. ) ;
#3424 = ADVANCED_FACE ( 'NONE', ( #1972 ), #5902, .F. ) ;
#3425 = LINE ( 'NONE', #9745, #4497 ) ;
#3426 = SURFACE_STYLE_USAGE ( .BOTH. , #2689 ) ;
#3427 = AXIS2_PLACEMENT_3D ( 'NONE', #3703, #2808, #2134 ) ;
#3428 =( GEOMETRIC_REPRESENTATION_CONTEXT ( 3 ) GLOBAL_UNCERTAINTY_ASSIGNED_CONTEXT ( ( #6160 ) ) GLOBAL_UNIT_ASSIGNED_CONTEXT ( ( #5387, #5289, #6856 ) ) REPRESENTATION_CONTEXT ( 'NONE', 'WORKASPACE' ) );
#3429 = ORIENTED_EDGE ( 'NONE', *, *, #9937, .T. ) ;
#3430 = ORIENTED_EDGE ( 'NONE', *, *, #7400, .T. ) ;
#3431 = EDGE_LOOP ( 'NONE', ( #4630, #8188, #1776, #5408 ) ) ;
#3432 = LINE ( 'NONE', #5847, #3620 ) ;
#3433 = LINE ( 'NONE', #8355, #6734 ) ;
#3434 = FILL_AREA_STYLE ('',( #833 ) ) ;
#3435 = FILL_AREA_STYLE_COLOUR ( '', #4641 ) ;
#3436 = PRESENTATION_LAYER_ASSIGNMENT (  '', '', ( #5087 ) ) ;
#3437 = FILL_AREA_STYLE_COLOUR ( '', #5400 ) ;
#3438 = AXIS2_PLACEMENT_3D ( 'NONE', #7203, #177, #9625 ) ;
#3439 =( NAMED_UNIT ( * ) SI_UNIT ( $, .STERADIAN. ) SOLID_ANGLE_UNIT ( ) );
#3440 = VECTOR ( 'NONE', #7297, 1000.000000000000000 ) ;
#3441 = ORIENTED_EDGE ( 'NONE', *, *, #9829, .F. ) ;
#3442 = DIRECTION ( 'NONE',  ( -3.388131789017201849E-16, 0.0000000000000000000, 1.000000000000000000 ) ) ;
#3443 = VERTEX_POINT ( 'NONE', #3538 ) ;
#3444 = ORIENTED_EDGE ( 'NONE', *, *, #8194, .F. ) ;
#3445 = FACE_OUTER_BOUND ( 'NONE', #6283, .T. ) ;
#3446 = VECTOR ( 'NONE', #8063, 1000.000000000000000 ) ;
#3447 = DIRECTION ( 'NONE',  ( 7.965160606147398216E-17, -0.7071067811865474617, -0.7071067811865474617 ) ) ;
#3448 = CARTESIAN_POINT ( 'NONE',  ( 8.860000000000001208, 8.400000000000002132, 3.200000000000000622 ) ) ;
#3449 = DIRECTION ( 'NONE',  ( -3.070690223892709539E-16, 0.4226182617406972208, 0.9063077870366510469 ) ) ;
#3450 = PRESENTATION_STYLE_ASSIGNMENT (( #1986 ) ) ;
#3451 = PRESENTATION_LAYER_ASSIGNMENT (  '', '', ( #9039 ) ) ;
#3452 = ADVANCED_FACE ( 'NONE', ( #351 ), #6648, .T. ) ;
#3453 = DIRECTION ( 'NONE',  ( -0.3892816206350231401, -0.8348171294789894503, 0.3892816206350231956 ) ) ;
#3454 =( GEOMETRIC_REPRESENTATION_CONTEXT ( 3 ) GLOBAL_UNCERTAINTY_ASSIGNED_CONTEXT ( ( #4255 ) ) GLOBAL_UNIT_ASSIGNED_CONTEXT ( ( #2062, #6946, #1291 ) ) REPRESENTATION_CONTEXT ( 'NONE', 'WORKASPACE' ) );
#3455 = SURFACE_STYLE_USAGE ( .BOTH. , #6612 ) ;
#3456 = COLOUR_RGB ( '',0.3137254901960784270, 0.3137254901960784270, 0.3137254901960784270 ) ;
#3457 = FILL_AREA_STYLE ('',( #8189 ) ) ;
#3458 = VECTOR ( 'NONE', #4704, 1000.000000000000000 ) ;
#3459 = DIRECTION ( 'NONE',  ( -0.0000000000000000000, -1.000000000000000000, -0.0000000000000000000 ) ) ;
#3460 = DIRECTION ( 'NONE',  ( 1.000000000000000000, -0.0000000000000000000, 3.388131789017201849E-16 ) ) ;
#3461 = EDGE_CURVE ( 'NONE', #4275, #2116, #6159, .T. ) ;
#3462 = LINE ( 'NONE', #6623, #6317 ) ;
#3463 = COLOUR_RGB ( '',0.9686274509803921573, 0.8784313725490195957, 0.5999999999999999778 ) ;
#3464 = CARTESIAN_POINT ( 'NONE',  ( -4.760000000000003340, 8.800000000000000711, 1.389999999999996794 ) ) ;
#3465 = COLOUR_RGB ( '',0.3137254901960784270, 0.3137254901960784270, 0.3137254901960784270 ) ;
#3466 = SURFACE_STYLE_FILL_AREA ( #6722 ) ;
#3467 = ORIENTED_EDGE ( 'NONE', *, *, #3168, .F. ) ;
#3468 = ORIENTED_EDGE ( 'NONE', *, *, #5478, .F. ) ;
#3469 = SURFACE_SIDE_STYLE ('',( #276 ) ) ;
#3470 = AXIS2_PLACEMENT_3D ( 'NONE', #7387, #3449, #7531 ) ;
#3471 =( NAMED_UNIT ( * ) PLANE_ANGLE_UNIT ( ) SI_UNIT ( $, .RADIAN. ) );
#3472 = LINE ( 'NONE', #2486, #9518 ) ;
#3473 = DIRECTION ( 'NONE',  ( -0.0000000000000000000, 1.000000000000000000, -0.0000000000000000000 ) ) ;
#3474 =( GEOMETRIC_REPRESENTATION_CONTEXT ( 3 ) GLOBAL_UNCERTAINTY_ASSIGNED_CONTEXT ( ( #10036 ) ) GLOBAL_UNIT_ASSIGNED_CONTEXT ( ( #9897, #9746, #342 ) ) REPRESENTATION_CONTEXT ( 'NONE', 'WORKASPACE' ) );
#3475 = CARTESIAN_POINT ( 'NONE',  ( -5.400000000000003020, 8.800000000000000711, 0.9499999999999971800 ) ) ;
#3476 =( GEOMETRIC_REPRESENTATION_CONTEXT ( 3 ) GLOBAL_UNCERTAINTY_ASSIGNED_CONTEXT ( ( #1228 ) ) GLOBAL_UNIT_ASSIGNED_CONTEXT ( ( #8613, #1690, #5575 ) ) REPRESENTATION_CONTEXT ( 'NONE', 'WORKASPACE' ) );
#3477 = VECTOR ( 'NONE', #504, 1000.000000000000114 ) ;
#3478 = EDGE_CURVE ( 'NONE', #1310, #7666, #8471, .T. ) ;
#3479 = COLOUR_RGB ( '',0.9686274509803921573, 0.8784313725490195957, 0.5999999999999999778 ) ;
#3480 = VERTEX_POINT ( 'NONE', #4412 ) ;
#3481 = STYLED_ITEM ( 'NONE', ( #7740 ), #7664 ) ;
#3482 = SURFACE_STYLE_USAGE ( .BOTH. , #3577 ) ;
#3483 = ORIENTED_EDGE ( 'NONE', *, *, #1457, .T. ) ;
#3484 = VERTEX_POINT ( 'NONE', #6746 ) ;
#3485 = ADVANCED_FACE ( 'NONE', ( #1246 ), #3643, .T. ) ;
#3486 = EDGE_CURVE ( 'NONE', #830, #5995, #7674, .T. ) ;
#3487 = DIRECTION ( 'NONE',  ( 0.0000000000000000000, 0.0000000000000000000, -1.000000000000000000 ) ) ;
#3488 = CARTESIAN_POINT ( 'NONE',  ( -2.860000000000002540, 0.0000000000000000000, 0.0000000000000000000 ) ) ;
#3489 =( NAMED_UNIT ( * ) SI_UNIT ( $, .STERADIAN. ) SOLID_ANGLE_UNIT ( ) );
#3490 = MECHANICAL_DESIGN_GEOMETRIC_PRESENTATION_REPRESENTATION (  '', ( #480 ), #4478 ) ;
#3491 = UNCERTAINTY_MEASURE_WITH_UNIT (LENGTH_MEASURE( 1.000000000000000082E-05 ), #1626, 'distance_accuracy_value', 'NONE');
#3492 = VECTOR ( 'NONE', #3783, 1000.000000000000000 ) ;
#3493 =( NAMED_UNIT ( * ) PLANE_ANGLE_UNIT ( ) SI_UNIT ( $, .RADIAN. ) );
#3494 = STYLED_ITEM ( 'NONE', ( #748 ), #8508 ) ;
#3495 = STYLED_ITEM ( 'NONE', ( #6242 ), #4621 ) ;
#3496 = DIRECTION ( 'NONE',  ( -1.000000000000000000, 0.0000000000000000000, -3.388131789017201849E-16 ) ) ;
#3497 = ORIENTED_EDGE ( 'NONE', *, *, #3072, .F. ) ;
#3498 = ORIENTED_EDGE ( 'NONE', *, *, #5131, .F. ) ;
#3499 = VERTEX_POINT ( 'NONE', #399 ) ;
#3500 = SURFACE_SIDE_STYLE ('',( #5818 ) ) ;
#3501 = UNCERTAINTY_MEASURE_WITH_UNIT (LENGTH_MEASURE( 1.000000000000000082E-05 ), #6998, 'distance_accuracy_value', 'NONE');
#3502 = CARTESIAN_POINT ( 'NONE',  ( -2.220000000000002860, 0.0000000000000000000, 0.9499999999999972911 ) ) ;
#3503 = DIRECTION ( 'NONE',  ( -0.0000000000000000000, 1.000000000000000000, -0.0000000000000000000 ) ) ;
#3504 = DIRECTION ( 'NONE',  ( 0.0000000000000000000, 0.0000000000000000000, 1.000000000000000000 ) ) ;
#3505 = PRESENTATION_STYLE_ASSIGNMENT (( #8182 ) ) ;
#3506 =( GEOMETRIC_REPRESENTATION_CONTEXT ( 3 ) GLOBAL_UNCERTAINTY_ASSIGNED_CONTEXT ( ( #4538 ) ) GLOBAL_UNIT_ASSIGNED_CONTEXT ( ( #10113, #3014, #4579 ) ) REPRESENTATION_CONTEXT ( 'NONE', 'WORKASPACE' ) );
#3507 = CARTESIAN_POINT ( 'NONE',  ( -0.3200000000000017275, 8.800000000000000711, -0.9500000000000025091 ) ) ;
#3508 = CARTESIAN_POINT ( 'NONE',  ( 8.859999999999999432, 6.199999999999999289, -1.649999999999999911 ) ) ;
#3509 = DIRECTION ( 'NONE',  ( -1.000000000000000000, 0.0000000000000000000, -0.0000000000000000000 ) ) ;
#3510 = VECTOR ( 'NONE', #9076, 1000.000000000000114 ) ;
#3511 = DIRECTION ( 'NONE',  ( 0.0000000000000000000, -1.000000000000000000, 0.0000000000000000000 ) ) ;
#3512 = PLANE ( 'NONE',  #3017 ) ;
#3513 = DIRECTION ( 'NONE',  ( 0.0000000000000000000, 0.0000000000000000000, 1.000000000000000000 ) ) ;
#3514 = VECTOR ( 'NONE', #1546, 1000.000000000000000 ) ;
#3515 =( NAMED_UNIT ( * ) PLANE_ANGLE_UNIT ( ) SI_UNIT ( $, .RADIAN. ) );
#3516 = ORIENTED_EDGE ( 'NONE', *, *, #453, .T. ) ;
#3517 = EDGE_CURVE ( 'NONE', #9248, #9484, #4469, .T. ) ;
#3518 = ORIENTED_EDGE ( 'NONE', *, *, #1044, .T. ) ;
#3519 = FACE_OUTER_BOUND ( 'NONE', #9035, .T. ) ;
#3520 = UNCERTAINTY_MEASURE_WITH_UNIT (LENGTH_MEASURE( 1.000000000000000082E-05 ), #9718, 'distance_accuracy_value', 'NONE');
#3521 = FACE_OUTER_BOUND ( 'NONE', #944, .T. ) ;
#3522 = FILL_AREA_STYLE ('',( #6030 ) ) ;
#3523 = SURFACE_SIDE_STYLE ('',( #9137 ) ) ;
#3524 = PLANE ( 'NONE',  #6344 ) ;
#3525 =( NAMED_UNIT ( * ) SI_UNIT ( $, .STERADIAN. ) SOLID_ANGLE_UNIT ( ) );
#3526 = VECTOR ( 'NONE', #8710, 1000.000000000000000 ) ;
#3527 = CARTESIAN_POINT ( 'NONE',  ( -5.400000000000002132, 8.371098615898084461, -1.590000000000002522 ) ) ;
#3528 = PRESENTATION_LAYER_ASSIGNMENT (  '', '', ( #5500 ) ) ;
#3529 =( LENGTH_UNIT ( ) NAMED_UNIT ( * ) SI_UNIT ( .MILLI., .METRE. ) );
#3530 = COLOUR_RGB ( '',0.9686274509803921573, 0.8784313725490195957, 0.5999999999999999778 ) ;
#3531 = VERTEX_POINT ( 'NONE', #7622 ) ;
#3532 = VERTEX_POINT ( 'NONE', #611 ) ;
#3533 = ORIENTED_EDGE ( 'NONE', *, *, #9600, .T. ) ;
#3534 = DIRECTION ( 'NONE',  ( 0.0000000000000000000, 0.0000000000000000000, 1.000000000000000000 ) ) ;
#3535 = DIRECTION ( 'NONE',  ( -1.000000000000000000, 0.0000000000000000000, -3.388131789017201849E-16 ) ) ;
#3536 = DIRECTION ( 'NONE',  ( 0.0000000000000000000, 0.0000000000000000000, 1.000000000000000000 ) ) ;
#3537 = DIRECTION ( 'NONE',  ( 1.000000000000000000, 0.0000000000000000000, 0.0000000000000000000 ) ) ;
#3538 = CARTESIAN_POINT ( 'NONE',  ( -0.3200000000000017275, -2.600000000000000089, -0.9500000000000025091 ) ) ;
#3539 = DIRECTION ( 'NONE',  ( 0.0000000000000000000, 0.0000000000000000000, 1.000000000000000000 ) ) ;
#3540 = EDGE_CURVE ( 'NONE', #4408, #6995, #5998, .T. ) ;
#3541 =( GEOMETRIC_REPRESENTATION_CONTEXT ( 3 ) GLOBAL_UNCERTAINTY_ASSIGNED_CONTEXT ( ( #6507 ) ) GLOBAL_UNIT_ASSIGNED_CONTEXT ( ( #9844, #7364, #9892 ) ) REPRESENTATION_CONTEXT ( 'NONE', 'WORKASPACE' ) );
#3542 = PRESENTATION_STYLE_ASSIGNMENT (( #7991 ) ) ;
#3543 = EDGE_CURVE ( 'NONE', #8699, #8983, #5336, .T. ) ;
#3544 = CARTESIAN_POINT ( 'NONE',  ( -4.726128629393484681E-16, -3.000000000000000000, 1.394906964573652708 ) ) ;
#3545 = ORIENTED_EDGE ( 'NONE', *, *, #5914, .T. ) ;
#3546 = SURFACE_SIDE_STYLE ('',( #9154 ) ) ;
#3547 = VERTEX_POINT ( 'NONE', #3743 ) ;
#3549 = ORIENTED_EDGE ( 'NONE', *, *, #3274, .F. ) ;
#3548 = DIRECTION ( 'NONE',  ( -0.0000000000000000000, 1.000000000000000000, -0.0000000000000000000 ) ) ;
#3550 = LINE ( 'NONE', #253, #2393 ) ;
#3551 = DIRECTION ( 'NONE',  ( 1.000000000000000000, 0.0000000000000000000, 1.694065894508600925E-16 ) ) ;
#3552 = EDGE_CURVE ( 'NONE', #2607, #9155, #9149, .T. ) ;
#3553 = EDGE_CURVE ( 'NONE', #6586, #6261, #9104, .T. ) ;
#3554 = CARTESIAN_POINT ( 'NONE',  ( 2.415093035426340684, -3.000000000000000000, 0.0000000000000000000 ) ) ;
#3555 = CARTESIAN_POINT ( 'NONE',  ( 6.003632953837268360, -1.362369035843581155, 0.3463670461627261776 ) ) ;
#3556 = VERTEX_POINT ( 'NONE', #6905 ) ;
#3557 = CARTESIAN_POINT ( 'NONE',  ( 2.219999999999996643, -2.600000000000000089, 0.9499999999999971800 ) ) ;
#3558 = COLOUR_RGB ( '',0.9686274509803921573, 0.8784313725490195957, 0.5999999999999999778 ) ;
#3559 = DIRECTION ( 'NONE',  ( 0.9063077870366509359, 0.4226182617406976094, 0.0000000000000000000 ) ) ;
#3560 = LINE ( 'NONE', #8447, #6482 ) ;
#3561 = EDGE_LOOP ( 'NONE', ( #4688, #5106, #3400, #5331 ) ) ;
#3562 =( GEOMETRIC_REPRESENTATION_CONTEXT ( 3 ) GLOBAL_UNCERTAINTY_ASSIGNED_CONTEXT ( ( #9945 ) ) GLOBAL_UNIT_ASSIGNED_CONTEXT ( ( #767, #1552, #3116 ) ) REPRESENTATION_CONTEXT ( 'NONE', 'WORKASPACE' ) );
#3563 = LINE ( 'NONE', #2779, #4687 ) ;
#3564 = VERTEX_POINT ( 'NONE', #2948 ) ;
#3565 = SURFACE_STYLE_USAGE ( .BOTH. , #5887 ) ;
#3566 = CARTESIAN_POINT ( 'NONE',  ( -2.860000000000002540, 8.371098615898084461, 0.9499999999999971800 ) ) ;
#3567 = PRESENTATION_STYLE_ASSIGNMENT (( #6942 ) ) ;
#3568 = AXIS2_PLACEMENT_3D ( 'NONE', #3167, #771, #8731 ) ;
#3569 = CARTESIAN_POINT ( 'NONE',  ( 5.399999999999998579, 1.299999999999999156, 0.0000000000000000000 ) ) ;
#3570 = VECTOR ( 'NONE', #7915, 1000.000000000000000 ) ;
#3571 =( GEOMETRIC_REPRESENTATION_CONTEXT ( 3 ) GLOBAL_UNCERTAINTY_ASSIGNED_CONTEXT ( ( #677 ) ) GLOBAL_UNIT_ASSIGNED_CONTEXT ( ( #6147, #4560, #7284 ) ) REPRESENTATION_CONTEXT ( 'NONE', 'WORKASPACE' ) );
#3572 = EDGE_CURVE ( 'NONE', #988, #2445, #6855, .T. ) ;
#3573 = FILL_AREA_STYLE ('',( #1187 ) ) ;
#3574 = MECHANICAL_DESIGN_GEOMETRIC_PRESENTATION_REPRESENTATION (  '', ( #1429 ), #7220 ) ;
#3575 = ORIENTED_EDGE ( 'NONE', *, *, #9034, .T. ) ;
#3576 = VECTOR ( 'NONE', #3356, 1000.000000000000000 ) ;
#3577 = SURFACE_SIDE_STYLE ('',( #1966 ) ) ;
#3578 = VERTEX_POINT ( 'NONE', #6104 ) ;
#3579 = ORIENTED_EDGE ( 'NONE', *, *, #9146, .F. ) ;
#3580 = DIRECTION ( 'NONE',  ( -0.7071067811865475727, 0.7071067811865475727, 0.0000000000000000000 ) ) ;
#3581 = CARTESIAN_POINT ( 'NONE',  ( -2.220000000000001972, 8.371098615898084461, -0.9500000000000022871 ) ) ;
#3582 = DIRECTION ( 'NONE',  ( 0.0000000000000000000, 0.0000000000000000000, -1.000000000000000000 ) ) ;
#3583 = DIRECTION ( 'NONE',  ( 0.4014883995042269893, 0.8231732078530421548, -0.4014883995042275444 ) ) ;
#3584 = UNCERTAINTY_MEASURE_WITH_UNIT (LENGTH_MEASURE( 1.000000000000000082E-05 ), #1554, 'distance_accuracy_value', 'NONE');
#3585 = DIRECTION ( 'NONE',  ( 3.045232680045606804E-16, 0.4383711467890774038, -0.8987940462991671486 ) ) ;
#3586 = CARTESIAN_POINT ( 'NONE',  ( 5.080000000000000071, 0.0000000000000000000, 0.9499999999999980682 ) ) ;
#3587 = VECTOR ( 'NONE', #9648, 1000.000000000000000 ) ;
#3588 = STYLED_ITEM ( 'NONE', ( #3178 ), #911 ) ;
#3589 = ADVANCED_FACE ( 'NONE', ( #9255 ), #3012, .T. ) ;
#3590 = VECTOR ( 'NONE', #5550, 1000.000000000000000 ) ;
#3591 = PRESENTATION_STYLE_ASSIGNMENT (( #2699 ) ) ;
#3592 = ORIENTED_EDGE ( 'NONE', *, *, #7901, .F. ) ;
#3593 = EDGE_CURVE ( 'NONE', #2394, #5498, #26, .T. ) ;
#3594 =( NAMED_UNIT ( * ) SI_UNIT ( $, .STERADIAN. ) SOLID_ANGLE_UNIT ( ) );
#3595 = CARTESIAN_POINT ( 'NONE',  ( 5.199999999999998401, 8.800000000000000711, -1.150000000000003020 ) ) ;
#3596 = ORIENTED_EDGE ( 'NONE', *, *, #3345, .T. ) ;
#3597 = ORIENTED_EDGE ( 'NONE', *, *, #4698, .F. ) ;
#3598 = CARTESIAN_POINT ( 'NONE',  ( -0.1249069645736572143, -3.000000000000000000, 0.0000000000000000000 ) ) ;
#3599 = PRESENTATION_LAYER_ASSIGNMENT (  '', '', ( #5403 ) ) ;
#3600 = UNCERTAINTY_MEASURE_WITH_UNIT (LENGTH_MEASURE( 1.000000000000000082E-05 ), #6292, 'distance_accuracy_value', 'NONE');
#3601 = SURFACE_SIDE_STYLE ('',( #6761 ) ) ;
#3602 = SURFACE_STYLE_USAGE ( .BOTH. , #5244 ) ;
#3603 = PLANE ( 'NONE',  #9061 ) ;
#3604 = STYLED_ITEM ( 'NONE', ( #2327 ), #6496 ) ;
#3605 = VECTOR ( 'NONE', #1941, 1000.000000000000000 ) ;
#3606 = CARTESIAN_POINT ( 'NONE',  ( -7.849999999999997868, 0.0000000000000000000, -4.449999999999999289 ) ) ;
#3607 = ORIENTED_EDGE ( 'NONE', *, *, #2057, .F. ) ;
#3608 = FILL_AREA_STYLE ('',( #1325 ) ) ;
#3609 = CARTESIAN_POINT ( 'NONE',  ( 4.759999999999998899, 8.371098615898084461, -0.9500000000000025091 ) ) ;
#3610 = VERTEX_POINT ( 'NONE', #7057 ) ;
#3611 = DIRECTION ( 'NONE',  ( 1.000000000000000000, 0.0000000000000000000, 3.388131789017201849E-16 ) ) ;
#3612 = ADVANCED_FACE ( 'NONE', ( #715 ), #4836, .T. ) ;
#3613 = COLOUR_RGB ( '',0.9686274509803921573, 0.8784313725490195957, 0.5999999999999999778 ) ;
#3614 = ADVANCED_FACE ( 'NONE', ( #7917 ), #822, .T. ) ;
#3615 = LINE ( 'NONE', #2880, #6293 ) ;
#3616 = MECHANICAL_DESIGN_GEOMETRIC_PRESENTATION_REPRESENTATION (  '', ( #946 ), #4947 ) ;
#3617 = DIRECTION ( 'NONE',  ( 0.0000000000000000000, 0.0000000000000000000, -1.000000000000000000 ) ) ;
#3618 = DIRECTION ( 'NONE',  ( 0.0000000000000000000, -1.000000000000000000, 0.0000000000000000000 ) ) ;
#3619 =( NAMED_UNIT ( * ) PLANE_ANGLE_UNIT ( ) SI_UNIT ( $, .RADIAN. ) );
#3620 = VECTOR ( 'NONE', #6589, 1000.000000000000114 ) ;
#3621 = FILL_AREA_STYLE_COLOUR ( '', #8285 ) ;
#3622 = LINE ( 'NONE', #6994, #3816 ) ;
#3623 = ORIENTED_EDGE ( 'NONE', *, *, #5703, .T. ) ;
#3624 = UNCERTAINTY_MEASURE_WITH_UNIT (LENGTH_MEASURE( 1.000000000000000082E-05 ), #6492, 'distance_accuracy_value', 'NONE');
#3625 = ADVANCED_FACE ( 'NONE', ( #5037 ), #8944, .F. ) ;
#3626 = FILL_AREA_STYLE ('',( #6677 ) ) ;
#3627 = FILL_AREA_STYLE_COLOUR ( '', #6380 ) ;
#3628 = CARTESIAN_POINT ( 'NONE',  ( 8.860000000000001208, 1.299999999999999156, -3.199999999999999734 ) ) ;
#3629 = CARTESIAN_POINT ( 'NONE',  ( 5.179942183009287326, -3.461009071065141107, 1.170057816990706545 ) ) ;
#3630 = VECTOR ( 'NONE', #7249, 1000.000000000000000 ) ;
#3631 = CARTESIAN_POINT ( 'NONE',  ( 0.1500000000000003275, 0.0000000000000000000, -4.450000000000000178 ) ) ;
#3632 =( NAMED_UNIT ( * ) PLANE_ANGLE_UNIT ( ) SI_UNIT ( $, .RADIAN. ) );
#3633 =( LENGTH_UNIT ( ) NAMED_UNIT ( * ) SI_UNIT ( .MILLI., .METRE. ) );
#3634 = STYLED_ITEM ( 'NONE', ( #2664 ), #3255 ) ;
#3635 = EDGE_LOOP ( 'NONE', ( #6936, #8622, #5758, #1713 ) ) ;
#3636 = ORIENTED_EDGE ( 'NONE', *, *, #6750, .T. ) ;
#3637 = ORIENTED_EDGE ( 'NONE', *, *, #5988, .F. ) ;
#3638 =( GEOMETRIC_REPRESENTATION_CONTEXT ( 3 ) GLOBAL_UNCERTAINTY_ASSIGNED_CONTEXT ( ( #8455 ) ) GLOBAL_UNIT_ASSIGNED_CONTEXT ( ( #7004, #2175, #8512 ) ) REPRESENTATION_CONTEXT ( 'NONE', 'WORKASPACE' ) );
#3639 = STYLED_ITEM ( 'NONE', ( #2232 ), #7159 ) ;
#3640 = CARTESIAN_POINT ( 'NONE',  ( 8.859999999999999432, 0.0000000000000000000, -1.650000000000001243 ) ) ;
#3641 = SURFACE_SIDE_STYLE ('',( #6744 ) ) ;
#3642 = PLANE ( 'NONE',  #9334 ) ;
#3643 = PLANE ( 'NONE',  #5789 ) ;
#3644 = CARTESIAN_POINT ( 'NONE',  ( 7.620000000000000107, 1.299999999999999156, -0.9500000000000006217 ) ) ;
#3645 = VECTOR ( 'NONE', #6376, 1000.000000000000000 ) ;
#3646 = FACE_OUTER_BOUND ( 'NONE', #3717, .T. ) ;
#3647 = VECTOR ( 'NONE', #329, 1000.000000000000000 ) ;
#3648 = VECTOR ( 'NONE', #1281, 1000.000000000000000 ) ;
#3649 =( LENGTH_UNIT ( ) NAMED_UNIT ( * ) SI_UNIT ( .MILLI., .METRE. ) );
#3650 = ORIENTED_EDGE ( 'NONE', *, *, #3715, .T. ) ;
#3651 = PLANE ( 'NONE',  #3427 ) ;
#3652 = COLOUR_RGB ( '',0.9686274509803921573, 0.8784313725490195957, 0.5999999999999999778 ) ;
#3653 =( NAMED_UNIT ( * ) SI_UNIT ( $, .STERADIAN. ) SOLID_ANGLE_UNIT ( ) );
#3654 = ORIENTED_EDGE ( 'NONE', *, *, #8054, .T. ) ;
#3656 = VERTEX_POINT ( 'NONE', #1022 ) ;
#3655 = CARTESIAN_POINT ( 'NONE',  ( 2.664906964573651837, -3.000000000000000000, 1.394906964573652930 ) ) ;
#3657 =( NAMED_UNIT ( * ) PLANE_ANGLE_UNIT ( ) SI_UNIT ( $, .RADIAN. ) );
#3658 =( GEOMETRIC_REPRESENTATION_CONTEXT ( 3 ) GLOBAL_UNCERTAINTY_ASSIGNED_CONTEXT ( ( #1311 ) ) GLOBAL_UNIT_ASSIGNED_CONTEXT ( ( #3055, #3118, #7865 ) ) REPRESENTATION_CONTEXT ( 'NONE', 'WORKASPACE' ) );
#3659 = FACE_OUTER_BOUND ( 'NONE', #3693, .T. ) ;
#3660 = SURFACE_STYLE_FILL_AREA ( #2238 ) ;
#3661 = FILL_AREA_STYLE ('',( #2915 ) ) ;
#3662 = EDGE_CURVE ( 'NONE', #2608, #3336, #8825, .T. ) ;
#3663 = COLOUR_RGB ( '',0.9686274509803921573, 0.8784313725490195957, 0.5999999999999999778 ) ;
#3664 = DIRECTION ( 'NONE',  ( 1.694065894508600925E-16, 0.0000000000000000000, -1.000000000000000000 ) ) ;
#3665 = CIRCLE ( 'NONE', #10099, 0.5000000000000008882 ) ;
#3666 = VECTOR ( 'NONE', #2191, 1000.000000000000000 ) ;
#3667 =( GEOMETRIC_REPRESENTATION_CONTEXT ( 3 ) GLOBAL_UNCERTAINTY_ASSIGNED_CONTEXT ( ( #566 ) ) GLOBAL_UNIT_ASSIGNED_CONTEXT ( ( #9458, #652, #5528 ) ) REPRESENTATION_CONTEXT ( 'NONE', 'WORKASPACE' ) );
#3668 = DIRECTION ( 'NONE',  ( -1.000000000000000000, 0.0000000000000000000, 0.0000000000000000000 ) ) ;
#3669 = EDGE_LOOP ( 'NONE', ( #4426, #4864, #2959, #1861 ) ) ;
#3670 = FILL_AREA_STYLE_COLOUR ( '', #8101 ) ;
#3671 = VECTOR ( 'NONE', #3907, 1000.000000000000000 ) ;
#3672 = DIRECTION ( 'NONE',  ( 1.000000000000000000, -0.0000000000000000000, 3.388131789017201849E-16 ) ) ;
#3673 = DIRECTION ( 'NONE',  ( 0.5773502691896257311, -0.5773502691896257311, 0.5773502691896257311 ) ) ;
#3674 = FILL_AREA_STYLE_COLOUR ( '', #2528 ) ;
#3675 = VECTOR ( 'NONE', #3865, 1000.000000000000000 ) ;
#3676 = STYLED_ITEM ( 'NONE', ( #951 ), #8966 ) ;
#3677 = CARTESIAN_POINT ( 'NONE',  ( -0.3200000000000025602, 8.800000000000000711, 1.589999999999997193 ) ) ;
#3678 = ADVANCED_FACE ( 'NONE', ( #1903 ), #5082, .T. ) ;
#3679 = LINE ( 'NONE', #7696, #4680 ) ;
#3680 = EDGE_CURVE ( 'NONE', #5381, #4126, #596, .T. ) ;
#3681 = EDGE_CURVE ( 'NONE', #6909, #3547, #2727, .T. ) ;
#3682 = VECTOR ( 'NONE', #6778, 1000.000000000000000 ) ;
#3683 = SURFACE_SIDE_STYLE ('',( #646 ) ) ;
#3684 = DIRECTION ( 'NONE',  ( -1.000000000000000000, 0.0000000000000000000, -3.388131789017201849E-16 ) ) ;
#3685 = DIRECTION ( 'NONE',  ( 1.000000000000000000, 0.0000000000000000000, 3.388131789017201849E-16 ) ) ;
#3686 = EDGE_LOOP ( 'NONE', ( #1094, #3136, #2594, #2063 ) ) ;
#3687 = COLOUR_RGB ( '',0.9686274509803921573, 0.8784313725490195957, 0.5999999999999999778 ) ;
#3688 = AXIS2_PLACEMENT_3D ( 'NONE', #7700, #3724, #6081 ) ;
#3689 = DIRECTION ( 'NONE',  ( 0.0000000000000000000, -0.0000000000000000000, -1.000000000000000000 ) ) ;
#3690 = DIRECTION ( 'NONE',  ( 0.0000000000000000000, 0.0000000000000000000, -1.000000000000000000 ) ) ;
#3691 = EDGE_CURVE ( 'NONE', #8838, #4673, #5129, .T. ) ;
#3692 = ORIENTED_EDGE ( 'NONE', *, *, #3553, .T. ) ;
#3693 = EDGE_LOOP ( 'NONE', ( #7178, #8476, #892, #6504 ) ) ;
#3694 = EDGE_LOOP ( 'NONE', ( #7680, #2066, #6860, #8303 ) ) ;
#3695 = VECTOR ( 'NONE', #9507, 1000.000000000000000 ) ;
#3696 =( GEOMETRIC_REPRESENTATION_CONTEXT ( 3 ) GLOBAL_UNCERTAINTY_ASSIGNED_CONTEXT ( ( #9713 ) ) GLOBAL_UNIT_ASSIGNED_CONTEXT ( ( #2671, #7447, #9725 ) ) REPRESENTATION_CONTEXT ( 'NONE', 'WORKASPACE' ) );
#3697 = CARTESIAN_POINT ( 'NONE',  ( 0.1249069645736528705, -3.000000000000000000, 0.0000000000000000000 ) ) ;
#3698 = SURFACE_SIDE_STYLE ('',( #2949 ) ) ;
#3699 = CARTESIAN_POINT ( 'NONE',  ( 0.3199999999999973976, 0.0000000000000000000, 0.9499999999999972911 ) ) ;
#3700 =( GEOMETRIC_REPRESENTATION_CONTEXT ( 3 ) GLOBAL_UNCERTAINTY_ASSIGNED_CONTEXT ( ( #10150 ) ) GLOBAL_UNIT_ASSIGNED_CONTEXT ( ( #9000, #2804, #1143 ) ) REPRESENTATION_CONTEXT ( 'NONE', 'WORKASPACE' ) );
#3701 = LINE ( 'NONE', #1924, #8232 ) ;
#3702 = ORIENTED_EDGE ( 'NONE', *, *, #3029, .T. ) ;
#3703 = CARTESIAN_POINT ( 'NONE',  ( 0.3199999999999982303, 8.800000000000000711, -0.9500000000000022871 ) ) ;
#3704 = SURFACE_STYLE_FILL_AREA ( #620 ) ;
#3705 = ORIENTED_EDGE ( 'NONE', *, *, #4993, .T. ) ;
#3706 = VERTEX_POINT ( 'NONE', #6884 ) ;
#3707 = DIRECTION ( 'NONE',  ( -0.8987940462991671486, 0.4383711467890771263, -0.0000000000000000000 ) ) ;
#3708 = UNCERTAINTY_MEASURE_WITH_UNIT (LENGTH_MEASURE( 1.000000000000000082E-05 ), #6699, 'distance_accuracy_value', 'NONE');
#3709 = CARTESIAN_POINT ( 'NONE',  ( 0.0000000000000000000, -0.1000000000000000056, 3.200000000000000178 ) ) ;
#3710 = DIRECTION ( 'NONE',  ( 0.8987940462991671486, 0.4383711467890772373, 0.0000000000000000000 ) ) ;
#3711 =( NAMED_UNIT ( * ) PLANE_ANGLE_UNIT ( ) SI_UNIT ( $, .RADIAN. ) );
#3712 =( NAMED_UNIT ( * ) PLANE_ANGLE_UNIT ( ) SI_UNIT ( $, .RADIAN. ) );
#3713 = CARTESIAN_POINT ( 'NONE',  ( -10.16000000000000192, 9.000000000000000000, -4.549999999999999822 ) ) ;
#3714 = ORIENTED_EDGE ( 'NONE', *, *, #8078, .F. ) ;
#3715 = EDGE_CURVE ( 'NONE', #2981, #7429, #5939, .T. ) ;
#3716 = SURFACE_STYLE_USAGE ( .BOTH. , #7643 ) ;
#3717 = EDGE_LOOP ( 'NONE', ( #391, #4572, #3596, #6271 ) ) ;
#3718 =( NAMED_UNIT ( * ) PLANE_ANGLE_UNIT ( ) SI_UNIT ( $, .RADIAN. ) );
#3719 =( NAMED_UNIT ( * ) SI_UNIT ( $, .STERADIAN. ) SOLID_ANGLE_UNIT ( ) );
#3720 = CARTESIAN_POINT ( 'NONE',  ( -4.760000000000003340, 8.800000000000000711, 0.9499999999999972911 ) ) ;
#3721 = FILL_AREA_STYLE_COLOUR ( '', #2650 ) ;
#3722 = CARTESIAN_POINT ( 'NONE',  ( 2.419999999999998597, 8.800000000000000711, -1.150000000000003242 ) ) ;
#3723 = ADVANCED_FACE ( 'NONE', ( #7662 ), #1958, .T. ) ;
#3724 = DIRECTION ( 'NONE',  ( 0.0000000000000000000, 0.0000000000000000000, -1.000000000000000000 ) ) ;
#3725 = FILL_AREA_STYLE ('',( #8453 ) ) ;
#3726 = EDGE_LOOP ( 'NONE', ( #4596, #1120, #8739, #7172 ) ) ;
#3727 = STYLED_ITEM ( 'NONE', ( #6291 ), #5233 ) ;
#3728 =( NAMED_UNIT ( * ) PLANE_ANGLE_UNIT ( ) SI_UNIT ( $, .RADIAN. ) );
#3729 = DIRECTION ( 'NONE',  ( -0.0000000000000000000, 0.0000000000000000000, 1.000000000000000000 ) ) ;
#3730 = DIRECTION ( 'NONE',  ( 0.0000000000000000000, 0.0000000000000000000, -1.000000000000000000 ) ) ;
#3731 = EDGE_CURVE ( 'NONE', #7509, #9820, #2170, .T. ) ;
#3732 = VECTOR ( 'NONE', #1099, 1000.000000000000000 ) ;
#3733 = DIRECTION ( 'NONE',  ( 1.000000000000000000, 1.126443815569355400E-16, 0.0000000000000000000 ) ) ;
#3734 = FILL_AREA_STYLE ('',( #8402 ) ) ;
#3735 = EDGE_LOOP ( 'NONE', ( #9475, #3171, #2117, #4886 ) ) ;
#3736 = ORIENTED_EDGE ( 'NONE', *, *, #9983, .T. ) ;
#3737 = ORIENTED_EDGE ( 'NONE', *, *, #3922, .F. ) ;
#3738 = CARTESIAN_POINT ( 'NONE',  ( -7.500000000000000000, -0.1000000000000000056, 3.200000000000000178 ) ) ;
#3739 = MECHANICAL_DESIGN_GEOMETRIC_PRESENTATION_REPRESENTATION (  '', ( #7049 ), #3063 ) ;
#3740 = CARTESIAN_POINT ( 'NONE',  ( 2.539999999999999591, -3.000000000000000000, 1.394906964573652708 ) ) ;
#3741 = CARTESIAN_POINT ( 'NONE',  ( -2.664906964573656278, -3.000000000000000000, 0.0000000000000000000 ) ) ;
#3742 = PRESENTATION_STYLE_ASSIGNMENT (( #9196 ) ) ;
#3743 = CARTESIAN_POINT ( 'NONE',  ( -8.859999999999997655, 1.299999999999999156, 1.750000000000000666 ) ) ;
#3744 = EDGE_CURVE ( 'NONE', #1452, #4723, #5986, .T. ) ;
#3745 = CARTESIAN_POINT ( 'NONE',  ( 2.219999999999996643, 0.0000000000000000000, 0.9499999999999971800 ) ) ;
#3746 = FACE_OUTER_BOUND ( 'NONE', #2508, .T. ) ;
#3747 = ADVANCED_FACE ( 'NONE', ( #6732 ), #9893, .T. ) ;
#3748 = VECTOR ( 'NONE', #5335, 1000.000000000000000 ) ;
#3749 = STYLED_ITEM ( 'NONE', ( #8755 ), #1397 ) ;
#3750 = AXIS2_PLACEMENT_3D ( 'NONE', #5138, #5229, #6853 ) ;
#3751 = ORIENTED_EDGE ( 'NONE', *, *, #10124, .F. ) ;
#3752 = CARTESIAN_POINT ( 'NONE',  ( -0.1200000000000011890, 8.800000000000000711, -1.390000000000002123 ) ) ;
#3753 = VECTOR ( 'NONE', #8181, 1000.000000000000000 ) ;
#3754 = ORIENTED_EDGE ( 'NONE', *, *, #8547, .T. ) ;
#3755 = ORIENTED_EDGE ( 'NONE', *, *, #909, .F. ) ;
#3756 = CARTESIAN_POINT ( 'NONE',  ( 7.619999999999999218, -3.000000000000000000, 1.394906964573654484 ) ) ;
#3757 = PRESENTATION_STYLE_ASSIGNMENT (( #3024 ) ) ;
#3758 =( GEOMETRIC_REPRESENTATION_CONTEXT ( 3 ) GLOBAL_UNCERTAINTY_ASSIGNED_CONTEXT ( ( #5539 ) ) GLOBAL_UNIT_ASSIGNED_CONTEXT ( ( #1977, #9207, #1205 ) ) REPRESENTATION_CONTEXT ( 'NONE', 'WORKASPACE' ) );
#3759 =( GEOMETRIC_REPRESENTATION_CONTEXT ( 3 ) GLOBAL_UNCERTAINTY_ASSIGNED_CONTEXT ( ( #3797 ) ) GLOBAL_UNIT_ASSIGNED_CONTEXT ( ( #7097, #2369, #6196 ) ) REPRESENTATION_CONTEXT ( 'NONE', 'WORKASPACE' ) );
#3760 = VECTOR ( 'NONE', #9971, 1000.000000000000000 ) ;
#3761 = ORIENTED_EDGE ( 'NONE', *, *, #9510, .T. ) ;
#3762 = MECHANICAL_DESIGN_GEOMETRIC_PRESENTATION_REPRESENTATION (  '', ( #8347 ), #6571 ) ;
#3763 = ORIENTED_EDGE ( 'NONE', *, *, #1837, .F. ) ;
#3764 = STYLED_ITEM ( 'NONE', ( #4174 ), #999 ) ;
#3765 = DIRECTION ( 'NONE',  ( -1.000000000000000000, 0.0000000000000000000, -3.388131789017201849E-16 ) ) ;
#3766 = ORIENTED_EDGE ( 'NONE', *, *, #8433, .F. ) ;
#3767 = CARTESIAN_POINT ( 'NONE',  ( 8.150000000000002132, 9.000000000000000000, -4.549999999999999822 ) ) ;
#3768 = SURFACE_SIDE_STYLE ('',( #7691 ) ) ;
#3769 = DIRECTION ( 'NONE',  ( -0.0000000000000000000, 0.0000000000000000000, 1.000000000000000000 ) ) ;
#3770 = PLANE ( 'NONE',  #3112 ) ;
#3771 = STYLED_ITEM ( 'NONE', ( #7034 ), #2271 ) ;
#3772 = DIRECTION ( 'NONE',  ( -0.0000000000000000000, 1.000000000000000000, -0.0000000000000000000 ) ) ;
#3773 = LINE ( 'NONE', #5313, #9635 ) ;
#3774 = COLOUR_RGB ( '',0.9686274509803921573, 0.8784313725490195957, 0.5999999999999999778 ) ;
#3775 = LINE ( 'NONE', #9131, #2847 ) ;
#3776 = CARTESIAN_POINT ( 'NONE',  ( 8.859999999999999432, 0.0000000000000000000, 1.749999999999999334 ) ) ;
#3777 = DIRECTION ( 'NONE',  ( 3.388131789017201849E-16, 0.0000000000000000000, -1.000000000000000000 ) ) ;
#3778 = LINE ( 'NONE', #6144, #1374 ) ;
#3779 = SURFACE_STYLE_USAGE ( .BOTH. , #4554 ) ;
#3780 = EDGE_LOOP ( 'NONE', ( #5209, #2480, #4123, #1722 ) ) ;
#3781 = DIRECTION ( 'NONE',  ( -3.388131789017201849E-16, 0.0000000000000000000, 1.000000000000000000 ) ) ;
#3782 = EDGE_CURVE ( 'NONE', #8423, #8634, #3103, .T. ) ;
#3783 = DIRECTION ( 'NONE',  ( -0.0000000000000000000, 1.000000000000000000, -1.049227908856939906E-16 ) ) ;
#3784 =( NAMED_UNIT ( * ) PLANE_ANGLE_UNIT ( ) SI_UNIT ( $, .RADIAN. ) );
#3785 = DIRECTION ( 'NONE',  ( 0.0000000000000000000, 0.0000000000000000000, -1.000000000000000000 ) ) ;
#3786 = SURFACE_STYLE_FILL_AREA ( #2938 ) ;
#3787 = AXIS2_PLACEMENT_3D ( 'NONE', #3554, #7591, #6711 ) ;
#3788 = ORIENTED_EDGE ( 'NONE', *, *, #9685, .T. ) ;
#3789 = ORIENTED_EDGE ( 'NONE', *, *, #7882, .T. ) ;
#3790 = ORIENTED_EDGE ( 'NONE', *, *, #10243, .T. ) ;
#3791 = CARTESIAN_POINT ( 'NONE',  ( 2.859999999999997655, 0.0000000000000000000, -0.9500000000000022871 ) ) ;
#3792 = VECTOR ( 'NONE', #917, 1000.000000000000000 ) ;
#3793 = FILL_AREA_STYLE ('',( #502 ) ) ;
#3794 = FILL_AREA_STYLE ('',( #3163 ) ) ;
#3795 = LINE ( 'NONE', #3011, #9980 ) ;
#3796 = DIRECTION ( 'NONE',  ( 0.0000000000000000000, -1.000000000000000000, 0.0000000000000000000 ) ) ;
#3797 = UNCERTAINTY_MEASURE_WITH_UNIT (LENGTH_MEASURE( 1.000000000000000082E-05 ), #7097, 'distance_accuracy_value', 'NONE');
#3798 = FACE_OUTER_BOUND ( 'NONE', #3694, .T. ) ;
#3799 = DIRECTION ( 'NONE',  ( -1.000000000000000000, 0.0000000000000000000, -1.694065894508600925E-16 ) ) ;
#3800 = ADVANCED_FACE ( 'NONE', ( #8665 ), #8616, .T. ) ;
#3801 = CARTESIAN_POINT ( 'NONE',  ( -2.415093035426346457, -3.000000000000000000, -1.394906964573657815 ) ) ;
#3802 = VECTOR ( 'NONE', #4622, 1000.000000000000000 ) ;
#3803 = ADVANCED_FACE ( 'NONE', ( #1494 ), #3046, .F. ) ;
#3804 = ORIENTED_EDGE ( 'NONE', *, *, #4283, .F. ) ;
#3805 = ADVANCED_FACE ( 'NONE', ( #2876 ), #9223, .F. ) ;
#3806 =( GEOMETRIC_REPRESENTATION_CONTEXT ( 3 ) GLOBAL_UNCERTAINTY_ASSIGNED_CONTEXT ( ( #8256 ) ) GLOBAL_UNIT_ASSIGNED_CONTEXT ( ( #30, #6530, #9690 ) ) REPRESENTATION_CONTEXT ( 'NONE', 'WORKASPACE' ) );
#3807 = SURFACE_STYLE_USAGE ( .BOTH. , #10009 ) ;
#3808 = ORIENTED_EDGE ( 'NONE', *, *, #6707, .T. ) ;
#3809 = ORIENTED_EDGE ( 'NONE', *, *, #4163, .T. ) ;
#3810 = DIRECTION ( 'NONE',  ( 0.0000000000000000000, 0.0000000000000000000, -1.000000000000000000 ) ) ;
#3811 = UNCERTAINTY_MEASURE_WITH_UNIT (LENGTH_MEASURE( 1.000000000000000082E-05 ), #4920, 'distance_accuracy_value', 'NONE');
#3812 = LINE ( 'NONE', #2964, #2972 ) ;
#3813 = CARTESIAN_POINT ( 'NONE',  ( -4.760000000000002451, 1.299999999999999156, -1.590000000000002300 ) ) ;
#3814 = FILL_AREA_STYLE ('',( #3864 ) ) ;
#3815 = VECTOR ( 'NONE', #4780, 1000.000000000000000 ) ;
#3816 = VECTOR ( 'NONE', #10092, 1000.000000000000000 ) ;
#3817 = ORIENTED_EDGE ( 'NONE', *, *, #9793, .F. ) ;
#3818 = VECTOR ( 'NONE', #1888, 1000.000000000000000 ) ;
#3819 = SURFACE_STYLE_USAGE ( .BOTH. , #7796 ) ;
#3820 = MECHANICAL_DESIGN_GEOMETRIC_PRESENTATION_REPRESENTATION (  '', ( #6784 ), #5934 ) ;
#3821 = EDGE_LOOP ( 'NONE', ( #8750, #5513, #4984, #5330 ) ) ;
#3822 = DIRECTION ( 'NONE',  ( 0.0000000000000000000, -1.000000000000000000, 0.0000000000000000000 ) ) ;
#3823 = ORIENTED_EDGE ( 'NONE', *, *, #3945, .F. ) ;
#3824 = CARTESIAN_POINT ( 'NONE',  ( 4.759999999999997122, -2.599999999999996536, 1.589999999999997193 ) ) ;
#3825 = ORIENTED_EDGE ( 'NONE', *, *, #5350, .F. ) ;
#3826 = SURFACE_STYLE_USAGE ( .BOTH. , #4503 ) ;
#3827 = AXIS2_PLACEMENT_3D ( 'NONE', #9880, #2099, #7801 ) ;
#3828 = FILL_AREA_STYLE ('',( #4550 ) ) ;
#3829 = SURFACE_SIDE_STYLE ('',( #696 ) ) ;
#3830 = AXIS2_PLACEMENT_3D ( 'NONE', #1321, #5158, #4545 ) ;
#3831 = CARTESIAN_POINT ( 'NONE',  ( -8.150000000000000355, 9.000000000000000000, -4.450000000000000178 ) ) ;
#3832 = CARTESIAN_POINT ( 'NONE',  ( 10.16000000000000014, 9.000000000000000000, 4.549999999999999822 ) ) ;
#3833 = PRESENTATION_STYLE_ASSIGNMENT (( #8391 ) ) ;
#3834 = VECTOR ( 'NONE', #1615, 1000.000000000000000 ) ;
#3835 = FACE_OUTER_BOUND ( 'NONE', #4272, .T. ) ;
#3836 = EDGE_LOOP ( 'NONE', ( #5135, #623, #3006, #7309 ) ) ;
#3837 = MECHANICAL_DESIGN_GEOMETRIC_PRESENTATION_REPRESENTATION (  '', ( #7947 ), #7466 ) ;
#3838 = UNCERTAINTY_MEASURE_WITH_UNIT (LENGTH_MEASURE( 1.000000000000000082E-05 ), #4496, 'distance_accuracy_value', 'NONE');
#3839 = LINE ( 'NONE', #8664, #4591 ) ;
#3840 = DIRECTION ( 'NONE',  ( -0.0000000000000000000, 1.000000000000000000, -0.0000000000000000000 ) ) ;
#3841 = CARTESIAN_POINT ( 'NONE',  ( 4.759999999999998899, 8.800000000000000711, -1.390000000000002123 ) ) ;
#3842 = COLOUR_RGB ( '',0.9686274509803921573, 0.8784313725490195957, 0.5999999999999999778 ) ;
#3843 =( NAMED_UNIT ( * ) SI_UNIT ( $, .STERADIAN. ) SOLID_ANGLE_UNIT ( ) );
#3844 = CARTESIAN_POINT ( 'NONE',  ( -10.16000000000000014, 9.000000000000000000, 4.549999999999999822 ) ) ;
#3845 = ADVANCED_FACE ( 'NONE', ( #4547 ), #7590, .F. ) ;
#3846 = ORIENTED_EDGE ( 'NONE', *, *, #7414, .F. ) ;
#3847 = VERTEX_POINT ( 'NONE', #9925 ) ;
#3848 = LINE ( 'NONE', #8155, #9395 ) ;
#3849 = FACE_OUTER_BOUND ( 'NONE', #991, .T. ) ;
#3850 =( NAMED_UNIT ( * ) PLANE_ANGLE_UNIT ( ) SI_UNIT ( $, .RADIAN. ) );
#3851 =( LENGTH_UNIT ( ) NAMED_UNIT ( * ) SI_UNIT ( .MILLI., .METRE. ) );
#3852 = VECTOR ( 'NONE', #2990, 1000.000000000000000 ) ;
#3853 = LINE ( 'NONE', #7113, #3001 ) ;
#3854 = AXIS2_PLACEMENT_3D ( 'NONE', #9949, #9991, #5942 ) ;
#3855 = ORIENTED_EDGE ( 'NONE', *, *, #4674, .T. ) ;
#3856 = SURFACE_STYLE_FILL_AREA ( #1464 ) ;
#3857 = STYLED_ITEM ( 'NONE', ( #7757 ), #4932 ) ;
#3858 = ORIENTED_EDGE ( 'NONE', *, *, #1630, .T. ) ;
#3860 = ORIENTED_EDGE ( 'NONE', *, *, #5760, .F. ) ;
#3859 = CARTESIAN_POINT ( 'NONE',  ( 7.620000000000000995, -3.000000000000000000, -1.394906964573654484 ) ) ;
#3861 = LINE ( 'NONE', #35, #4120 ) ;
#3862 = EDGE_CURVE ( 'NONE', #9248, #1829, #5974, .T. ) ;
#3863 =( NAMED_UNIT ( * ) SI_UNIT ( $, .STERADIAN. ) SOLID_ANGLE_UNIT ( ) );
#3864 = FILL_AREA_STYLE_COLOUR ( '', #6041 ) ;
#3865 = DIRECTION ( 'NONE',  ( 0.0000000000000000000, -1.000000000000000000, 0.0000000000000000000 ) ) ;
#3866 = EDGE_CURVE ( 'NONE', #4275, #1225, #6823, .T. ) ;
#3867 = PRESENTATION_LAYER_ASSIGNMENT (  '', '', ( #1855 ) ) ;
#3868 = EDGE_CURVE ( 'NONE', #7248, #1030, #7077, .T. ) ;
#3869 = VECTOR ( 'NONE', #6192, 1000.000000000000000 ) ;
#3870 = ORIENTED_EDGE ( 'NONE', *, *, #8568, .F. ) ;
#3871 = VERTEX_POINT ( 'NONE', #9483 ) ;
#3872 = DIRECTION ( 'NONE',  ( -0.0000000000000000000, -0.0000000000000000000, -1.000000000000000000 ) ) ;
#3873 = CARTESIAN_POINT ( 'NONE',  ( 8.860000000000001208, 8.400000000000000355, 3.200000000000000622 ) ) ;
#3874 = PRESENTATION_STYLE_ASSIGNMENT (( #45 ) ) ;
#3875 = EDGE_LOOP ( 'NONE', ( #2679, #9737, #4018, #5605 ) ) ;
#3876 = MECHANICAL_DESIGN_GEOMETRIC_PRESENTATION_REPRESENTATION (  '', ( #2870 ), #3197 ) ;
#3877 = DIRECTION ( 'NONE',  ( 0.0000000000000000000, 0.0000000000000000000, 1.000000000000000000 ) ) ;
#3878 = LINE ( 'NONE', #3088, #6770 ) ;
#3879 = ADVANCED_FACE ( 'NONE', ( #9583 ), #7981, .T. ) ;
#3880 =( NAMED_UNIT ( * ) SI_UNIT ( $, .STERADIAN. ) SOLID_ANGLE_UNIT ( ) );
#3881 = ADVANCED_FACE ( 'NONE', ( #6377 ), #836, .T. ) ;
#3882 =( LENGTH_UNIT ( ) NAMED_UNIT ( * ) SI_UNIT ( .MILLI., .METRE. ) );
#3883 = STYLED_ITEM ( 'NONE', ( #7661 ), #1113 ) ;
#3884 = CARTESIAN_POINT ( 'NONE',  ( -5.400000000000003020, 8.800000000000000711, 1.589999999999997193 ) ) ;
#3885 =( LENGTH_UNIT ( ) NAMED_UNIT ( * ) SI_UNIT ( .MILLI., .METRE. ) );
#3886 = CARTESIAN_POINT ( 'NONE',  ( -4.760000000000002451, 0.0000000000000000000, 0.0000000000000000000 ) ) ;
#3887 =( LENGTH_UNIT ( ) NAMED_UNIT ( * ) SI_UNIT ( .MILLI., .METRE. ) );
#3888 = LINE ( 'NONE', #7041, #5785 ) ;
#3889 = ORIENTED_EDGE ( 'NONE', *, *, #8251, .T. ) ;
#3890 = SURFACE_SIDE_STYLE ('',( #6938 ) ) ;
#3891 = CARTESIAN_POINT ( 'NONE',  ( 5.399999999999998579, 1.299999999999999156, -1.590000000000002300 ) ) ;
#3892 = DIRECTION ( 'NONE',  ( 1.000000000000000000, 0.0000000000000000000, 1.694065894508600925E-16 ) ) ;
#3893 = CARTESIAN_POINT ( 'NONE',  ( 4.759999999999998899, 8.800000000000000711, -1.590000000000002522 ) ) ;
#3894 = LINE ( 'NONE', #7050, #1158 ) ;
#3895 = VERTEX_POINT ( 'NONE', #5508 ) ;
#3896 = PRESENTATION_LAYER_ASSIGNMENT (  '', '', ( #5219 ) ) ;
#3897 = PRESENTATION_STYLE_ASSIGNMENT (( #2220 ) ) ;
#3898 = ORIENTED_EDGE ( 'NONE', *, *, #4229, .F. ) ;
#3899 = LINE ( 'NONE', #7053, #5778 ) ;
#3900 = CARTESIAN_POINT ( 'NONE',  ( -7.500000000000000000, -0.1000000000000000056, -2.699999999999999289 ) ) ;
#3901 = CARTESIAN_POINT ( 'NONE',  ( -5.400000000000002132, -2.599999999999996536, -0.9500000000000025091 ) ) ;
#3902 = LINE ( 'NONE', #9416, #3032 ) ;
#3903 = UNCERTAINTY_MEASURE_WITH_UNIT (LENGTH_MEASURE( 1.000000000000000082E-05 ), #7433, 'distance_accuracy_value', 'NONE');
#3904 =( NAMED_UNIT ( * ) PLANE_ANGLE_UNIT ( ) SI_UNIT ( $, .RADIAN. ) );
#3905 = COLOUR_RGB ( '',0.9686274509803921573, 0.8784313725490195957, 0.5999999999999999778 ) ;
#3906 = EDGE_CURVE ( 'NONE', #9965, #1269, #2440, .T. ) ;
#3907 = DIRECTION ( 'NONE',  ( -0.0000000000000000000, -0.0000000000000000000, -1.000000000000000000 ) ) ;
#3908 = ORIENTED_EDGE ( 'NONE', *, *, #968, .T. ) ;
#3909 =( GEOMETRIC_REPRESENTATION_CONTEXT ( 3 ) GLOBAL_UNCERTAINTY_ASSIGNED_CONTEXT ( ( #666 ) ) GLOBAL_UNIT_ASSIGNED_CONTEXT ( ( #9958, #2122, #4575 ) ) REPRESENTATION_CONTEXT ( 'NONE', 'WORKASPACE' ) );
#3910 = ORIENTED_EDGE ( 'NONE', *, *, #1267, .F. ) ;
#3912 = VERTEX_POINT ( 'NONE', #7026 ) ;
#3911 = DIRECTION ( 'NONE',  ( 0.0000000000000000000, 0.0000000000000000000, 1.000000000000000000 ) ) ;
#3913 = UNCERTAINTY_MEASURE_WITH_UNIT (LENGTH_MEASURE( 1.000000000000000082E-05 ), #1407, 'distance_accuracy_value', 'NONE');
#3914 = PRESENTATION_LAYER_ASSIGNMENT (  '', '', ( #7535 ) ) ;
#3915 = CARTESIAN_POINT ( 'NONE',  ( 2.219999999999997531, 0.0000000000000000000, 0.0000000000000000000 ) ) ;
#3916 = CYLINDRICAL_SURFACE ( 'NONE', #3234, 0.5000000000000008882 ) ;
#3917 = PRESENTATION_STYLE_ASSIGNMENT (( #6330 ) ) ;
#3918 = SURFACE_SIDE_STYLE ('',( #784 ) ) ;
#3919 = EDGE_CURVE ( 'NONE', #1209, #108, #8593, .T. ) ;
#3920 = COLOUR_RGB ( '',0.9686274509803921573, 0.8784313725490195957, 0.5999999999999999778 ) ;
#3921 = AXIS2_PLACEMENT_3D ( 'NONE', #1900, #5035, #6578 ) ;
#3922 = EDGE_CURVE ( 'NONE', #9821, #4583, #984, .T. ) ;
#3923 = VECTOR ( 'NONE', #7314, 1000.000000000000000 ) ;
#3924 = ORIENTED_EDGE ( 'NONE', *, *, #6573, .F. ) ;
#3925 = STYLED_ITEM ( 'NONE', ( #367 ), #5275 ) ;
#3926 = CARTESIAN_POINT ( 'NONE',  ( 7.620000000000000107, 0.0000000000000000000, -1.590000000000000746 ) ) ;
#3927 = VERTEX_POINT ( 'NONE', #4326 ) ;
#3928 = DIRECTION ( 'NONE',  ( 0.0000000000000000000, 0.0000000000000000000, 1.000000000000000000 ) ) ;
#3929 = FACE_BOUND ( 'NONE', #9590, .T. ) ;
#3930 = CARTESIAN_POINT ( 'NONE',  ( -5.015304598860760521, 6.155492771579991640, 4.450000000000000178 ) ) ;
#3931 = VERTEX_POINT ( 'NONE', #145 ) ;
#3932 =( NAMED_UNIT ( * ) PLANE_ANGLE_UNIT ( ) SI_UNIT ( $, .RADIAN. ) );
#3933 = PRESENTATION_LAYER_ASSIGNMENT (  '', '', ( #3749 ) ) ;
#3934 = MECHANICAL_DESIGN_GEOMETRIC_PRESENTATION_REPRESENTATION (  '', ( #1430 ), #3759 ) ;
#3935 = CARTESIAN_POINT ( 'NONE',  ( -0.3200000000000017275, -2.600000000000000089, -0.9500000000000025091 ) ) ;
#3936 = CARTESIAN_POINT ( 'NONE',  ( 2.219999999999996643, -2.600000000000000089, 1.589999999999997193 ) ) ;
#3937 = VECTOR ( 'NONE', #1214, 1000.000000000000000 ) ;
#3938 = PLANE ( 'NONE',  #4655 ) ;
#3939 = CARTESIAN_POINT ( 'NONE',  ( -0.1499999999999990785, 9.000000000000000000, -4.549999999999999822 ) ) ;
#3940 = VECTOR ( 'NONE', #6541, 1000.000000000000000 ) ;
#3941 = ADVANCED_FACE ( 'NONE', ( #4946 ), #2743, .T. ) ;
#3942 = DIRECTION ( 'NONE',  ( 0.0000000000000000000, -0.0000000000000000000, -1.000000000000000000 ) ) ;
#3943 = EDGE_CURVE ( 'NONE', #6177, #9053, #354, .T. ) ;
#3944 = CARTESIAN_POINT ( 'NONE',  ( 2.659999999999997478, 8.800000000000000711, 0.9499999999999972911 ) ) ;
#3945 = EDGE_CURVE ( 'NONE', #239, #7213, #4892, .T. ) ;
#3946 = DIRECTION ( 'NONE',  ( 0.0000000000000000000, 0.0000000000000000000, 1.000000000000000000 ) ) ;
#3947 = EDGE_LOOP ( 'NONE', ( #5583, #9914, #4522, #5281 ) ) ;
#3948 = UNCERTAINTY_MEASURE_WITH_UNIT (LENGTH_MEASURE( 1.000000000000000082E-05 ), #4370, 'distance_accuracy_value', 'NONE');
#3949 =( GEOMETRIC_REPRESENTATION_CONTEXT ( 3 ) GLOBAL_UNCERTAINTY_ASSIGNED_CONTEXT ( ( #1602 ) ) GLOBAL_UNIT_ASSIGNED_CONTEXT ( ( #4509, #1485, #10192 ) ) REPRESENTATION_CONTEXT ( 'NONE', 'WORKASPACE' ) );
#3950 = VECTOR ( 'NONE', #6045, 1000.000000000000000 ) ;
#3951 = SURFACE_STYLE_USAGE ( .BOTH. , #4614 ) ;
#3952 = DIRECTION ( 'NONE',  ( 0.0000000000000000000, -1.000000000000000000, 0.0000000000000000000 ) ) ;
#3953 = COLOUR_RGB ( '',0.9686274509803921573, 0.8784313725490195957, 0.5999999999999999778 ) ;
#3954 = ORIENTED_EDGE ( 'NONE', *, *, #20, .T. ) ;
#3955 = EDGE_CURVE ( 'NONE', #10257, #6261, #7271, .T. ) ;
#3956 = VERTEX_POINT ( 'NONE', #4175 ) ;
#3957 = CARTESIAN_POINT ( 'NONE',  ( -0.3200000000000017275, 1.299999999999999156, 0.0000000000000000000 ) ) ;
#3958 = DIRECTION ( 'NONE',  ( 1.000000000000000000, 0.0000000000000000000, -0.0000000000000000000 ) ) ;
#3959 = DIRECTION ( 'NONE',  ( 0.0000000000000000000, -1.000000000000000000, 0.0000000000000000000 ) ) ;
#3960 = LINE ( 'NONE', #5645, #8969 ) ;
#3961 = FILL_AREA_STYLE_COLOUR ( '', #3842 ) ;
#3962 = AXIS2_PLACEMENT_3D ( 'NONE', #4568, #9953, #9993 ) ;
#3963 = CIRCLE ( 'NONE', #7746, 0.5000000000000008882 ) ;
#3964 = VERTEX_POINT ( 'NONE', #5713 ) ;
#3965 = VERTEX_POINT ( 'NONE', #4219 ) ;
#3966 = VECTOR ( 'NONE', #151, 1000.000000000000000 ) ;
#3967 = LINE ( 'NONE', #9376, #5941 ) ;
#3968 = PLANE ( 'NONE',  #2897 ) ;
#3969 =( NAMED_UNIT ( * ) PLANE_ANGLE_UNIT ( ) SI_UNIT ( $, .RADIAN. ) );
#3970 = DIRECTION ( 'NONE',  ( 0.0000000000000000000, 0.0000000000000000000, 1.000000000000000000 ) ) ;
#3971 = PRESENTATION_STYLE_ASSIGNMENT (( #10177 ) ) ;
#3972 = STYLED_ITEM ( 'NONE', ( #7036 ), #3096 ) ;
#3973 = COLOUR_RGB ( '',0.9686274509803921573, 0.8784313725490195957, 0.5999999999999999778 ) ;
#3974 = PRESENTATION_LAYER_ASSIGNMENT (  '', '', ( #3132 ) ) ;
#3975 = ORIENTED_EDGE ( 'NONE', *, *, #3423, .F. ) ;
#3976 = ORIENTED_EDGE ( 'NONE', *, *, #8830, .T. ) ;
#3977 = CARTESIAN_POINT ( 'NONE',  ( 5.399999999999996803, 8.371098615898084461, 1.589999999999997415 ) ) ;
#3978 = ADVANCED_FACE ( 'NONE', ( #1772 ), #7328, .T. ) ;
#3979 = DIRECTION ( 'NONE',  ( -3.045232680045607297E-16, 0.4383711467890769042, 0.8987940462991672597 ) ) ;
#3980 = ORIENTED_EDGE ( 'NONE', *, *, #3552, .T. ) ;
#3981 = SURFACE_STYLE_USAGE ( .BOTH. , #7987 ) ;
#3982 = MECHANICAL_DESIGN_GEOMETRIC_PRESENTATION_REPRESENTATION (  '', ( #290 ), #7764 ) ;
#3983 = SURFACE_STYLE_USAGE ( .BOTH. , #2299 ) ;
#3984 = FACE_OUTER_BOUND ( 'NONE', #5547, .T. ) ;
#3985 = SURFACE_SIDE_STYLE ('',( #7187 ) ) ;
#3986 =( GEOMETRIC_REPRESENTATION_CONTEXT ( 3 ) GLOBAL_UNCERTAINTY_ASSIGNED_CONTEXT ( ( #2368 ) ) GLOBAL_UNIT_ASSIGNED_CONTEXT ( ( #1909, #1807, #1073 ) ) REPRESENTATION_CONTEXT ( 'NONE', 'WORKASPACE' ) );
#3987 = STYLED_ITEM ( 'NONE', ( #7022 ), #7533 ) ;
#3988 = EDGE_CURVE ( 'NONE', #9965, #4652, #2905, .T. ) ;
#3989 = PRODUCT ( '864A8BE7-8987-4D2F-84A1-CD1426669E15', '864A8BE7-8987-4D2F-84A1-CD1426669E15', '', ( #1286 ) ) ;
#3990 = PLANE ( 'NONE',  #4488 ) ;
#3991 = VECTOR ( 'NONE', #4873, 1000.000000000000000 ) ;
#3992 =( GEOMETRIC_REPRESENTATION_CONTEXT ( 3 ) GLOBAL_UNCERTAINTY_ASSIGNED_CONTEXT ( ( #5984 ) ) GLOBAL_UNIT_ASSIGNED_CONTEXT ( ( #6228, #4794, #42 ) ) REPRESENTATION_CONTEXT ( 'NONE', 'WORKASPACE' ) );
#3993 = SURFACE_STYLE_FILL_AREA ( #9453 ) ;
#3994 = ORIENTED_EDGE ( 'NONE', *, *, #5601, .F. ) ;
#3995 = ORIENTED_EDGE ( 'NONE', *, *, #4510, .F. ) ;
#3996 = ADVANCED_FACE ( 'NONE', ( #3746 ), #7518, .T. ) ;
#3997 = PLANE ( 'NONE',  #8506 ) ;
#3998 = VECTOR ( 'NONE', #9289, 1000.000000000000000 ) ;
#3999 = EDGE_CURVE ( 'NONE', #4060, #1190, #9200, .T. ) ;
#4000 = EDGE_CURVE ( 'NONE', #1269, #224, #6805, .T. ) ;
#4001 = PRESENTATION_LAYER_ASSIGNMENT (  '', '', ( #3495 ) ) ;
#4002 = MECHANICAL_DESIGN_GEOMETRIC_PRESENTATION_REPRESENTATION (  '', ( #4162 ), #2164 ) ;
#4003 = LINE ( 'NONE', #19, #4977 ) ;
#4004 = MECHANICAL_DESIGN_GEOMETRIC_PRESENTATION_REPRESENTATION (  '', ( #10275 ), #4663 ) ;
#4005 = ORIENTED_EDGE ( 'NONE', *, *, #7596, .F. ) ;
#4006 = ORIENTED_EDGE ( 'NONE', *, *, #9159, .F. ) ;
#4007 = CARTESIAN_POINT ( 'NONE',  ( 7.500000000000000000, -0.1000000000000000056, -3.200000000000000178 ) ) ;
#4008 = PLANE ( 'NONE',  #7562 ) ;
#4009 = DIRECTION ( 'NONE',  ( 0.0000000000000000000, 0.0000000000000000000, 1.000000000000000000 ) ) ;
#4010 = CARTESIAN_POINT ( 'NONE',  ( 8.150000000000002132, 9.000000000000000000, -4.450000000000000178 ) ) ;
#4011 = UNCERTAINTY_MEASURE_WITH_UNIT (LENGTH_MEASURE( 1.000000000000000082E-05 ), #562, 'distance_accuracy_value', 'NONE');
#4012 = PRESENTATION_LAYER_ASSIGNMENT (  '', '', ( #8269 ) ) ;
#4013 = DIRECTION ( 'NONE',  ( 0.0000000000000000000, 0.0000000000000000000, -1.000000000000000000 ) ) ;
#4014 = MECHANICAL_DESIGN_GEOMETRIC_PRESENTATION_REPRESENTATION (  '', ( #1177 ), #8426 ) ;
#4015 = EDGE_CURVE ( 'NONE', #1292, #2353, #9961, .T. ) ;
#4016 = DIRECTION ( 'NONE',  ( 0.3892816206350231401, 0.8348171294789894503, -0.3892816206350231956 ) ) ;
#4017 = PLANE ( 'NONE',  #9921 ) ;
#4018 = ORIENTED_EDGE ( 'NONE', *, *, #4327, .T. ) ;
#4019 = EDGE_LOOP ( 'NONE', ( #8632, #6411, #7976, #2828 ) ) ;
#4021 = ORIENTED_EDGE ( 'NONE', *, *, #358, .T. ) ;
#4020 =( NAMED_UNIT ( * ) PLANE_ANGLE_UNIT ( ) SI_UNIT ( $, .RADIAN. ) );
#4022 = CARTESIAN_POINT ( 'NONE',  ( -10.16000000000000192, 0.0000000000000000000, -4.549999999999999822 ) ) ;
#4023 = CIRCLE ( 'NONE', #339, 0.5000000000000008882 ) ;
#4024 = DIRECTION ( 'NONE',  ( -0.9063077870366511579, 0.4226182617406970543, 0.0000000000000000000 ) ) ;
#4025 = FILL_AREA_STYLE ('',( #8533 ) ) ;
#4026 =( LENGTH_UNIT ( ) NAMED_UNIT ( * ) SI_UNIT ( .MILLI., .METRE. ) );
#4027 = SURFACE_SIDE_STYLE ('',( #783 ) ) ;
#4028 = VECTOR ( 'NONE', #8150, 1000.000000000000114 ) ;
#4029 = PRESENTATION_LAYER_ASSIGNMENT (  '', '', ( #8444 ) ) ;
#4030 = PLANE ( 'NONE',  #654 ) ;
#4031 = ORIENTED_EDGE ( 'NONE', *, *, #865, .F. ) ;
#4032 = PRESENTATION_STYLE_ASSIGNMENT (( #7938 ) ) ;
#4033 = CARTESIAN_POINT ( 'NONE',  ( -2.860000000000001652, 8.800000000000000711, -0.9500000000000025091 ) ) ;
#4034 = ORIENTED_EDGE ( 'NONE', *, *, #2848, .F. ) ;
#4035 = SURFACE_SIDE_STYLE ('',( #9447 ) ) ;
#4036 = SURFACE_SIDE_STYLE ('',( #10238 ) ) ;
#4037 = PRESENTATION_LAYER_ASSIGNMENT (  '', '', ( #1202 ) ) ;
#4038 = SURFACE_STYLE_USAGE ( .BOTH. , #3037 ) ;
#4039 = CARTESIAN_POINT ( 'NONE',  ( -7.849999999999999645, 0.0000000000000000000, -4.549999999999998934 ) ) ;
#4040 = COLOUR_RGB ( '',0.9686274509803921573, 0.8784313725490195957, 0.5999999999999999778 ) ;
#4041 = LINE ( 'NONE', #3944, #5095 ) ;
#4042 = VERTEX_POINT ( 'NONE', #2802 ) ;
#4043 =( NAMED_UNIT ( * ) SI_UNIT ( $, .STERADIAN. ) SOLID_ANGLE_UNIT ( ) );
#4044 = UNCERTAINTY_MEASURE_WITH_UNIT (LENGTH_MEASURE( 1.000000000000000082E-05 ), #10265, 'distance_accuracy_value', 'NONE');
#4045 = CARTESIAN_POINT ( 'NONE',  ( -8.150000000000000355, 0.0000000000000000000, -4.549999999999999822 ) ) ;
#4046 = PRESENTATION_STYLE_ASSIGNMENT (( #3951 ) ) ;
#4047 = LINE ( 'NONE', #7197, #5455 ) ;
#4048 = EDGE_CURVE ( 'NONE', #7644, #9821, #5337, .T. ) ;
#4049 = LINE ( 'NONE', #7726, #9024 ) ;
#4050 = VERTEX_POINT ( 'NONE', #2860 ) ;
#4051 = EDGE_LOOP ( 'NONE', ( #4735, #9888, #2492, #870 ) ) ;
#4052 = ADVANCED_FACE ( 'NONE', ( #6106 ), #7625, .T. ) ;
#4053 = LINE ( 'NONE', #8059, #3923 ) ;
#4054 = SURFACE_SIDE_STYLE ('',( #2017 ) ) ;
#4055 = DIRECTION ( 'NONE',  ( -0.0000000000000000000, 1.000000000000000000, -0.0000000000000000000 ) ) ;
#4056 = DIRECTION ( 'NONE',  ( -0.9063077870366511579, 0.4226182617406970543, 0.0000000000000000000 ) ) ;
#4057 = ORIENTED_EDGE ( 'NONE', *, *, #2072, .F. ) ;
#4058 = ORIENTED_EDGE ( 'NONE', *, *, #5305, .T. ) ;
#4060 = VERTEX_POINT ( 'NONE', #1660 ) ;
#4059 = DIRECTION ( 'NONE',  ( -1.000000000000000000, 0.0000000000000000000, -0.0000000000000000000 ) ) ;
#4061 = ADVANCED_FACE ( 'NONE', ( #1459 ), #8576, .T. ) ;
#4062 = LINE ( 'NONE', #4022, #8218 ) ;
#4063 = EDGE_CURVE ( 'NONE', #7788, #2445, #5491, .T. ) ;
#4064 = COLOUR_RGB ( '',0.9686274509803921573, 0.8784313725490195957, 0.5999999999999999778 ) ;
#4065 = FACE_OUTER_BOUND ( 'NONE', #8913, .T. ) ;
#4066 = DIRECTION ( 'NONE',  ( 0.0000000000000000000, 0.0000000000000000000, 1.000000000000000000 ) ) ;
#4067 = SURFACE_STYLE_FILL_AREA ( #1521 ) ;
#4068 = CARTESIAN_POINT ( 'NONE',  ( -10.16000000000000192, 6.199999999999999289, -1.649999999999999689 ) ) ;
#4069 = MECHANICAL_DESIGN_GEOMETRIC_PRESENTATION_REPRESENTATION (  '', ( #389 ), #1732 ) ;
#4070 = STYLED_ITEM ( 'NONE', ( #6903 ), #390 ) ;
#4071 = ORIENTED_EDGE ( 'NONE', *, *, #3691, .F. ) ;
#4072 = ORIENTED_EDGE ( 'NONE', *, *, #2914, .T. ) ;
#4073 = FILL_AREA_STYLE_COLOUR ( '', #8848 ) ;
#4074 = MECHANICAL_DESIGN_GEOMETRIC_PRESENTATION_REPRESENTATION (  '', ( #9004 ), #2724 ) ;
#4075 = DIRECTION ( 'NONE',  ( 0.0000000000000000000, -1.000000000000000000, 0.0000000000000000000 ) ) ;
#4076 = EDGE_LOOP ( 'NONE', ( #5089, #3533, #3363, #7184 ) ) ;
#4077 = FILL_AREA_STYLE ('',( #1576 ) ) ;
#4078 = CARTESIAN_POINT ( 'NONE',  ( 0.1249069645736537448, -3.000000000000000000, 0.0000000000000000000 ) ) ;
#4079 = CARTESIAN_POINT ( 'NONE',  ( 2.219999999999997531, 1.299999999999999156, 0.0000000000000000000 ) ) ;
#4080 = MECHANICAL_DESIGN_GEOMETRIC_PRESENTATION_REPRESENTATION (  '', ( #5570 ), #1251 ) ;
#4081 = LINE ( 'NONE', #160, #9172 ) ;
#4082 = STYLED_ITEM ( 'NONE', ( #7460 ), #5763 ) ;
#4083 = LINE ( 'NONE', #2516, #4696 ) ;
#4084 = CARTESIAN_POINT ( 'NONE',  ( -7.500000000000000000, -0.1000000000000000056, 3.200000000000000178 ) ) ;
#4085 =( LENGTH_UNIT ( ) NAMED_UNIT ( * ) SI_UNIT ( .MILLI., .METRE. ) );
#4086 = DIRECTION ( 'NONE',  ( 0.0000000000000000000, -0.0000000000000000000, -1.000000000000000000 ) ) ;
#4087 = PRESENTATION_LAYER_ASSIGNMENT (  '', '', ( #2419 ) ) ;
#4088 = ORIENTED_EDGE ( 'NONE', *, *, #8509, .F. ) ;
#4089 = DIRECTION ( 'NONE',  ( -0.0000000000000000000, 1.000000000000000000, 0.0000000000000000000 ) ) ;
#4090 = CARTESIAN_POINT ( 'NONE',  ( -4.760000000000003340, 8.800000000000000711, 1.589999999999997415 ) ) ;
#4091 = DIRECTION ( 'NONE',  ( 0.0000000000000000000, -1.000000000000000000, 0.0000000000000000000 ) ) ;
#4092 = PRESENTATION_LAYER_ASSIGNMENT (  '', '', ( #4256 ) ) ;
#4093 = VECTOR ( 'NONE', #4325, 1000.000000000000000 ) ;
#4094 = LINE ( 'NONE', #4871, #1685 ) ;
#4095 = VECTOR ( 'NONE', #5866, 1000.000000000000000 ) ;
#4096 = CARTESIAN_POINT ( 'NONE',  ( 0.3199999999999982303, 8.800000000000000711, -1.590000000000002300 ) ) ;
#4097 = CARTESIAN_POINT ( 'NONE',  ( 5.399999999999998579, 8.800000000000000711, -1.590000000000002300 ) ) ;
#4098 = ORIENTED_EDGE ( 'NONE', *, *, #867, .F. ) ;
#4099 =( GEOMETRIC_REPRESENTATION_CONTEXT ( 3 ) GLOBAL_UNCERTAINTY_ASSIGNED_CONTEXT ( ( #8127 ) ) GLOBAL_UNIT_ASSIGNED_CONTEXT ( ( #6582, #1856, #8945 ) ) REPRESENTATION_CONTEXT ( 'NONE', 'WORKASPACE' ) );
#4100 = EDGE_CURVE ( 'NONE', #7851, #6696, #866, .T. ) ;
#4101 = EDGE_LOOP ( 'NONE', ( #5845, #3702, #5447, #7588, #2395, #6572, #9057, #841, #8819, #7884, #5961, #9839, #2533, #2503, #6848, #3654, #8163, #4635, #8525, #10121, #8984, #7238, #882, #1589 ) ) ;
#4102 = CARTESIAN_POINT ( 'NONE',  ( -7.500000000000000000, -0.1000000000000000056, -3.200000000000000178 ) ) ;
#4103 = PLANE ( 'NONE',  #1379 ) ;
#4104 = PRESENTATION_STYLE_ASSIGNMENT (( #7366 ) ) ;
#4105 = AXIS2_PLACEMENT_3D ( 'NONE', #3199, #5525, #4139 ) ;
#4106 = SURFACE_STYLE_FILL_AREA ( #7871 ) ;
#4107 = SURFACE_SIDE_STYLE ('',( #5544 ) ) ;
#4108 = VECTOR ( 'NONE', #1755, 1000.000000000000227 ) ;
#4109 = VERTEX_POINT ( 'NONE', #669 ) ;
#4111 = VERTEX_POINT ( 'NONE', #1604 ) ;
#4110 = CARTESIAN_POINT ( 'NONE',  ( 2.859999999999997655, 8.371098615898084461, -0.9500000000000022871 ) ) ;
#4112 = LINE ( 'NONE', #6644, #1786 ) ;
#4113 = LINE ( 'NONE', #7266, #3590 ) ;
#4114 = FILL_AREA_STYLE ('',( #9698 ) ) ;
#4115 = CARTESIAN_POINT ( 'NONE',  ( 0.3199999999999973976, 1.299999999999999156, 0.9499999999999972911 ) ) ;
#4116 = DIRECTION ( 'NONE',  ( -0.0000000000000000000, -0.0000000000000000000, 1.000000000000000000 ) ) ;
#4117 = DIRECTION ( 'NONE',  ( 0.0000000000000000000, 0.0000000000000000000, 1.000000000000000000 ) ) ;
#4118 = EDGE_CURVE ( 'NONE', #6479, #1557, #3853, .T. ) ;
#4119 = STYLED_ITEM ( 'NONE', ( #6394 ), #6641 ) ;
#4120 = VECTOR ( 'NONE', #7120, 1000.000000000000000 ) ;
#4121 = EDGE_CURVE ( 'NONE', #8646, #2575, #7867, .T. ) ;
#4122 = CARTESIAN_POINT ( 'NONE',  ( -2.220000000000001972, 1.299999999999999156, 0.0000000000000000000 ) ) ;
#4123 = ORIENTED_EDGE ( 'NONE', *, *, #4118, .T. ) ;
#4124 = PRESENTATION_STYLE_ASSIGNMENT (( #6602 ) ) ;
#4125 = CARTESIAN_POINT ( 'NONE',  ( 5.399999999999998579, 8.800000000000000711, -0.9500000000000022871 ) ) ;
#4126 = VERTEX_POINT ( 'NONE', #7014 ) ;
#4127 = VERTEX_POINT ( 'NONE', #3057 ) ;
#4128 = LINE ( 'NONE', #4225, #4940 ) ;
#4129 = FILL_AREA_STYLE_COLOUR ( '', #6535 ) ;
#4130 = LINE ( 'NONE', #156, #5533 ) ;
#4131 =( NAMED_UNIT ( * ) SI_UNIT ( $, .STERADIAN. ) SOLID_ANGLE_UNIT ( ) );
#4132 = VECTOR ( 'NONE', #1655, 1000.000000000000000 ) ;
#4133 = CARTESIAN_POINT ( 'NONE',  ( 8.860000000000001208, 1.299999999999999156, -3.199999999999999734 ) ) ;
#4134 = COLOUR_RGB ( '',0.9686274509803921573, 0.8784313725490195957, 0.5999999999999999778 ) ;
#4135 = FILL_AREA_STYLE ('',( #939 ) ) ;
#4136 = CARTESIAN_POINT ( 'NONE',  ( 5.399999999999998579, 8.800000000000000711, -0.9500000000000022871 ) ) ;
#4137 = PLANE ( 'NONE',  #7303 ) ;
#4138 = STYLED_ITEM ( 'NONE', ( #6393 ), #3220 ) ;
#4139 = DIRECTION ( 'NONE',  ( 0.0000000000000000000, 0.0000000000000000000, -1.000000000000000000 ) ) ;
#4140 = AXIS2_PLACEMENT_3D ( 'NONE', #10156, #4615, #3690 ) ;
#4141 = STYLED_ITEM ( 'NONE', ( #9803 ), #7223 ) ;
#4142 = ORIENTED_EDGE ( 'NONE', *, *, #849, .T. ) ;
#4143 = LINE ( 'NONE', #267, #3253 ) ;
#4144 = PRESENTATION_LAYER_ASSIGNMENT (  '', '', ( #6280 ) ) ;
#4145 = PRESENTATION_STYLE_ASSIGNMENT (( #5790 ) ) ;
#4146 = FACE_OUTER_BOUND ( 'NONE', #2202, .T. ) ;
#4147 = LINE ( 'NONE', #9787, #6310 ) ;
#4148 = SURFACE_SIDE_STYLE ('',( #952 ) ) ;
#4149 = VECTOR ( 'NONE', #2935, 1000.000000000000000 ) ;
#4150 = CARTESIAN_POINT ( 'NONE',  ( -5.200000000000001954, 8.800000000000000711, 1.589999999999997193 ) ) ;
#4151 = MECHANICAL_DESIGN_GEOMETRIC_PRESENTATION_REPRESENTATION (  '', ( #6285 ), #3658 ) ;
#4152 = ORIENTED_EDGE ( 'NONE', *, *, #9755, .F. ) ;
#4153 = ORIENTED_EDGE ( 'NONE', *, *, #925, .T. ) ;
#4154 = SURFACE_STYLE_USAGE ( .BOTH. , #1065 ) ;
#4155 = UNCERTAINTY_MEASURE_WITH_UNIT (LENGTH_MEASURE( 1.000000000000000082E-05 ), #8463, 'distance_accuracy_value', 'NONE');
#4156 =( GEOMETRIC_REPRESENTATION_CONTEXT ( 3 ) GLOBAL_UNCERTAINTY_ASSIGNED_CONTEXT ( ( #778 ) ) GLOBAL_UNIT_ASSIGNED_CONTEXT ( ( #1721, #987, #3439 ) ) REPRESENTATION_CONTEXT ( 'NONE', 'WORKASPACE' ) );
#4157 = CARTESIAN_POINT ( 'NONE',  ( -0.3200000000000017275, 8.371098615898084461, -1.590000000000002522 ) ) ;
#4158 = LINE ( 'NONE', #1704, #6373 ) ;
#4159 =( NAMED_UNIT ( * ) PLANE_ANGLE_UNIT ( ) SI_UNIT ( $, .RADIAN. ) );
#4160 = FILL_AREA_STYLE ('',( #1524 ) ) ;
#4161 = PRESENTATION_LAYER_ASSIGNMENT (  '', '', ( #5628 ) ) ;
#4162 = STYLED_ITEM ( 'NONE', ( #6032 ), #3747 ) ;
#4163 = EDGE_CURVE ( 'NONE', #2494, #4050, #7059, .T. ) ;
#4164 = VECTOR ( 'NONE', #2459, 1000.000000000000000 ) ;
#4165 = ORIENTED_EDGE ( 'NONE', *, *, #6707, .F. ) ;
#4166 = EDGE_LOOP ( 'NONE', ( #3889, #1049, #1064, #8318 ) ) ;
#4168 = ORIENTED_EDGE ( 'NONE', *, *, #1709, .T. ) ;
#4167 = DIRECTION ( 'NONE',  ( -0.3892816206350223074, 0.8348171294789896724, -0.3892816206350234731 ) ) ;
#4169 = CARTESIAN_POINT ( 'NONE',  ( 0.3199999999999982303, 8.800000000000000711, -0.9500000000000022871 ) ) ;
#4170 =( GEOMETRIC_REPRESENTATION_CONTEXT ( 3 ) GLOBAL_UNCERTAINTY_ASSIGNED_CONTEXT ( ( #9823 ) ) GLOBAL_UNIT_ASSIGNED_CONTEXT ( ( #1867, #5004, #2128 ) ) REPRESENTATION_CONTEXT ( 'NONE', 'WORKASPACE' ) );
#4171 = SURFACE_SIDE_STYLE ('',( #5658 ) ) ;
#4172 =( NAMED_UNIT ( * ) PLANE_ANGLE_UNIT ( ) SI_UNIT ( $, .RADIAN. ) );
#4173 = COLOUR_RGB ( '',0.9686274509803921573, 0.8784313725490195957, 0.5999999999999999778 ) ;
#4174 = PRESENTATION_STYLE_ASSIGNMENT (( #8076 ) ) ;
#4175 = CARTESIAN_POINT ( 'NONE',  ( 4.959999999999997300, 8.800000000000000711, 1.389999999999996572 ) ) ;
#4176 = DIRECTION ( 'NONE',  ( -0.0000000000000000000, -1.000000000000000000, -0.0000000000000000000 ) ) ;
#4177 = MECHANICAL_DESIGN_GEOMETRIC_PRESENTATION_REPRESENTATION (  '', ( #8606 ), #9960 ) ;
#4178 = ORIENTED_EDGE ( 'NONE', *, *, #10131, .F. ) ;
#4179 = EDGE_CURVE ( 'NONE', #239, #4394, #9310, .T. ) ;
#4180 = CARTESIAN_POINT ( 'NONE',  ( -5.400000000000003020, 8.800000000000000711, 1.589999999999997193 ) ) ;
#4181 = EDGE_LOOP ( 'NONE', ( #6371, #2752, #2118, #8895 ) ) ;
#4182 = ORIENTED_EDGE ( 'NONE', *, *, #7723, .T. ) ;
#4183 = CARTESIAN_POINT ( 'NONE',  ( -2.316985715305110105, 8.579085153560457755, 1.046985715305104758 ) ) ;
#4184 = CARTESIAN_POINT ( 'NONE',  ( 5.399999999999998579, 0.0000000000000000000, 0.0000000000000000000 ) ) ;
#4185 = EDGE_CURVE ( 'NONE', #5626, #6783, #7921, .T. ) ;
#4186 = SURFACE_STYLE_FILL_AREA ( #996 ) ;
#4187 = AXIS2_PLACEMENT_3D ( 'NONE', #7190, #3038, #8712 ) ;
#4188 = VECTOR ( 'NONE', #8477, 1000.000000000000000 ) ;
#4189 = DIRECTION ( 'NONE',  ( -0.0000000000000000000, 1.000000000000000000, -0.0000000000000000000 ) ) ;
#4190 = DIRECTION ( 'NONE',  ( 1.000000000000000000, 0.0000000000000000000, 3.388131789017201849E-16 ) ) ;
#4191 =( LENGTH_UNIT ( ) NAMED_UNIT ( * ) SI_UNIT ( .MILLI., .METRE. ) );
#4192 = CIRCLE ( 'NONE', #348, 0.5000000000000008882 ) ;
#4193 = SURFACE_STYLE_FILL_AREA ( #6712 ) ;
#4194 = PLANE ( 'NONE',  #4466 ) ;
#4195 = ADVANCED_FACE ( 'NONE', ( #9419 ), #9365, .F. ) ;
#4196 = EDGE_CURVE ( 'NONE', #6132, #10007, #3421, .T. ) ;
#4197 = DIRECTION ( 'NONE',  ( 1.000000000000000000, 0.0000000000000000000, 3.388131789017201849E-16 ) ) ;
#4198 = CARTESIAN_POINT ( 'NONE',  ( 5.179942183009289991, -3.461009071065142439, -1.170057816990710986 ) ) ;
#4199 = VECTOR ( 'NONE', #1461, 1000.000000000000000 ) ;
#4200 = PRESENTATION_LAYER_ASSIGNMENT (  '', '', ( #4697 ) ) ;
#4201 = PRESENTATION_STYLE_ASSIGNMENT (( #1010 ) ) ;
#4202 = ORIENTED_EDGE ( 'NONE', *, *, #5319, .T. ) ;
#4203 = ORIENTED_EDGE ( 'NONE', *, *, #9417, .T. ) ;
#4204 = STYLED_ITEM ( 'NONE', ( #3742 ), #10062 ) ;
#4205 =( NAMED_UNIT ( * ) PLANE_ANGLE_UNIT ( ) SI_UNIT ( $, .RADIAN. ) );
#4206 = DIRECTION ( 'NONE',  ( 0.0000000000000000000, -1.000000000000000000, 0.0000000000000000000 ) ) ;
#4207 = CARTESIAN_POINT ( 'NONE',  ( 2.859999999999997655, 1.299999999999999156, -0.9500000000000022871 ) ) ;
#4208 = CARTESIAN_POINT ( 'NONE',  ( 2.953333333333335808, 2.493333333333336288, -2.706666666666666110 ) ) ;
#4209 = CARTESIAN_POINT ( 'NONE',  ( 7.500000000000000000, -0.1000000000000000056, 3.200000000000000178 ) ) ;
#4210 = VERTEX_POINT ( 'NONE', #6474 ) ;
#4211 = CARTESIAN_POINT ( 'NONE',  ( -2.860000000000001652, -2.600000000000000089, -0.9500000000000025091 ) ) ;
#4212 = ORIENTED_EDGE ( 'NONE', *, *, #8369, .F. ) ;
#4213 = ORIENTED_EDGE ( 'NONE', *, *, #3035, .F. ) ;
#4214 = DIRECTION ( 'NONE',  ( 0.0000000000000000000, -1.000000000000000000, 0.0000000000000000000 ) ) ;
#4215 = DIRECTION ( 'NONE',  ( 0.0000000000000000000, -1.000000000000000000, 0.0000000000000000000 ) ) ;
#4216 =( LENGTH_UNIT ( ) NAMED_UNIT ( * ) SI_UNIT ( .MILLI., .METRE. ) );
#4217 = EDGE_CURVE ( 'NONE', #683, #5282, #9682, .T. ) ;
#4218 = PLANE ( 'NONE',  #4594 ) ;
#4219 = CARTESIAN_POINT ( 'NONE',  ( 10.15999999999999837, 0.0000000000000000000, 1.749999999999999112 ) ) ;
#4220 = ORIENTED_EDGE ( 'NONE', *, *, #5350, .T. ) ;
#4221 = DIRECTION ( 'NONE',  ( 1.000000000000000000, 0.0000000000000000000, 3.388131789017201849E-16 ) ) ;
#4222 = FACE_OUTER_BOUND ( 'NONE', #9780, .T. ) ;
#4223 = ORIENTED_EDGE ( 'NONE', *, *, #1115, .T. ) ;
#4224 = ORIENTED_EDGE ( 'NONE', *, *, #1730, .F. ) ;
#4225 = CARTESIAN_POINT ( 'NONE',  ( -0.1200000000000020495, 8.800000000000000711, 1.589999999999997193 ) ) ;
#4226 = UNCERTAINTY_MEASURE_WITH_UNIT (LENGTH_MEASURE( 1.000000000000000082E-05 ), #6819, 'distance_accuracy_value', 'NONE');
#4227 = DIRECTION ( 'NONE',  ( 0.0000000000000000000, 0.0000000000000000000, -1.000000000000000000 ) ) ;
#4228 = DIRECTION ( 'NONE',  ( -3.045232680045607297E-16, 0.4383711467890770153, 0.8987940462991672597 ) ) ;
#4229 = EDGE_CURVE ( 'NONE', #1778, #6951, #128, .T. ) ;
#4230 = LINE ( 'NONE', #4184, #5442 ) ;
#4231 = LINE ( 'NONE', #8970, #589 ) ;
#4232 = FILL_AREA_STYLE_COLOUR ( '', #5107 ) ;
#4233 =( GEOMETRIC_REPRESENTATION_CONTEXT ( 3 ) GLOBAL_UNCERTAINTY_ASSIGNED_CONTEXT ( ( #3491 ) ) GLOBAL_UNIT_ASSIGNED_CONTEXT ( ( #1626, #10186, #7988 ) ) REPRESENTATION_CONTEXT ( 'NONE', 'WORKASPACE' ) );
#4234 = CARTESIAN_POINT ( 'NONE',  ( -0.3200000000000017275, 8.371098615898084461, -0.9500000000000025091 ) ) ;
#4235 = COLOUR_RGB ( '',0.9686274509803921573, 0.8784313725490195957, 0.5999999999999999778 ) ;
#4236 = CARTESIAN_POINT ( 'NONE',  ( -5.015304598860760521, 6.155492771579991640, 4.450000000000000178 ) ) ;
#4237 = FACE_OUTER_BOUND ( 'NONE', #6168, .T. ) ;
#4238 = ORIENTED_EDGE ( 'NONE', *, *, #6163, .F. ) ;
#4239 = CARTESIAN_POINT ( 'NONE',  ( 2.859999999999996767, 8.371098615898088013, 1.589999999999997415 ) ) ;
#4240 = CARTESIAN_POINT ( 'NONE',  ( -5.400000000000002132, -2.599999999999996536, -0.9500000000000025091 ) ) ;
#4241 = CARTESIAN_POINT ( 'NONE',  ( -4.015304598860760521, 7.922709448335786497, 4.450000000000000178 ) ) ;
#4242 = EDGE_CURVE ( 'NONE', #3443, #6166, #5841, .T. ) ;
#4243 = SURFACE_STYLE_USAGE ( .BOTH. , #5070 ) ;
#4244 =( GEOMETRIC_REPRESENTATION_CONTEXT ( 3 ) GLOBAL_UNCERTAINTY_ASSIGNED_CONTEXT ( ( #9811 ) ) GLOBAL_UNIT_ASSIGNED_CONTEXT ( ( #10098, #1642, #4667 ) ) REPRESENTATION_CONTEXT ( 'NONE', 'WORKASPACE' ) );
#4245 =( GEOMETRIC_REPRESENTATION_CONTEXT ( 3 ) GLOBAL_UNCERTAINTY_ASSIGNED_CONTEXT ( ( #450 ) ) GLOBAL_UNIT_ASSIGNED_CONTEXT ( ( #8110, #3471, #958 ) ) REPRESENTATION_CONTEXT ( 'NONE', 'WORKASPACE' ) );
#4246 = ADVANCED_FACE ( 'NONE', ( #1707 ), #183, .F. ) ;
#4247 = DIRECTION ( 'NONE',  ( 1.000000000000000000, 0.0000000000000000000, 3.388131789017201849E-16 ) ) ;
#4248 = EDGE_CURVE ( 'NONE', #1403, #4275, #5891, .T. ) ;
#4249 = VECTOR ( 'NONE', #6996, 1000.000000000000000 ) ;
#4250 = PRESENTATION_LAYER_ASSIGNMENT (  '', '', ( #3925 ) ) ;
#4251 = FACE_OUTER_BOUND ( 'NONE', #2219, .T. ) ;
#4252 = ORIENTED_EDGE ( 'NONE', *, *, #7129, .F. ) ;
#4253 = VERTEX_POINT ( 'NONE', #6034 ) ;
#4254 = FACE_OUTER_BOUND ( 'NONE', #8162, .T. ) ;
#4255 = UNCERTAINTY_MEASURE_WITH_UNIT (LENGTH_MEASURE( 1.000000000000000082E-05 ), #2062, 'distance_accuracy_value', 'NONE');
#4256 = STYLED_ITEM ( 'NONE', ( #4124 ), #1653 ) ;
#4257 = CARTESIAN_POINT ( 'NONE',  ( -2.860000000000001652, 8.800000000000000711, -1.590000000000002522 ) ) ;
#4258 = DIRECTION ( 'NONE',  ( 0.0000000000000000000, -1.000000000000000000, 0.0000000000000000000 ) ) ;
#4259 = CARTESIAN_POINT ( 'NONE',  ( 5.080000000000000071, 8.800000000000000711, 0.0000000000000000000 ) ) ;
#4260 = AXIS2_PLACEMENT_3D ( 'NONE', #6491, #3442, #2549 ) ;
#4261 = MECHANICAL_DESIGN_GEOMETRIC_PRESENTATION_REPRESENTATION (  '', ( #3764 ), #1760 ) ;
#4262 = ORIENTED_EDGE ( 'NONE', *, *, #7209, .T. ) ;
#4263 = ORIENTED_EDGE ( 'NONE', *, *, #6706, .F. ) ;
#4264 = CARTESIAN_POINT ( 'NONE',  ( -2.860000000000002540, 8.800000000000000711, 1.589999999999997193 ) ) ;
#4265 = SURFACE_STYLE_USAGE ( .BOTH. , #8270 ) ;
#4266 = LINE ( 'NONE', #977, #8492 ) ;
#4267 = FILL_AREA_STYLE_COLOUR ( '', #4974 ) ;
#4268 =( GEOMETRIC_REPRESENTATION_CONTEXT ( 3 ) GLOBAL_UNCERTAINTY_ASSIGNED_CONTEXT ( ( #2331 ) ) GLOBAL_UNIT_ASSIGNED_CONTEXT ( ( #1013, #8195, #1118 ) ) REPRESENTATION_CONTEXT ( 'NONE', 'WORKASPACE' ) );
#4269 =( NAMED_UNIT ( * ) SI_UNIT ( $, .STERADIAN. ) SOLID_ANGLE_UNIT ( ) );
#4270 = COLOUR_RGB ( '',0.9686274509803921573, 0.8784313725490195957, 0.5999999999999999778 ) ;
#4271 = CARTESIAN_POINT ( 'NONE',  ( 0.0000000000000000000, 0.0000000000000000000, -3.200000000000000178 ) ) ;
#4272 = EDGE_LOOP ( 'NONE', ( #6434, #5592, #2382, #5595 ) ) ;
#4273 = CARTESIAN_POINT ( 'NONE',  ( -5.200000000000001066, 8.800000000000000711, -0.9500000000000025091 ) ) ;
#4274 = CARTESIAN_POINT ( 'NONE',  ( 2.219999999999997531, -2.599999999999996536, -0.9500000000000025091 ) ) ;
#4275 = VERTEX_POINT ( 'NONE', #9038 ) ;
#4276 = ORIENTED_EDGE ( 'NONE', *, *, #358, .F. ) ;
#4277 =( GEOMETRIC_REPRESENTATION_CONTEXT ( 3 ) GLOBAL_UNCERTAINTY_ASSIGNED_CONTEXT ( ( #1849 ) ) GLOBAL_UNIT_ASSIGNED_CONTEXT ( ( #9658, #6550, #7490 ) ) REPRESENTATION_CONTEXT ( 'NONE', 'WORKASPACE' ) );
#4278 = CARTESIAN_POINT ( 'NONE',  ( 2.859999999999997655, 8.371098615898084461, -1.590000000000002300 ) ) ;
#4279 = DIRECTION ( 'NONE',  ( 0.8703225747740117590, -0.4924820969728085363, 0.0000000000000000000 ) ) ;
#4280 =( LENGTH_UNIT ( ) NAMED_UNIT ( * ) SI_UNIT ( .MILLI., .METRE. ) );
#4281 = PLANE ( 'NONE',  #8872 ) ;
#4282 = CARTESIAN_POINT ( 'NONE',  ( -2.860000000000001652, 8.800000000000000711, -0.9500000000000025091 ) ) ;
#4283 = EDGE_CURVE ( 'NONE', #2923, #564, #4517, .T. ) ;
#4284 = DIRECTION ( 'NONE',  ( -1.522616340022803402E-16, 0.4383711467890773483, 0.8987940462991671486 ) ) ;
#4285 = STYLED_ITEM ( 'NONE', ( #550 ), #2777 ) ;
#4286 = EDGE_LOOP ( 'NONE', ( #6383, #3153, #5160, #5167 ) ) ;
#4287 = DIRECTION ( 'NONE',  ( 1.535345111946354770E-16, 0.4226182617406971098, -0.9063077870366510469 ) ) ;
#4288 =( NAMED_UNIT ( * ) PLANE_ANGLE_UNIT ( ) SI_UNIT ( $, .RADIAN. ) );
#4289 =( GEOMETRIC_REPRESENTATION_CONTEXT ( 3 ) GLOBAL_UNCERTAINTY_ASSIGNED_CONTEXT ( ( #1752 ) ) GLOBAL_UNIT_ASSIGNED_CONTEXT ( ( #9926, #473, #2295 ) ) REPRESENTATION_CONTEXT ( 'NONE', 'WORKASPACE' ) );
#4290 = CARTESIAN_POINT ( 'NONE',  ( 6.123233995736772199E-17, 0.0000000000000000000, -3.700000000000001066 ) ) ;
#4291 = DIRECTION ( 'NONE',  ( -0.4014883995042276554, 0.8231732078530418217, 0.4014883995042277665 ) ) ;
#4292 =( NAMED_UNIT ( * ) PLANE_ANGLE_UNIT ( ) SI_UNIT ( $, .RADIAN. ) );
#4293 = CARTESIAN_POINT ( 'NONE',  ( 10.16000000000000014, -3.000000000000000000, -1.394906964573654484 ) ) ;
#4294 = STYLED_ITEM ( 'NONE', ( #6014 ), #7957 ) ;
#4295 = AXIS2_PLACEMENT_3D ( 'NONE', #7212, #5653, #8793 ) ;
#4296 = ORIENTED_EDGE ( 'NONE', *, *, #6437, .T. ) ;
#4297 = EDGE_CURVE ( 'NONE', #7851, #903, #6886, .T. ) ;
#4298 = ORIENTED_EDGE ( 'NONE', *, *, #9814, .F. ) ;
#4299 = DIRECTION ( 'NONE',  ( -1.000000000000000000, 0.0000000000000000000, -0.0000000000000000000 ) ) ;
#4300 = VECTOR ( 'NONE', #8653, 1000.000000000000000 ) ;
#4301 = LINE ( 'NONE', #4157, #2730 ) ;
#4302 = DIRECTION ( 'NONE',  ( 0.0000000000000000000, -1.000000000000000000, 1.049227908856939906E-16 ) ) ;
#4303 = SURFACE_STYLE_USAGE ( .BOTH. , #1902 ) ;
#4304 =( LENGTH_UNIT ( ) NAMED_UNIT ( * ) SI_UNIT ( .MILLI., .METRE. ) );
#4305 = EDGE_CURVE ( 'NONE', #8131, #8983, #6733, .T. ) ;
#4306 =( GEOMETRIC_REPRESENTATION_CONTEXT ( 3 ) GLOBAL_UNCERTAINTY_ASSIGNED_CONTEXT ( ( #4044 ) ) GLOBAL_UNIT_ASSIGNED_CONTEXT ( ( #10265, #8685, #7923 ) ) REPRESENTATION_CONTEXT ( 'NONE', 'WORKASPACE' ) );
#4307 = DIRECTION ( 'NONE',  ( 0.0000000000000000000, -1.000000000000000000, 0.0000000000000000000 ) ) ;
#4308 =( LENGTH_UNIT ( ) NAMED_UNIT ( * ) SI_UNIT ( .MILLI., .METRE. ) );
#4309 = EDGE_CURVE ( 'NONE', #10021, #7972, #5987, .T. ) ;
#4310 =( GEOMETRIC_REPRESENTATION_CONTEXT ( 3 ) GLOBAL_UNCERTAINTY_ASSIGNED_CONTEXT ( ( #4738 ) ) GLOBAL_UNIT_ASSIGNED_CONTEXT ( ( #5068, #4288, #7300 ) ) REPRESENTATION_CONTEXT ( 'NONE', 'WORKASPACE' ) );
#4311 = LINE ( 'NONE', #8832, #671 ) ;
#4312 = VECTOR ( 'NONE', #3730, 1000.000000000000000 ) ;
#4313 = STYLED_ITEM ( 'NONE', ( #7024 ), #3403 ) ;
#4314 = DIRECTION ( 'NONE',  ( 1.000000000000000000, 0.0000000000000000000, 3.388131789017201849E-16 ) ) ;
#4315 = VECTOR ( 'NONE', #3952, 1000.000000000000000 ) ;
#4316 = PRESENTATION_LAYER_ASSIGNMENT (  '', '', ( #7127 ) ) ;
#4317 = ORIENTED_EDGE ( 'NONE', *, *, #1822, .T. ) ;
#4318 = ORIENTED_EDGE ( 'NONE', *, *, #606, .F. ) ;
#4319 = DIRECTION ( 'NONE',  ( 0.0000000000000000000, 0.0000000000000000000, -1.000000000000000000 ) ) ;
#4320 =( NAMED_UNIT ( * ) PLANE_ANGLE_UNIT ( ) SI_UNIT ( $, .RADIAN. ) );
#4321 = SURFACE_STYLE_USAGE ( .BOTH. , #9697 ) ;
#4322 =( NAMED_UNIT ( * ) PLANE_ANGLE_UNIT ( ) SI_UNIT ( $, .RADIAN. ) );
#4323 = VECTOR ( 'NONE', #3120, 1000.000000000000000 ) ;
#4324 = EDGE_CURVE ( 'NONE', #5502, #7248, #2171, .T. ) ;
#4325 = DIRECTION ( 'NONE',  ( -0.4014883995042277665, 0.8231732078530418217, 0.4014883995042278220 ) ) ;
#4326 = CARTESIAN_POINT ( 'NONE',  ( -2.664906964573656278, -3.000000000000000000, 1.394906964573650932 ) ) ;
#4327 = EDGE_CURVE ( 'NONE', #6339, #6325, #1394, .T. ) ;
#4328 = STYLED_ITEM ( 'NONE', ( #5415 ), #8559 ) ;
#4329 = MECHANICAL_DESIGN_GEOMETRIC_PRESENTATION_REPRESENTATION (  '', ( #1507 ), #4824 ) ;
#4330 = ORIENTED_EDGE ( 'NONE', *, *, #3165, .F. ) ;
#4331 = LINE ( 'NONE', #4953, #3252 ) ;
#4332 =( NAMED_UNIT ( * ) SI_UNIT ( $, .STERADIAN. ) SOLID_ANGLE_UNIT ( ) );
#4333 = ORIENTED_EDGE ( 'NONE', *, *, #9204, .T. ) ;
#4335 = ORIENTED_EDGE ( 'NONE', *, *, #7502, .F. ) ;
#4334 =( NAMED_UNIT ( * ) SI_UNIT ( $, .STERADIAN. ) SOLID_ANGLE_UNIT ( ) );
#4336 = LINE ( 'NONE', #5055, #5907 ) ;
#4337 = UNCERTAINTY_MEASURE_WITH_UNIT (LENGTH_MEASURE( 1.000000000000000082E-05 ), #2346, 'distance_accuracy_value', 'NONE');
#4338 = SURFACE_SIDE_STYLE ('',( #6547 ) ) ;
#4339 = SURFACE_STYLE_USAGE ( .BOTH. , #994 ) ;
#4340 = LINE ( 'NONE', #5153, #8510 ) ;
#4341 = DIRECTION ( 'NONE',  ( 1.000000000000000000, 0.0000000000000000000, 3.388131789017201849E-16 ) ) ;
#4342 = AXIS2_PLACEMENT_3D ( 'NONE', #2059, #2112, #5276 ) ;
#4343 = FILL_AREA_STYLE ('',( #3670 ) ) ;
#4344 = DIRECTION ( 'NONE',  ( -0.0000000000000000000, 1.000000000000000000, -0.0000000000000000000 ) ) ;
#4345 = EDGE_CURVE ( 'NONE', #7788, #8852, #4562, .T. ) ;
#4346 = CARTESIAN_POINT ( 'NONE',  ( -2.415093035426349122, -3.000000000000000000, 1.145093035426343553 ) ) ;
#4347 = PRESENTATION_LAYER_ASSIGNMENT (  '', '', ( #6488 ) ) ;
#4348 = LINE ( 'NONE', #8246, #10259 ) ;
#4349 = VECTOR ( 'NONE', #2001, 1000.000000000000114 ) ;
#4350 = DIRECTION ( 'NONE',  ( 0.0000000000000000000, -1.000000000000000000, 0.0000000000000000000 ) ) ;
#4351 = CARTESIAN_POINT ( 'NONE',  ( -2.763014284694895739, 8.579085153560457755, 1.046985715305104536 ) ) ;
#4352 = ORIENTED_EDGE ( 'NONE', *, *, #3015, .T. ) ;
#4353 = UNCERTAINTY_MEASURE_WITH_UNIT (LENGTH_MEASURE( 1.000000000000000082E-05 ), #5173, 'distance_accuracy_value', 'NONE');
#4354 = PRESENTATION_STYLE_ASSIGNMENT (( #8257 ) ) ;
#4355 = VECTOR ( 'NONE', #2834, 1000.000000000000000 ) ;
#4356 = SURFACE_STYLE_USAGE ( .BOTH. , #1185 ) ;
#4357 = DIRECTION ( 'NONE',  ( 1.000000000000000000, -0.0000000000000000000, 3.388131789017201849E-16 ) ) ;
#4358 = ADVANCED_FACE ( 'NONE', ( #5940 ), #9894, .F. ) ;
#4359 = PRESENTATION_STYLE_ASSIGNMENT (( #5495 ) ) ;
#4360 = STYLED_ITEM ( 'NONE', ( #5587 ), #10141 ) ;
#4361 = VERTEX_POINT ( 'NONE', #653 ) ;
#4362 = ORIENTED_EDGE ( 'NONE', *, *, #453, .F. ) ;
#4363 = LINE ( 'NONE', #9252, #1735 ) ;
#4364 = LINE ( 'NONE', #4527, #7857 ) ;
#4365 = FILL_AREA_STYLE ('',( #5230 ) ) ;
#4366 = LINE ( 'NONE', #6537, #252 ) ;
#4367 =( GEOMETRIC_REPRESENTATION_CONTEXT ( 3 ) GLOBAL_UNCERTAINTY_ASSIGNED_CONTEXT ( ( #1640 ) ) GLOBAL_UNIT_ASSIGNED_CONTEXT ( ( #9797, #5839, #6787 ) ) REPRESENTATION_CONTEXT ( 'NONE', 'WORKASPACE' ) );
#4368 = CARTESIAN_POINT ( 'NONE',  ( 2.859999999999996767, 8.371098615898088013, 0.9499999999999972911 ) ) ;
#4369 = ADVANCED_FACE ( 'NONE', ( #2371 ), #6999, .T. ) ;
#4370 =( LENGTH_UNIT ( ) NAMED_UNIT ( * ) SI_UNIT ( .MILLI., .METRE. ) );
#4371 = ORIENTED_EDGE ( 'NONE', *, *, #7129, .T. ) ;
#4372 = EDGE_CURVE ( 'NONE', #604, #8423, #10153, .T. ) ;
#4373 = SURFACE_SIDE_STYLE ('',( #7577 ) ) ;
#4374 = LINE ( 'NONE', #406, #8898 ) ;
#4375 = ORIENTED_EDGE ( 'NONE', *, *, #4217, .T. ) ;
#4377 = EDGE_LOOP ( 'NONE', ( #1363, #3751, #3272, #8715 ) ) ;
#4376 = CARTESIAN_POINT ( 'NONE',  ( -2.415093035426349122, -3.000000000000000000, 0.0000000000000000000 ) ) ;
#4378 = PLANE ( 'NONE',  #2615 ) ;
#4379 = CARTESIAN_POINT ( 'NONE',  ( -4.955093035426349601, -3.000000000000000000, 1.394906964573651154 ) ) ;
#4380 = LINE ( 'NONE', #6549, #8183 ) ;
#4381 = CARTESIAN_POINT ( 'NONE',  ( 8.859999999999999432, 6.199999999999999289, -1.649999999999999911 ) ) ;
#4382 =( NAMED_UNIT ( * ) SI_UNIT ( $, .STERADIAN. ) SOLID_ANGLE_UNIT ( ) );
#4383 = CARTESIAN_POINT ( 'NONE',  ( 2.219999999999996643, 8.800000000000000711, 1.589999999999997193 ) ) ;
#4384 = SURFACE_STYLE_USAGE ( .BOTH. , #263 ) ;
#4385 =( NAMED_UNIT ( * ) PLANE_ANGLE_UNIT ( ) SI_UNIT ( $, .RADIAN. ) );
#4386 = PRESENTATION_LAYER_ASSIGNMENT (  '', '', ( #4894 ) ) ;
#4387 = DIRECTION ( 'NONE',  ( 1.000000000000000000, 0.0000000000000000000, 0.0000000000000000000 ) ) ;
#4388 = LINE ( 'NONE', #8495, #3852 ) ;
#4389 = FILL_AREA_STYLE ('',( #6026 ) ) ;
#4390 = CARTESIAN_POINT ( 'NONE',  ( -2.860000000000002540, 8.800000000000000711, 0.9499999999999971800 ) ) ;
#4391 = VERTEX_POINT ( 'NONE', #2316 ) ;
#4392 = COLOUR_RGB ( '',0.9686274509803921573, 0.8784313725490195957, 0.5999999999999999778 ) ;
#4393 = FILL_AREA_STYLE ('',( #10269 ) ) ;
#4394 = VERTEX_POINT ( 'NONE', #6199 ) ;
#4395 = FACE_OUTER_BOUND ( 'NONE', #4019, .T. ) ;
#4396 = LINE ( 'NONE', #6680, #1216 ) ;
#4397 = CARTESIAN_POINT ( 'NONE',  ( -2.440057816990711892, -3.461009071065143328, -1.170057816990712984 ) ) ;
#4398 = MECHANICAL_DESIGN_GEOMETRIC_PRESENTATION_REPRESENTATION (  '', ( #1773 ), #2757 ) ;
#4399 = AXIS2_PLACEMENT_3D ( 'NONE', #3628, #4454, #6786 ) ;
#4400 = PLANE ( 'NONE',  #2473 ) ;
#4401 = EDGE_CURVE ( 'NONE', #3336, #4361, #2267, .T. ) ;
#4402 = FILL_AREA_STYLE_COLOUR ( '', #789 ) ;
#4403 = VECTOR ( 'NONE', #9666, 999.9999999999998863 ) ;
#4404 = ORIENTED_EDGE ( 'NONE', *, *, #5980, .F. ) ;
#4405 = PRESENTATION_LAYER_ASSIGNMENT (  '', '', ( #1754 ) ) ;
#4406 = LINE ( 'NONE', #2734, #1308 ) ;
#4407 = ORIENTED_EDGE ( 'NONE', *, *, #3232, .F. ) ;
#4408 = VERTEX_POINT ( 'NONE', #4668 ) ;
#4409 = PRESENTATION_LAYER_ASSIGNMENT (  '', '', ( #8850 ) ) ;
#4410 = FILL_AREA_STYLE ('',( #8211 ) ) ;
#4411 = CARTESIAN_POINT ( 'NONE',  ( -8.859999999999997655, 1.299999999999999156, -3.199999999999999734 ) ) ;
#4412 = CARTESIAN_POINT ( 'NONE',  ( -2.660000000000002363, 8.800000000000000711, 1.389999999999996572 ) ) ;
#4413 = UNCERTAINTY_MEASURE_WITH_UNIT (LENGTH_MEASURE( 1.000000000000000082E-05 ), #5269, 'distance_accuracy_value', 'NONE');
#4414 = DIRECTION ( 'NONE',  ( 0.0000000000000000000, -0.0000000000000000000, -1.000000000000000000 ) ) ;
#4415 =( NAMED_UNIT ( * ) PLANE_ANGLE_UNIT ( ) SI_UNIT ( $, .RADIAN. ) );
#4416 =( GEOMETRIC_REPRESENTATION_CONTEXT ( 3 ) GLOBAL_UNCERTAINTY_ASSIGNED_CONTEXT ( ( #3383 ) ) GLOBAL_UNIT_ASSIGNED_CONTEXT ( ( #9385, #7887, #7081 ) ) REPRESENTATION_CONTEXT ( 'NONE', 'WORKASPACE' ) );
#4417 = AXIS2_PLACEMENT_3D ( 'NONE', #194, #299, #6650 ) ;
#4418 = PLANE ( 'NONE',  #1703 ) ;
#4419 =( GEOMETRIC_REPRESENTATION_CONTEXT ( 3 ) GLOBAL_UNCERTAINTY_ASSIGNED_CONTEXT ( ( #8057 ) ) GLOBAL_UNIT_ASSIGNED_CONTEXT ( ( #4888, #2496, #37 ) ) REPRESENTATION_CONTEXT ( 'NONE', 'WORKASPACE' ) );
#4420 = PRESENTATION_STYLE_ASSIGNMENT (( #1145 ) ) ;
#4421 = ORIENTED_EDGE ( 'NONE', *, *, #9141, .T. ) ;
#4422 = CARTESIAN_POINT ( 'NONE',  ( -5.387129544537347198E-16, 0.0000000000000000000, 1.589999999999998970 ) ) ;
#4423 = DIRECTION ( 'NONE',  ( 1.000000000000000000, 0.0000000000000000000, 3.388131789017201849E-16 ) ) ;
#4424 = ORIENTED_EDGE ( 'NONE', *, *, #8547, .F. ) ;
#4426 = ORIENTED_EDGE ( 'NONE', *, *, #1226, .T. ) ;
#4425 =( NAMED_UNIT ( * ) PLANE_ANGLE_UNIT ( ) SI_UNIT ( $, .RADIAN. ) );
#4427 = CARTESIAN_POINT ( 'NONE',  ( 7.500000000000000000, 0.0000000000000000000, 2.699999999999999289 ) ) ;
#4428 = PRESENTATION_LAYER_ASSIGNMENT (  '', '', ( #8347 ) ) ;
#4429 = EDGE_CURVE ( 'NONE', #2700, #8131, #5479, .T. ) ;
#4430 = UNCERTAINTY_MEASURE_WITH_UNIT (LENGTH_MEASURE( 1.000000000000000082E-05 ), #7020, 'distance_accuracy_value', 'NONE');
#4431 = MECHANICAL_DESIGN_GEOMETRIC_PRESENTATION_REPRESENTATION (  '', ( #3101 ), #5725 ) ;
#4432 = FILL_AREA_STYLE ('',( #2966 ) ) ;
#4433 = PRESENTATION_LAYER_ASSIGNMENT (  '', '', ( #2602 ) ) ;
#4434 = EDGE_CURVE ( 'NONE', #764, #3079, #8979, .T. ) ;
#4435 = ADVANCED_FACE ( 'NONE', ( #9614 ), #1054, .T. ) ;
#4436 = COLOUR_RGB ( '',0.9686274509803921573, 0.8784313725490195957, 0.5999999999999999778 ) ;
#4437 = SURFACE_STYLE_FILL_AREA ( #9973 ) ;
#4438 = ORIENTED_EDGE ( 'NONE', *, *, #6702, .T. ) ;
#4439 = FILL_AREA_STYLE ('',( #577 ) ) ;
#4440 = SURFACE_STYLE_FILL_AREA ( #2827 ) ;
#4441 = ORIENTED_EDGE ( 'NONE', *, *, #4893, .F. ) ;
#4442 = AXIS2_PLACEMENT_3D ( 'NONE', #6546, #1980, #7337 ) ;
#4443 = DIRECTION ( 'NONE',  ( 0.0000000000000000000, -0.0000000000000000000, 1.000000000000000000 ) ) ;
#4444 = EDGE_CURVE ( 'NONE', #187, #6313, #1694, .T. ) ;
#4445 = PRESENTATION_LAYER_ASSIGNMENT (  '', '', ( #7904 ) ) ;
#4446 = LINE ( 'NONE', #6140, #2514 ) ;
#4447 = AXIS2_PLACEMENT_3D ( 'NONE', #9360, #7860, #7775 ) ;
#4448 = CARTESIAN_POINT ( 'NONE',  ( -2.250000000000000888, 9.000000000000000000, 3.799999999999992717 ) ) ;
#4449 = STYLED_ITEM ( 'NONE', ( #9650 ), #7037 ) ;
#4450 = LINE ( 'NONE', #9985, #7601 ) ;
#4451 = EDGE_LOOP ( 'NONE', ( #4555, #5401, #3976, #68, #153, #12, #1925, #2135, #7322, #8134, #5807, #8207, #5318, #9134, #6452, #3430, #1928, #6859, #969, #6436, #4828, #9693, #4224, #4877 ) ) ;
#4452 = UNCERTAINTY_MEASURE_WITH_UNIT (LENGTH_MEASURE( 1.000000000000000082E-05 ), #10135, 'distance_accuracy_value', 'NONE');
#4453 =( NAMED_UNIT ( * ) PLANE_ANGLE_UNIT ( ) SI_UNIT ( $, .RADIAN. ) );
#4454 = DIRECTION ( 'NONE',  ( 1.000000000000000000, 0.0000000000000000000, -0.0000000000000000000 ) ) ;
#4455 = DIRECTION ( 'NONE',  ( 0.0000000000000000000, 0.0000000000000000000, -1.000000000000000000 ) ) ;
#4456 =( NAMED_UNIT ( * ) PLANE_ANGLE_UNIT ( ) SI_UNIT ( $, .RADIAN. ) );
#4457 = VECTOR ( 'NONE', #8633, 1000.000000000000000 ) ;
#4458 =( NAMED_UNIT ( * ) SI_UNIT ( $, .STERADIAN. ) SOLID_ANGLE_UNIT ( ) );
#4459 = MECHANICAL_DESIGN_GEOMETRIC_PRESENTATION_REPRESENTATION (  '', ( #3634 ), #4800 ) ;
#4460 =( NAMED_UNIT ( * ) PLANE_ANGLE_UNIT ( ) SI_UNIT ( $, .RADIAN. ) );
#4461 = ORIENTED_EDGE ( 'NONE', *, *, #6584, .T. ) ;
#4462 = EDGE_LOOP ( 'NONE', ( #9501, #10268, #8949, #2505 ) ) ;
#4463 = ORIENTED_EDGE ( 'NONE', *, *, #9487, .T. ) ;
#4464 = FACE_OUTER_BOUND ( 'NONE', #9249, .T. ) ;
#4465 = MECHANICAL_DESIGN_GEOMETRIC_PRESENTATION_REPRESENTATION (  '', ( #1802 ), #3986 ) ;
#4466 = AXIS2_PLACEMENT_3D ( 'NONE', #3709, #6817, #1788 ) ;
#4467 = CARTESIAN_POINT ( 'NONE',  ( 2.859999999999997655, 1.299999999999999156, -1.590000000000002300 ) ) ;
#4468 = DIRECTION ( 'NONE',  ( 0.0000000000000000000, 0.0000000000000000000, 1.000000000000000000 ) ) ;
#4469 = LINE ( 'NONE', #5187, #5132 ) ;
#4470 = DIRECTION ( 'NONE',  ( 0.9063077870366511579, 0.4226182617406970543, 0.0000000000000000000 ) ) ;
#4471 = EDGE_CURVE ( 'NONE', #8154, #4513, #5923, .T. ) ;
#4472 = MECHANICAL_DESIGN_GEOMETRIC_PRESENTATION_REPRESENTATION (  '', ( #6280 ), #9581 ) ;
#4473 =( LENGTH_UNIT ( ) NAMED_UNIT ( * ) SI_UNIT ( .MILLI., .METRE. ) );
#4474 = PRESENTATION_LAYER_ASSIGNMENT (  '', '', ( #2818 ) ) ;
#4475 = COLOUR_RGB ( '',0.3137254901960784270, 0.3137254901960784270, 0.3137254901960784270 ) ;
#4476 = CARTESIAN_POINT ( 'NONE',  ( 7.619999999999999218, -3.000000000000000000, 1.394906964573654484 ) ) ;
#4477 = ORIENTED_EDGE ( 'NONE', *, *, #7413, .F. ) ;
#4478 =( GEOMETRIC_REPRESENTATION_CONTEXT ( 3 ) GLOBAL_UNCERTAINTY_ASSIGNED_CONTEXT ( ( #5346 ) ) GLOBAL_UNIT_ASSIGNED_CONTEXT ( ( #1643, #3784, #3207 ) ) REPRESENTATION_CONTEXT ( 'NONE', 'WORKASPACE' ) );
#4479 = CARTESIAN_POINT ( 'NONE',  ( -4.760000000000003340, 8.371098615898084461, 0.9499999999999972911 ) ) ;
#4480 = EDGE_LOOP ( 'NONE', ( #8798, #4477, #5835, #8486 ) ) ;
#4481 = ORIENTED_EDGE ( 'NONE', *, *, #6311, .F. ) ;
#4482 = SURFACE_STYLE_FILL_AREA ( #5345 ) ;
#4483 = STYLED_ITEM ( 'NONE', ( #3369 ), #3625 ) ;
#4484 = PLANE ( 'NONE',  #7116 ) ;
#4485 = PRESENTATION_STYLE_ASSIGNMENT (( #1313 ) ) ;
#4486 = SURFACE_SIDE_STYLE ('',( #6916 ) ) ;
#4487 = CARTESIAN_POINT ( 'NONE',  ( -4.770512128270669727, -2.621553056976519080, 0.9605121282706641228 ) ) ;
#4488 = AXIS2_PLACEMENT_3D ( 'NONE', #1105, #7993, #7345 ) ;
#4489 =( NAMED_UNIT ( * ) PLANE_ANGLE_UNIT ( ) SI_UNIT ( $, .RADIAN. ) );
#4490 = PRESENTATION_STYLE_ASSIGNMENT (( #2239 ) ) ;
#4491 = AXIS2_PLACEMENT_3D ( 'NONE', #8607, #2158, #7845 ) ;
#4492 = AXIS2_PLACEMENT_3D ( 'NONE', #2979, #2038, #5253 ) ;
#4493 = EDGE_CURVE ( 'NONE', #7728, #6182, #6829, .T. ) ;
#4494 = FILL_AREA_STYLE_COLOUR ( '', #3465 ) ;
#4495 = EDGE_LOOP ( 'NONE', ( #724, #4896, #4021, #3597 ) ) ;
#4496 =( LENGTH_UNIT ( ) NAMED_UNIT ( * ) SI_UNIT ( .MILLI., .METRE. ) );
#4497 = VECTOR ( 'NONE', #8066, 1000.000000000000114 ) ;
#4498 = VERTEX_POINT ( 'NONE', #6672 ) ;
#4499 =( NAMED_UNIT ( * ) PLANE_ANGLE_UNIT ( ) SI_UNIT ( $, .RADIAN. ) );
#4500 = PLANE ( 'NONE',  #3787 ) ;
#4501 = EDGE_CURVE ( 'NONE', #31, #9620, #3615, .T. ) ;
#4502 = VERTEX_POINT ( 'NONE', #9835 ) ;
#4503 = SURFACE_SIDE_STYLE ('',( #5258 ) ) ;
#4504 = FACE_OUTER_BOUND ( 'NONE', #2011, .T. ) ;
#4505 = AXIS2_PLACEMENT_3D ( 'NONE', #10277, #7175, #2290 ) ;
#4506 = LINE ( 'NONE', #424, #8610 ) ;
#4507 = CARTESIAN_POINT ( 'NONE',  ( 7.620000000000000107, 0.0000000000000000000, -0.9500000000000006217 ) ) ;
#4508 = EDGE_CURVE ( 'NONE', #3578, #8992, #2042, .T. ) ;
#4509 =( LENGTH_UNIT ( ) NAMED_UNIT ( * ) SI_UNIT ( .MILLI., .METRE. ) );
#4510 = EDGE_CURVE ( 'NONE', #8838, #1339, #8332, .T. ) ;
#4511 = FILL_AREA_STYLE ('',( #8498 ) ) ;
#4512 = DIRECTION ( 'NONE',  ( 0.0000000000000000000, 0.0000000000000000000, 1.000000000000000000 ) ) ;
#4513 = VERTEX_POINT ( 'NONE', #481 ) ;
#4514 = FILL_AREA_STYLE_COLOUR ( '', #2408 ) ;
#4515 = FILL_AREA_STYLE_COLOUR ( '', #7060 ) ;
#4516 = DIRECTION ( 'NONE',  ( -0.4014883995042276554, 0.8231732078530419328, -0.4014883995042275444 ) ) ;
#4517 = LINE ( 'NONE', #3569, #4312 ) ;
#4518 = CARTESIAN_POINT ( 'NONE',  ( 5.399999999999996803, -2.599999999999996536, 0.9499999999999972911 ) ) ;
#4519 =( GEOMETRIC_REPRESENTATION_CONTEXT ( 3 ) GLOBAL_UNCERTAINTY_ASSIGNED_CONTEXT ( ( #8662 ) ) GLOBAL_UNIT_ASSIGNED_CONTEXT ( ( #9027, #5260, #8245 ) ) REPRESENTATION_CONTEXT ( 'NONE', 'WORKASPACE' ) );
#4520 = VECTOR ( 'NONE', #5503, 1000.000000000000227 ) ;
#4521 = ORIENTED_EDGE ( 'NONE', *, *, #8276, .T. ) ;
#4522 = ORIENTED_EDGE ( 'NONE', *, *, #7207, .T. ) ;
#4523 = ORIENTED_EDGE ( 'NONE', *, *, #7534, .T. ) ;
#4524 = LINE ( 'NONE', #9305, #7890 ) ;
#4525 = PRESENTATION_STYLE_ASSIGNMENT (( #8408 ) ) ;
#4526 = VECTOR ( 'NONE', #1943, 1000.000000000000000 ) ;
#4527 = CARTESIAN_POINT ( 'NONE',  ( -5.400000000000003020, 8.371098615898084461, 0.9499999999999971800 ) ) ;
#4528 = DIRECTION ( 'NONE',  ( 0.0000000000000000000, -1.000000000000000000, 0.0000000000000000000 ) ) ;
#4529 = CARTESIAN_POINT ( 'NONE',  ( 2.540000000000000036, 0.0000000000000000000, 0.9499999999999980682 ) ) ;
#4530 = VECTOR ( 'NONE', #3060, 1000.000000000000000 ) ;
#4531 = ORIENTED_EDGE ( 'NONE', *, *, #5854, .T. ) ;
#4532 = SURFACE_STYLE_USAGE ( .BOTH. , #6755 ) ;
#4533 =( NAMED_UNIT ( * ) PLANE_ANGLE_UNIT ( ) SI_UNIT ( $, .RADIAN. ) );
#4534 = ORIENTED_EDGE ( 'NONE', *, *, #4345, .T. ) ;
#4536 = ORIENTED_EDGE ( 'NONE', *, *, #206, .T. ) ;
#4535 = SURFACE_STYLE_USAGE ( .BOTH. , #8424 ) ;
#4537 = LINE ( 'NONE', #2193, #6753 ) ;
#4538 = UNCERTAINTY_MEASURE_WITH_UNIT (LENGTH_MEASURE( 1.000000000000000082E-05 ), #10113, 'distance_accuracy_value', 'NONE');
#4539 = FILL_AREA_STYLE_COLOUR ( '', #8390 ) ;
#4540 =( LENGTH_UNIT ( ) NAMED_UNIT ( * ) SI_UNIT ( .MILLI., .METRE. ) );
#4541 = DIRECTION ( 'NONE',  ( -0.3892816206350230845, 0.8348171294789893393, -0.3892816206350233621 ) ) ;
#4542 = PRESENTATION_STYLE_ASSIGNMENT (( #1371 ) ) ;
#4543 = PLANE ( 'NONE',  #4609 ) ;
#4544 = ORIENTED_EDGE ( 'NONE', *, *, #2954, .F. ) ;
#4545 = DIRECTION ( 'NONE',  ( 0.0000000000000000000, 0.0000000000000000000, 1.000000000000000000 ) ) ;
#4546 = ORIENTED_EDGE ( 'NONE', *, *, #5703, .F. ) ;
#4547 = FACE_OUTER_BOUND ( 'NONE', #9303, .T. ) ;
#4548 = ADVANCED_FACE ( 'NONE', ( #1221 ), #7497, .T. ) ;
#4549 = DIRECTION ( 'NONE',  ( 0.0000000000000000000, -0.0000000000000000000, 1.000000000000000000 ) ) ;
#4550 = FILL_AREA_STYLE_COLOUR ( '', #8928 ) ;
#4551 = LINE ( 'NONE', #7651, #7640 ) ;
#4552 = VECTOR ( 'NONE', #7530, 1000.000000000000000 ) ;
#4553 = LINE ( 'NONE', #590, #3869 ) ;
#4554 = SURFACE_SIDE_STYLE ('',( #1390 ) ) ;
#4555 = ORIENTED_EDGE ( 'NONE', *, *, #5914, .F. ) ;
#4556 = UNCERTAINTY_MEASURE_WITH_UNIT (LENGTH_MEASURE( 1.000000000000000082E-05 ), #4980, 'distance_accuracy_value', 'NONE');
#4557 = ADVANCED_FACE ( 'NONE', ( #9390 ), #1382, .F. ) ;
#4558 =( GEOMETRIC_REPRESENTATION_CONTEXT ( 3 ) GLOBAL_UNCERTAINTY_ASSIGNED_CONTEXT ( ( #2781 ) ) GLOBAL_UNIT_ASSIGNED_CONTEXT ( ( #9758, #7423, #7326 ) ) REPRESENTATION_CONTEXT ( 'NONE', 'WORKASPACE' ) );
#4559 = CARTESIAN_POINT ( 'NONE',  ( 4.759999999999997122, 8.371098615898084461, 1.589999999999997193 ) ) ;
#4560 =( NAMED_UNIT ( * ) PLANE_ANGLE_UNIT ( ) SI_UNIT ( $, .RADIAN. ) );
#4561 = DIRECTION ( 'NONE',  ( 0.4014883995042277665, -0.8231732078530418217, -0.4014883995042278220 ) ) ;
#4562 = LINE ( 'NONE', #3527, #8577 ) ;
#4563 = LINE ( 'NONE', #9895, #2673 ) ;
#4564 = EDGE_CURVE ( 'NONE', #2190, #6312, #6295, .T. ) ;
#4565 = EDGE_CURVE ( 'NONE', #9317, #2394, #10240, .T. ) ;
#4566 = PRESENTATION_LAYER_ASSIGNMENT (  '', '', ( #7693 ) ) ;
#4567 = SURFACE_STYLE_FILL_AREA ( #5326 ) ;
#4568 = CARTESIAN_POINT ( 'NONE',  ( -2.250000000000000888, 9.000000000000000000, -4.551000000000001044 ) ) ;
#4569 = EDGE_LOOP ( 'NONE', ( #3579, #5664, #2811, #10010 ) ) ;
#4570 = DIRECTION ( 'NONE',  ( -0.0000000000000000000, 0.0000000000000000000, 1.000000000000000000 ) ) ;
#4571 = ORIENTED_EDGE ( 'NONE', *, *, #1951, .F. ) ;
#4572 = ORIENTED_EDGE ( 'NONE', *, *, #2652, .F. ) ;
#4573 = PLANE ( 'NONE',  #9389 ) ;
#4574 = STYLED_ITEM ( 'NONE', ( #4525 ), #412 ) ;
#4575 =( NAMED_UNIT ( * ) SI_UNIT ( $, .STERADIAN. ) SOLID_ANGLE_UNIT ( ) );
#4576 = FILL_AREA_STYLE_COLOUR ( '', #1580 ) ;
#4577 = CARTESIAN_POINT ( 'NONE',  ( 2.219999999999996643, 8.800000000000000711, 1.589999999999997193 ) ) ;
#4578 = CARTESIAN_POINT ( 'NONE',  ( 2.664906964573651837, -3.000000000000000000, 0.0000000000000000000 ) ) ;
#4579 =( NAMED_UNIT ( * ) SI_UNIT ( $, .STERADIAN. ) SOLID_ANGLE_UNIT ( ) );
#4580 = AXIS2_PLACEMENT_3D ( 'NONE', #5384, #3959, #6361 ) ;
#4581 = ORIENTED_EDGE ( 'NONE', *, *, #4636, .T. ) ;
#4582 = VECTOR ( 'NONE', #3343, 1000.000000000000000 ) ;
#4583 = VERTEX_POINT ( 'NONE', #7694 ) ;
#4585 = ORIENTED_EDGE ( 'NONE', *, *, #344, .T. ) ;
#4584 = FILL_AREA_STYLE ('',( #1415 ) ) ;
#4586 = CARTESIAN_POINT ( 'NONE',  ( 2.859999999999997655, 1.299999999999999156, 0.0000000000000000000 ) ) ;
#4587 = CARTESIAN_POINT ( 'NONE',  ( -0.3200000000000025602, 8.371098615898084461, 0.9499999999999971800 ) ) ;
#4588 = FILL_AREA_STYLE ('',( #6066 ) ) ;
#4589 = VECTOR ( 'NONE', #7379, 1000.000000000000000 ) ;
#4590 = SURFACE_SIDE_STYLE ('',( #6125 ) ) ;
#4591 = VECTOR ( 'NONE', #8555, 1000.000000000000000 ) ;
#4592 = ORIENTED_EDGE ( 'NONE', *, *, #5363, .T. ) ;
#4593 = COLOUR_RGB ( '',0.9686274509803921573, 0.8784313725490195957, 0.5999999999999999778 ) ;
#4594 = AXIS2_PLACEMENT_3D ( 'NONE', #6595, #1771, #5904 ) ;
#4595 = FACE_BOUND ( 'NONE', #10158, .T. ) ;
#4596 = ORIENTED_EDGE ( 'NONE', *, *, #2636, .T. ) ;
#4597 = LINE ( 'NONE', #1380, #927 ) ;
#4598 = ORIENTED_EDGE ( 'NONE', *, *, #4949, .T. ) ;
#4599 =( LENGTH_UNIT ( ) NAMED_UNIT ( * ) SI_UNIT ( .MILLI., .METRE. ) );
#4600 =( GEOMETRIC_REPRESENTATION_CONTEXT ( 3 ) GLOBAL_UNCERTAINTY_ASSIGNED_CONTEXT ( ( #7918 ) ) GLOBAL_UNIT_ASSIGNED_CONTEXT ( ( #1108, #8094, #2669 ) ) REPRESENTATION_CONTEXT ( 'NONE', 'WORKASPACE' ) );
#4601 = EDGE_CURVE ( 'NONE', #576, #1976, #9450, .T. ) ;
#4602 = CARTESIAN_POINT ( 'NONE',  ( 5.080000000000000071, 1.299999999999999156, 0.9499999999999980682 ) ) ;
#4603 = SURFACE_STYLE_FILL_AREA ( #2361 ) ;
#4604 = FACE_OUTER_BOUND ( 'NONE', #9169, .T. ) ;
#4605 = LINE ( 'NONE', #6143, #6396 ) ;
#4606 = PRESENTATION_LAYER_ASSIGNMENT (  '', '', ( #3273 ) ) ;
#4607 = PLANE ( 'NONE',  #5176 ) ;
#4608 = EDGE_LOOP ( 'NONE', ( #8753, #2900, #9302, #7730 ) ) ;
#4609 = AXIS2_PLACEMENT_3D ( 'NONE', #5750, #5509, #8641 ) ;
#4610 = FILL_AREA_STYLE ('',( #706 ) ) ;
#4611 = CARTESIAN_POINT ( 'NONE',  ( 7.620000000000000107, -3.000000000000000000, 1.145093035426342665 ) ) ;
#4612 = CARTESIAN_POINT ( 'NONE',  ( -8.859999999999997655, 1.299999999999999156, -3.199999999999999734 ) ) ;
#4613 = EDGE_CURVE ( 'NONE', #3499, #6849, #584, .T. ) ;
#4614 = SURFACE_SIDE_STYLE ('',( #8560 ) ) ;
#4615 = DIRECTION ( 'NONE',  ( 1.000000000000000000, 0.0000000000000000000, 0.0000000000000000000 ) ) ;
#4616 = EDGE_CURVE ( 'NONE', #7942, #8107, #2252, .T. ) ;
#4617 = STYLED_ITEM ( 'NONE', ( #6093 ), #6771 ) ;
#4618 = ORIENTED_EDGE ( 'NONE', *, *, #6702, .F. ) ;
#4619 = ORIENTED_EDGE ( 'NONE', *, *, #5728, .T. ) ;
#4620 = VERTEX_POINT ( 'NONE', #642 ) ;
#4621 = ADVANCED_FACE ( 'NONE', ( #6929 ), #3938, .F. ) ;
#4622 = DIRECTION ( 'NONE',  ( 0.0000000000000000000, 0.0000000000000000000, 1.000000000000000000 ) ) ;
#4623 = VECTOR ( 'NONE', #10208, 1000.000000000000000 ) ;
#4624 = EDGE_CURVE ( 'NONE', #9724, #6995, #5239, .T. ) ;
#4625 =( LENGTH_UNIT ( ) NAMED_UNIT ( * ) SI_UNIT ( .MILLI., .METRE. ) );
#4626 = DIRECTION ( 'NONE',  ( 1.000000000000000000, 0.0000000000000000000, 3.388131789017201849E-16 ) ) ;
#4627 = MECHANICAL_DESIGN_GEOMETRIC_PRESENTATION_REPRESENTATION (  '', ( #6775 ), #8222 ) ;
#4628 = CARTESIAN_POINT ( 'NONE',  ( 0.3199999999999982303, 0.0000000000000000000, 0.0000000000000000000 ) ) ;
#4629 = VECTOR ( 'NONE', #1422, 1000.000000000000341 ) ;
#4630 = ORIENTED_EDGE ( 'NONE', *, *, #6810, .T. ) ;
#4631 = CARTESIAN_POINT ( 'NONE',  ( -0.3200000000000025602, 8.371098615898084461, 0.9499999999999971800 ) ) ;
#4632 = AXIS2_PLACEMENT_3D ( 'NONE', #8198, #7456, #5169 ) ;
#4633 = EDGE_LOOP ( 'NONE', ( #2463, #9689, #8224, #5192, #1895, #2493, #2137, #9383 ) ) ;
#4635 = ORIENTED_EDGE ( 'NONE', *, *, #1548, .F. ) ;
#4634 = PRESENTATION_STYLE_ASSIGNMENT (( #6969 ) ) ;
#4636 = EDGE_CURVE ( 'NONE', #6043, #6203, #7580, .T. ) ;
#4637 = DIRECTION ( 'NONE',  ( -1.000000000000000000, -0.0000000000000000000, -0.0000000000000000000 ) ) ;
#4638 = EDGE_CURVE ( 'NONE', #8538, #6218, #10065, .T. ) ;
#4639 = UNCERTAINTY_MEASURE_WITH_UNIT (LENGTH_MEASURE( 1.000000000000000082E-05 ), #8574, 'distance_accuracy_value', 'NONE');
#4640 = DIRECTION ( 'NONE',  ( -0.0000000000000000000, 1.000000000000000000, -0.0000000000000000000 ) ) ;
#4641 = COLOUR_RGB ( '',0.3137254901960784270, 0.3137254901960784270, 0.3137254901960784270 ) ;
#4642 = DIRECTION ( 'NONE',  ( -1.000000000000000000, 0.0000000000000000000, -3.388131789017201849E-16 ) ) ;
#4643 = SURFACE_SIDE_STYLE ('',( #6013 ) ) ;
#4644 = SURFACE_STYLE_FILL_AREA ( #1471 ) ;
#4645 = MECHANICAL_DESIGN_GEOMETRIC_PRESENTATION_REPRESENTATION (  '', ( #810 ), #3638 ) ;
#4646 = EDGE_LOOP ( 'NONE', ( #7561, #1620, #6688, #5669 ) ) ;
#4647 = VECTOR ( 'NONE', #6634, 1000.000000000000000 ) ;
#4648 = COLOUR_RGB ( '',0.9686274509803921573, 0.8784313725490195957, 0.5999999999999999778 ) ;
#4649 =( NAMED_UNIT ( * ) PLANE_ANGLE_UNIT ( ) SI_UNIT ( $, .RADIAN. ) );
#4650 = VERTEX_POINT ( 'NONE', #1364 ) ;
#4651 = STYLED_ITEM ( 'NONE', ( #5606 ), #7786 ) ;
#4652 = VERTEX_POINT ( 'NONE', #363 ) ;
#4653 = CARTESIAN_POINT ( 'NONE',  ( 0.3199999999999982303, 8.800000000000000711, -0.9500000000000022871 ) ) ;
#4654 = CARTESIAN_POINT ( 'NONE',  ( -0.1249069645736580747, -3.000000000000000000, 0.0000000000000000000 ) ) ;
#4655 = AXIS2_PLACEMENT_3D ( 'NONE', #6061, #6861, #6116 ) ;
#4656 =( GEOMETRIC_REPRESENTATION_CONTEXT ( 3 ) GLOBAL_UNCERTAINTY_ASSIGNED_CONTEXT ( ( #4639 ) ) GLOBAL_UNIT_ASSIGNED_CONTEXT ( ( #8574, #7011, #9566 ) ) REPRESENTATION_CONTEXT ( 'NONE', 'WORKASPACE' ) );
#4657 =( LENGTH_UNIT ( ) NAMED_UNIT ( * ) SI_UNIT ( .MILLI., .METRE. ) );
#4658 =( NAMED_UNIT ( * ) PLANE_ANGLE_UNIT ( ) SI_UNIT ( $, .RADIAN. ) );
#4659 = MECHANICAL_DESIGN_GEOMETRIC_PRESENTATION_REPRESENTATION (  '', ( #4328 ), #5631 ) ;
#4660 = CARTESIAN_POINT ( 'NONE',  ( -4.760000000000002451, 8.800000000000000711, -0.9500000000000022871 ) ) ;
#4661 = EDGE_CURVE ( 'NONE', #6004, #1365, #8366, .T. ) ;
#4662 = ORIENTED_EDGE ( 'NONE', *, *, #5760, .T. ) ;
#4663 =( GEOMETRIC_REPRESENTATION_CONTEXT ( 3 ) GLOBAL_UNCERTAINTY_ASSIGNED_CONTEXT ( ( #5367 ) ) GLOBAL_UNIT_ASSIGNED_CONTEXT ( ( #5753, #1026, #8161 ) ) REPRESENTATION_CONTEXT ( 'NONE', 'WORKASPACE' ) );
#4664 = UNCERTAINTY_MEASURE_WITH_UNIT (LENGTH_MEASURE( 1.000000000000000082E-05 ), #7803, 'distance_accuracy_value', 'NONE');
#4665 = SURFACE_SIDE_STYLE ('',( #15 ) ) ;
#4666 = DIRECTION ( 'NONE',  ( 1.000000000000000000, 0.0000000000000000000, 3.388131789017201849E-16 ) ) ;
#4667 =( NAMED_UNIT ( * ) SI_UNIT ( $, .STERADIAN. ) SOLID_ANGLE_UNIT ( ) );
#4668 = CARTESIAN_POINT ( 'NONE',  ( -2.220000000000002860, -2.599999999999996536, 1.589999999999997415 ) ) ;
#4669 =( NAMED_UNIT ( * ) SI_UNIT ( $, .STERADIAN. ) SOLID_ANGLE_UNIT ( ) );
#4670 = DIRECTION ( 'NONE',  ( -1.000000000000000000, 0.0000000000000000000, -1.694065894508600925E-16 ) ) ;
#4671 = STYLED_ITEM ( 'NONE', ( #10155 ), #8807 ) ;
#4672 = SURFACE_SIDE_STYLE ('',( #7959 ) ) ;
#4673 = VERTEX_POINT ( 'NONE', #5343 ) ;
#4674 = EDGE_CURVE ( 'NONE', #7942, #9455, #2162, .T. ) ;
#4675 = SURFACE_STYLE_FILL_AREA ( #8351 ) ;
#4676 = ORIENTED_EDGE ( 'NONE', *, *, #3955, .F. ) ;
#4677 = FACE_OUTER_BOUND ( 'NONE', #9400, .T. ) ;
#4678 = LINE ( 'NONE', #609, #6405 ) ;
#4679 = FILL_AREA_STYLE ('',( #554 ) ) ;
#4680 = VECTOR ( 'NONE', #10088, 1000.000000000000000 ) ;
#4681 =( NAMED_UNIT ( * ) SI_UNIT ( $, .STERADIAN. ) SOLID_ANGLE_UNIT ( ) );
#4682 = EDGE_CURVE ( 'NONE', #8725, #576, #7526, .T. ) ;
#4683 = LINE ( 'NONE', #9472, #1669 ) ;
#4684 = FILL_AREA_STYLE_COLOUR ( '', #2633 ) ;
#4685 = VECTOR ( 'NONE', #2418, 1000.000000000000000 ) ;
#4686 = VERTEX_POINT ( 'NONE', #6813 ) ;
#4687 = VECTOR ( 'NONE', #5931, 1000.000000000000000 ) ;
#4688 = ORIENTED_EDGE ( 'NONE', *, *, #6382, .T. ) ;
#4689 = ORIENTED_EDGE ( 'NONE', *, *, #3029, .F. ) ;
#4690 = DIRECTION ( 'NONE',  ( 0.0000000000000000000, 0.0000000000000000000, 1.000000000000000000 ) ) ;
#4691 = SURFACE_SIDE_STYLE ('',( #9434 ) ) ;
#4692 = CARTESIAN_POINT ( 'NONE',  ( -2.664906964573657167, -3.000000000000000000, -1.394906964573658037 ) ) ;
#4693 =( NAMED_UNIT ( * ) SI_UNIT ( $, .STERADIAN. ) SOLID_ANGLE_UNIT ( ) );
#4694 = SURFACE_STYLE_FILL_AREA ( #835 ) ;
#4695 = CARTESIAN_POINT ( 'NONE',  ( 6.123233995736774664E-17, -0.1000000000000000056, 2.699999999999999289 ) ) ;
#4696 = VECTOR ( 'NONE', #1922, 1000.000000000000000 ) ;
#4697 = STYLED_ITEM ( 'NONE', ( #6453 ), #5016 ) ;
#4698 = EDGE_CURVE ( 'NONE', #6204, #3706, #9114, .T. ) ;
#4699 = EDGE_CURVE ( 'NONE', #187, #9328, #514, .T. ) ;
#4700 = VERTEX_POINT ( 'NONE', #3655 ) ;
#4701 = FILL_AREA_STYLE_COLOUR ( '', #4475 ) ;
#4702 = EDGE_LOOP ( 'NONE', ( #238, #4534, #4619, #1672 ) ) ;
#4703 = FILL_AREA_STYLE ('',( #4073 ) ) ;
#4704 = DIRECTION ( 'NONE',  ( -0.3892816206350231401, 0.8348171294789895613, 0.3892816206350228625 ) ) ;
#4705 = FILL_AREA_STYLE ('',( #7183 ) ) ;
#4706 = VERTEX_POINT ( 'NONE', #9209 ) ;
#4707 = STYLED_ITEM ( 'NONE', ( #8010 ), #10166 ) ;
#4708 = CARTESIAN_POINT ( 'NONE',  ( -2.220000000000002860, 8.800000000000000711, 1.589999999999997415 ) ) ;
#4709 =( NAMED_UNIT ( * ) SI_UNIT ( $, .STERADIAN. ) SOLID_ANGLE_UNIT ( ) );
#4710 = SURFACE_SIDE_STYLE ('',( #2400 ) ) ;
#4711 = FACE_OUTER_BOUND ( 'NONE', #1825, .T. ) ;
#4712 = ADVANCED_FACE ( 'NONE', ( #9156 ), #2081, .F. ) ;
#4713 =( NAMED_UNIT ( * ) SI_UNIT ( $, .STERADIAN. ) SOLID_ANGLE_UNIT ( ) );
#4714 = DIRECTION ( 'NONE',  ( 0.0000000000000000000, -0.0000000000000000000, 1.000000000000000000 ) ) ;
#4715 = VERTEX_POINT ( 'NONE', #32 ) ;
#4716 =( LENGTH_UNIT ( ) NAMED_UNIT ( * ) SI_UNIT ( .MILLI., .METRE. ) );
#4717 =( NAMED_UNIT ( * ) SI_UNIT ( $, .STERADIAN. ) SOLID_ANGLE_UNIT ( ) );
#4718 = PRESENTATION_STYLE_ASSIGNMENT (( #3205 ) ) ;
#4719 = CARTESIAN_POINT ( 'NONE',  ( 2.849487871729331712, -2.621553056976516860, -0.9605121282706678976 ) ) ;
#4720 = CARTESIAN_POINT ( 'NONE',  ( 2.859999999999997655, 8.800000000000000711, -0.9500000000000022871 ) ) ;
#4721 = DIRECTION ( 'NONE',  ( 1.694065894508600925E-16, 0.0000000000000000000, -1.000000000000000000 ) ) ;
#4722 = PRESENTATION_STYLE_ASSIGNMENT (( #858 ) ) ;
#4723 = VERTEX_POINT ( 'NONE', #8690 ) ;
#4724 = ORIENTED_EDGE ( 'NONE', *, *, #2005, .F. ) ;
#4725 = CARTESIAN_POINT ( 'NONE',  ( 5.080000000000000071, -3.000000000000000000, 0.0000000000000000000 ) ) ;
#4726 = FILL_AREA_STYLE_COLOUR ( '', #4766 ) ;
#4727 = CARTESIAN_POINT ( 'NONE',  ( -10.16000000000000192, 0.0000000000000000000, -4.450000000000000178 ) ) ;
#4728 = CARTESIAN_POINT ( 'NONE',  ( 0.0000000000000000000, -3.000000000000000000, 0.0000000000000000000 ) ) ;
#4729 = UNCERTAINTY_MEASURE_WITH_UNIT (LENGTH_MEASURE( 1.000000000000000082E-05 ), #7145, 'distance_accuracy_value', 'NONE');
#4730 = FILL_AREA_STYLE_COLOUR ( '', #9421 ) ;
#4731 = COLOUR_RGB ( '',0.3137254901960784270, 0.3137254901960784270, 0.3137254901960784270 ) ;
#4732 = ADVANCED_FACE ( 'NONE', ( #2436 ), #622, .F. ) ;
#4733 = CYLINDRICAL_SURFACE ( 'NONE', #5638, 0.5000000000000008882 ) ;
#4734 = EDGE_LOOP ( 'NONE', ( #2776, #6870, #7029, #8199 ) ) ;
#4735 = ORIENTED_EDGE ( 'NONE', *, *, #3943, .F. ) ;
#4737 = ORIENTED_EDGE ( 'NONE', *, *, #2326, .T. ) ;
#4736 =( LENGTH_UNIT ( ) NAMED_UNIT ( * ) SI_UNIT ( .MILLI., .METRE. ) );
#4738 = UNCERTAINTY_MEASURE_WITH_UNIT (LENGTH_MEASURE( 1.000000000000000082E-05 ), #5068, 'distance_accuracy_value', 'NONE');
#4739 = SURFACE_SIDE_STYLE ('',( #1563 ) ) ;
#4740 = CARTESIAN_POINT ( 'NONE',  ( 2.219999999999996643, 1.299999999999999156, 0.9499999999999971800 ) ) ;
#4741 =( NAMED_UNIT ( * ) PLANE_ANGLE_UNIT ( ) SI_UNIT ( $, .RADIAN. ) );
#4742 =( LENGTH_UNIT ( ) NAMED_UNIT ( * ) SI_UNIT ( .MILLI., .METRE. ) );
#4743 =( NAMED_UNIT ( * ) SI_UNIT ( $, .STERADIAN. ) SOLID_ANGLE_UNIT ( ) );
#4744 = LINE ( 'NONE', #4930, #5756 ) ;
#4745 = MECHANICAL_DESIGN_GEOMETRIC_PRESENTATION_REPRESENTATION (  '', ( #2241 ), #3571 ) ;
#4746 = ORIENTED_EDGE ( 'NONE', *, *, #5413, .T. ) ;
#4747 = VECTOR ( 'NONE', #5671, 1000.000000000000000 ) ;
#4748 = SURFACE_STYLE_FILL_AREA ( #5557 ) ;
#4749 = VERTEX_POINT ( 'NONE', #3125 ) ;
#4750 = EDGE_CURVE ( 'NONE', #5042, #5344, #2381, .T. ) ;
#4751 = FACE_BOUND ( 'NONE', #9464, .T. ) ;
#4752 = DIRECTION ( 'NONE',  ( -1.000000000000000000, 0.0000000000000000000, -3.388131789017201849E-16 ) ) ;
#4753 = ORIENTED_EDGE ( 'NONE', *, *, #4601, .T. ) ;
#4754 = FACE_OUTER_BOUND ( 'NONE', #5881, .T. ) ;
#4755 = LINE ( 'NONE', #4653, #1258 ) ;
#4756 = DIRECTION ( 'NONE',  ( 1.000000000000000000, 0.0000000000000000000, 3.388131789017201849E-16 ) ) ;
#4757 = EDGE_CURVE ( 'NONE', #7018, #1884, #3066, .T. ) ;
#4758 = ADVANCED_FACE ( 'NONE', ( #9524 ), #10120, .T. ) ;
#4759 = CARTESIAN_POINT ( 'NONE',  ( -5.389487871729336632, -2.621553056976517304, -0.9605121282706683417 ) ) ;
#4760 = MECHANICAL_DESIGN_GEOMETRIC_PRESENTATION_REPRESENTATION (  '', ( #8033 ), #3428 ) ;
#4761 =( LENGTH_UNIT ( ) NAMED_UNIT ( * ) SI_UNIT ( .MILLI., .METRE. ) );
#4762 = ORIENTED_EDGE ( 'NONE', *, *, #7358, .T. ) ;
#4763 = UNCERTAINTY_MEASURE_WITH_UNIT (LENGTH_MEASURE( 1.000000000000000082E-05 ), #9461, 'distance_accuracy_value', 'NONE');
#4764 = EDGE_CURVE ( 'NONE', #1452, #3480, #6274, .T. ) ;
#4765 = DIRECTION ( 'NONE',  ( 0.0000000000000000000, 0.0000000000000000000, 1.000000000000000000 ) ) ;
#4766 = COLOUR_RGB ( '',0.3137254901960784270, 0.3137254901960784270, 0.3137254901960784270 ) ;
#4767 = FILL_AREA_STYLE_COLOUR ( '', #9105 ) ;
#4768 = EDGE_LOOP ( 'NONE', ( #7468, #4031, #6220, #2247, #97, #382, #8768, #8836 ) ) ;
#4769 = COLOUR_RGB ( '',0.9686274509803921573, 0.8784313725490195957, 0.5999999999999999778 ) ;
#4770 = EDGE_LOOP ( 'NONE', ( #6529, #9575, #788, #1549 ) ) ;
#4771 = CARTESIAN_POINT ( 'NONE',  ( -0.09994218300929150200, -3.461009071065142884, -1.170057816990712984 ) ) ;
#4772 = DIRECTION ( 'NONE',  ( 3.045232680045606804E-16, 0.4383711467890774038, -0.8987940462991670376 ) ) ;
#4773 =( NAMED_UNIT ( * ) PLANE_ANGLE_UNIT ( ) SI_UNIT ( $, .RADIAN. ) );
#4774 = CARTESIAN_POINT ( 'NONE',  ( -0.3200000000000025602, -2.600000000000000089, 1.589999999999997193 ) ) ;
#4775 = DIRECTION ( 'NONE',  ( 0.0000000000000000000, 0.0000000000000000000, -1.000000000000000000 ) ) ;
#4776 = STYLED_ITEM ( 'NONE', ( #831 ), #2432 ) ;
#4777 = SURFACE_STYLE_FILL_AREA ( #75 ) ;
#4778 = CARTESIAN_POINT ( 'NONE',  ( 0.2230142846948901247, 8.579085153560457755, 1.046985715305104758 ) ) ;
#4779 = CARTESIAN_POINT ( 'NONE',  ( 7.850000000000001421, 9.000000000000000000, -4.549999999999999822 ) ) ;
#4780 = DIRECTION ( 'NONE',  ( 0.0000000000000000000, -1.000000000000000000, 0.0000000000000000000 ) ) ;
#4781 = VECTOR ( 'NONE', #6534, 1000.000000000000000 ) ;
#4782 = ORIENTED_EDGE ( 'NONE', *, *, #2515, .T. ) ;
#4783 = ORIENTED_EDGE ( 'NONE', *, *, #4229, .T. ) ;
#4785 = EDGE_LOOP ( 'NONE', ( #1260, #9900, #137, #7431 ) ) ;
#4784 = DIRECTION ( 'NONE',  ( 1.000000000000000000, 0.0000000000000000000, 3.388131789017201849E-16 ) ) ;
#4786 = SURFACE_STYLE_USAGE ( .BOTH. , #7217 ) ;
#4787 = FACE_OUTER_BOUND ( 'NONE', #5182, .T. ) ;
#4788 = DIRECTION ( 'NONE',  ( 0.0000000000000000000, 0.0000000000000000000, -1.000000000000000000 ) ) ;
#4789 = DIRECTION ( 'NONE',  ( 0.0000000000000000000, 0.0000000000000000000, -1.000000000000000000 ) ) ;
#4790 = PRESENTATION_LAYER_ASSIGNMENT (  '', '', ( #3972 ) ) ;
#4791 = MECHANICAL_DESIGN_GEOMETRIC_PRESENTATION_REPRESENTATION (  '', ( #116 ), #9064 ) ;
#4792 = PRESENTATION_LAYER_ASSIGNMENT (  '', '', ( #4141 ) ) ;
#4793 = ORIENTED_EDGE ( 'NONE', *, *, #8743, .T. ) ;
#4794 =( NAMED_UNIT ( * ) PLANE_ANGLE_UNIT ( ) SI_UNIT ( $, .RADIAN. ) );
#4795 = EDGE_LOOP ( 'NONE', ( #292, #9592, #5240, #7886 ) ) ;
#4796 = DIRECTION ( 'NONE',  ( 1.000000000000000000, -0.0000000000000000000, -1.906289534040446993E-16 ) ) ;
#4797 = SURFACE_SIDE_STYLE ('',( #3084 ) ) ;
#4798 = ORIENTED_EDGE ( 'NONE', *, *, #3543, .T. ) ;
#4799 = FACE_OUTER_BOUND ( 'NONE', #1463, .T. ) ;
#4800 =( GEOMETRIC_REPRESENTATION_CONTEXT ( 3 ) GLOBAL_UNCERTAINTY_ASSIGNED_CONTEXT ( ( #9916 ) ) GLOBAL_UNIT_ASSIGNED_CONTEXT ( ( #4280, #4960, #8179 ) ) REPRESENTATION_CONTEXT ( 'NONE', 'WORKASPACE' ) );
#4801 = PRESENTATION_STYLE_ASSIGNMENT (( #3983 ) ) ;
#4802 = PRESENTATION_LAYER_ASSIGNMENT (  '', '', ( #1483 ) ) ;
#4803 = ADVANCED_FACE ( 'NONE', ( #1559 ), #7118, .T. ) ;
#4804 = PRESENTATION_LAYER_ASSIGNMENT (  '', '', ( #328 ) ) ;
#4805 = CARTESIAN_POINT ( 'NONE',  ( -10.16000000000000192, 0.0000000000000000000, -4.549999999999999822 ) ) ;
#4806 = MECHANICAL_DESIGN_GEOMETRIC_PRESENTATION_REPRESENTATION (  '', ( #7123 ), #2638 ) ;
#4807 = FILL_AREA_STYLE_COLOUR ( '', #9109 ) ;
#4808 = SURFACE_SIDE_STYLE ('',( #9337 ) ) ;
#4809 = AXIS2_PLACEMENT_3D ( 'NONE', #497, #1447, #2060 ) ;
#4810 = MECHANICAL_DESIGN_GEOMETRIC_PRESENTATION_REPRESENTATION (  '', ( #2155 ), #2317 ) ;
#4811 = PRESENTATION_STYLE_ASSIGNMENT (( #2518 ) ) ;
#4812 = DIRECTION ( 'NONE',  ( 0.0000000000000000000, -1.000000000000000000, 0.0000000000000000000 ) ) ;
#4813 = EDGE_LOOP ( 'NONE', ( #9523, #721, #5652, #7690 ) ) ;
#4814 =( NAMED_UNIT ( * ) SI_UNIT ( $, .STERADIAN. ) SOLID_ANGLE_UNIT ( ) );
#4815 = VECTOR ( 'NONE', #5424, 999.9999999999998863 ) ;
#4816 = ORIENTED_EDGE ( 'NONE', *, *, #2530, .T. ) ;
#4817 = AXIS2_PLACEMENT_3D ( 'NONE', #8679, #1601, #4775 ) ;
#4818 = CARTESIAN_POINT ( 'NONE',  ( 4.770512128270663510, -2.621553056976519080, 0.9605121282706637897 ) ) ;
#4819 =( GEOMETRIC_REPRESENTATION_CONTEXT ( 3 ) GLOBAL_UNCERTAINTY_ASSIGNED_CONTEXT ( ( #7239 ) ) GLOBAL_UNIT_ASSIGNED_CONTEXT ( ( #2406, #7143, #9 ) ) REPRESENTATION_CONTEXT ( 'NONE', 'WORKASPACE' ) );
#4820 = SURFACE_STYLE_FILL_AREA ( #8505 ) ;
#4821 = DIRECTION ( 'NONE',  ( -1.000000000000000000, 0.0000000000000000000, -3.388131789017201849E-16 ) ) ;
#4822 = CARTESIAN_POINT ( 'NONE',  ( -0.1200000000000020495, 8.800000000000000711, 1.389999999999996572 ) ) ;
#4823 = ADVANCED_FACE ( 'NONE', ( #7548 ), #427, .F. ) ;
#4824 =( GEOMETRIC_REPRESENTATION_CONTEXT ( 3 ) GLOBAL_UNCERTAINTY_ASSIGNED_CONTEXT ( ( #3501 ) ) GLOBAL_UNIT_ASSIGNED_CONTEXT ( ( #6998, #8502, #9296 ) ) REPRESENTATION_CONTEXT ( 'NONE', 'WORKASPACE' ) );
#4825 = FACE_OUTER_BOUND ( 'NONE', #6480, .T. ) ;
#4826 = EDGE_CURVE ( 'NONE', #9328, #915, #4938, .T. ) ;
#4827 = CARTESIAN_POINT ( 'NONE',  ( 0.3199999999999982303, 8.371098615898084461, -1.590000000000002300 ) ) ;
#4828 = ORIENTED_EDGE ( 'NONE', *, *, #9813, .F. ) ;
#4829 = SURFACE_STYLE_FILL_AREA ( #22 ) ;
#4830 = ORIENTED_EDGE ( 'NONE', *, *, #1886, .F. ) ;
#4831 =( NAMED_UNIT ( * ) PLANE_ANGLE_UNIT ( ) SI_UNIT ( $, .RADIAN. ) );
#4832 = FILL_AREA_STYLE_COLOUR ( '', #8703 ) ;
#4833 =( NAMED_UNIT ( * ) SI_UNIT ( $, .STERADIAN. ) SOLID_ANGLE_UNIT ( ) );
#4834 = LINE ( 'NONE', #8823, #6542 ) ;
#4835 = CARTESIAN_POINT ( 'NONE',  ( -8.859999999999997655, 1.299999999999999156, 3.200000000000000622 ) ) ;
#4836 = PLANE ( 'NONE',  #4817 ) ;
#4837 = COLOUR_RGB ( '',0.9686274509803921573, 0.8784313725490195957, 0.5999999999999999778 ) ;
#4838 = FACE_OUTER_BOUND ( 'NONE', #5463, .T. ) ;
#4839 = CYLINDRICAL_SURFACE ( 'NONE', #6099, 0.5000000000000008882 ) ;
#4840 = ORIENTED_EDGE ( 'NONE', *, *, #10104, .F. ) ;
#4841 = EDGE_LOOP ( 'NONE', ( #6925, #4689, #1179, #4956, #4793 ) ) ;
#4843 = ORIENTED_EDGE ( 'NONE', *, *, #7413, .T. ) ;
#4842 = DIRECTION ( 'NONE',  ( 1.000000000000000000, 0.0000000000000000000, 3.388131789017201849E-16 ) ) ;
#4844 = DIRECTION ( 'NONE',  ( 0.0000000000000000000, 0.0000000000000000000, 1.000000000000000000 ) ) ;
#4845 = VECTOR ( 'NONE', #747, 1000.000000000000000 ) ;
#4846 = LINE ( 'NONE', #1717, #1273 ) ;
#4847 = PLANE ( 'NONE',  #52 ) ;
#4848 = FACE_OUTER_BOUND ( 'NONE', #8993, .T. ) ;
#4849 = CARTESIAN_POINT ( 'NONE',  ( 0.1249069645736537448, -3.000000000000000000, 0.0000000000000000000 ) ) ;
#4850 =( GEOMETRIC_REPRESENTATION_CONTEXT ( 3 ) GLOBAL_UNCERTAINTY_ASSIGNED_CONTEXT ( ( #704 ) ) GLOBAL_UNIT_ASSIGNED_CONTEXT ( ( #1287, #6843, #1186 ) ) REPRESENTATION_CONTEXT ( 'NONE', 'WORKASPACE' ) );
#4851 = MECHANICAL_DESIGN_GEOMETRIC_PRESENTATION_REPRESENTATION (  '', ( #2015 ), #5823 ) ;
#4852 = ORIENTED_EDGE ( 'NONE', *, *, #1457, .F. ) ;
#4853 = DIRECTION ( 'NONE',  ( 0.0000000000000000000, 0.0000000000000000000, 1.000000000000000000 ) ) ;
#4854 = ORIENTED_EDGE ( 'NONE', *, *, #9649, .F. ) ;
#4855 = PRESENTATION_STYLE_ASSIGNMENT (( #7940 ) ) ;
#4856 = ORIENTED_EDGE ( 'NONE', *, *, #9420, .F. ) ;
#4857 = SURFACE_STYLE_FILL_AREA ( #6236 ) ;
#4858 = DIRECTION ( 'NONE',  ( 3.045232680045606804E-16, 0.4383711467890774038, -0.8987940462991671486 ) ) ;
#4859 =( NAMED_UNIT ( * ) PLANE_ANGLE_UNIT ( ) SI_UNIT ( $, .RADIAN. ) );
#4860 = AXIS2_PLACEMENT_3D ( 'NONE', #6243, #7946, #7141 ) ;
#4861 = SURFACE_STYLE_FILL_AREA ( #4135 ) ;
#4862 = EDGE_CURVE ( 'NONE', #5898, #8852, #7261, .T. ) ;
#4863 = PRESENTATION_LAYER_ASSIGNMENT (  '', '', ( #6501 ) ) ;
#4864 = ORIENTED_EDGE ( 'NONE', *, *, #8509, .T. ) ;
#4865 = PLANE ( 'NONE',  #2688 ) ;
#4866 = UNCERTAINTY_MEASURE_WITH_UNIT (LENGTH_MEASURE( 1.000000000000000082E-05 ), #2113, 'distance_accuracy_value', 'NONE');
#4867 = DIRECTION ( 'NONE',  ( -0.0000000000000000000, 1.000000000000000000, -0.0000000000000000000 ) ) ;
#4868 = AXIS2_PLACEMENT_3D ( 'NONE', #8458, #651, #6997 ) ;
#4869 = LINE ( 'NONE', #9613, #70 ) ;
#4870 = CARTESIAN_POINT ( 'NONE',  ( 2.859999999999997655, 8.800000000000000711, -1.590000000000002300 ) ) ;
#4871 = CARTESIAN_POINT ( 'NONE',  ( -2.849487871729337041, -2.621553056976517748, -0.9605121282706668984 ) ) ;
#4872 =( NAMED_UNIT ( * ) PLANE_ANGLE_UNIT ( ) SI_UNIT ( $, .RADIAN. ) );
#4873 = DIRECTION ( 'NONE',  ( 1.000000000000000000, 0.0000000000000000000, 0.0000000000000000000 ) ) ;
#4874 = PLANE ( 'NONE',  #5562 ) ;
#4875 = ORIENTED_EDGE ( 'NONE', *, *, #2076, .T. ) ;
#4876 = EDGE_CURVE ( 'NONE', #10207, #10257, #9692, .T. ) ;
#4877 = ORIENTED_EDGE ( 'NONE', *, *, #9457, .T. ) ;
#4878 = DIRECTION ( 'NONE',  ( 0.3892816206350231401, -0.8348171294789895613, -0.3892816206350228625 ) ) ;
#4879 =( LENGTH_UNIT ( ) NAMED_UNIT ( * ) SI_UNIT ( .MILLI., .METRE. ) );
#4880 = EDGE_CURVE ( 'NONE', #1269, #6586, #4996, .T. ) ;
#4881 = PRESENTATION_STYLE_ASSIGNMENT (( #964 ) ) ;
#4882 = SURFACE_STYLE_USAGE ( .BOTH. , #1024 ) ;
#4883 = EDGE_CURVE ( 'NONE', #4723, #249, #1029, .T. ) ;
#4884 = ORIENTED_EDGE ( 'NONE', *, *, #1385, .T. ) ;
#4886 = ORIENTED_EDGE ( 'NONE', *, *, #5873, .F. ) ;
#4885 = DIRECTION ( 'NONE',  ( -0.0000000000000000000, 0.0000000000000000000, 1.000000000000000000 ) ) ;
#4887 = DIRECTION ( 'NONE',  ( 1.000000000000000000, -0.0000000000000000000, 3.388131789017201849E-16 ) ) ;
#4888 =( LENGTH_UNIT ( ) NAMED_UNIT ( * ) SI_UNIT ( .MILLI., .METRE. ) );
#4889 = DIRECTION ( 'NONE',  ( 1.000000000000000000, 0.0000000000000000000, 3.388131789017201849E-16 ) ) ;
#4890 = DIRECTION ( 'NONE',  ( -3.070690223892709539E-16, 0.4226182617406972208, 0.9063077870366510469 ) ) ;
#4891 = CARTESIAN_POINT ( 'NONE',  ( -5.400000000000002132, 0.0000000000000000000, -1.590000000000002522 ) ) ;
#4892 = LINE ( 'NONE', #923, #6807 ) ;
#4893 = EDGE_CURVE ( 'NONE', #1465, #2422, #3563, .T. ) ;
#4894 = STYLED_ITEM ( 'NONE', ( #7930 ), #5373 ) ;
#4895 = AXIS2_PLACEMENT_3D ( 'NONE', #8212, #2740, #7373 ) ;
#4896 = ORIENTED_EDGE ( 'NONE', *, *, #6486, .T. ) ;
#4897 = ORIENTED_EDGE ( 'NONE', *, *, #1493, .T. ) ;
#4898 =( NAMED_UNIT ( * ) PLANE_ANGLE_UNIT ( ) SI_UNIT ( $, .RADIAN. ) );
#4899 = MECHANICAL_DESIGN_GEOMETRIC_PRESENTATION_REPRESENTATION (  '', ( #5718 ), #5069 ) ;
#4900 = ORIENTED_EDGE ( 'NONE', *, *, #4372, .T. ) ;
#4901 = ORIENTED_EDGE ( 'NONE', *, *, #6891, .F. ) ;
#4902 = CARTESIAN_POINT ( 'NONE',  ( -10.16000000000000192, 6.199999999999999289, -1.649999999999999689 ) ) ;
#4903 = DIRECTION ( 'NONE',  ( 0.0000000000000000000, -1.000000000000000000, 0.0000000000000000000 ) ) ;
#4904 = DIRECTION ( 'NONE',  ( 0.0000000000000000000, 0.0000000000000000000, -1.000000000000000000 ) ) ;
#4905 = LINE ( 'NONE', #10152, #7868 ) ;
#4906 = COLOUR_RGB ( '',0.9686274509803921573, 0.8784313725490195957, 0.5999999999999999778 ) ;
#4907 = VECTOR ( 'NONE', #8342, 1000.000000000000000 ) ;
#4908 = FACE_OUTER_BOUND ( 'NONE', #4925, .T. ) ;
#4909 = DIRECTION ( 'NONE',  ( 0.0000000000000000000, -1.000000000000000000, 0.0000000000000000000 ) ) ;
#4910 = CARTESIAN_POINT ( 'NONE',  ( 10.16000000000000014, -3.000000000000000000, 1.145093035426344441 ) ) ;
#4911 = MECHANICAL_DESIGN_GEOMETRIC_PRESENTATION_REPRESENTATION (  '', ( #9703 ), #6379 ) ;
#4912 = STYLED_ITEM ( 'NONE', ( #7448 ), #755 ) ;
#4913 = FILL_AREA_STYLE_COLOUR ( '', #8877 ) ;
#4914 = PLANE ( 'NONE',  #4105 ) ;
#4915 = VERTEX_POINT ( 'NONE', #9082 ) ;
#4916 = CARTESIAN_POINT ( 'NONE',  ( -0.3200000000000017275, 8.800000000000000711, -0.9500000000000025091 ) ) ;
#4917 = LINE ( 'NONE', #9612, #9176 ) ;
#4918 = ADVANCED_FACE ( 'NONE', ( #5168, #7655 ), #6934, .F. ) ;
#4919 = CARTESIAN_POINT ( 'NONE',  ( 2.540000000000000480, 1.299999999999999156, -0.9500000000000006217 ) ) ;
#4920 =( LENGTH_UNIT ( ) NAMED_UNIT ( * ) SI_UNIT ( .MILLI., .METRE. ) );
#4921 = MECHANICAL_DESIGN_GEOMETRIC_PRESENTATION_REPRESENTATION (  '', ( #9357 ), #2920 ) ;
#4922 = LINE ( 'NONE', #8048, #1359 ) ;
#4923 = DIRECTION ( 'NONE',  ( -1.522616340022803402E-16, 0.4383711467890773483, 0.8987940462991671486 ) ) ;
#4924 = FILL_AREA_STYLE_COLOUR ( '', #1808 ) ;
#4925 = EDGE_LOOP ( 'NONE', ( #6260, #2221, #5585, #9315 ) ) ;
#4926 = ORIENTED_EDGE ( 'NONE', *, *, #5813, .T. ) ;
#4927 = CARTESIAN_POINT ( 'NONE',  ( 2.219999999999996643, 8.800000000000000711, 0.9499999999999971800 ) ) ;
#4928 =( GEOMETRIC_REPRESENTATION_CONTEXT ( 3 ) GLOBAL_UNCERTAINTY_ASSIGNED_CONTEXT ( ( #4987 ) ) GLOBAL_UNIT_ASSIGNED_CONTEXT ( ( #447, #4320, #2856 ) ) REPRESENTATION_CONTEXT ( 'NONE', 'WORKASPACE' ) );
#4929 = DIRECTION ( 'NONE',  ( 0.0000000000000000000, -1.000000000000000000, 0.0000000000000000000 ) ) ;
#4930 = CARTESIAN_POINT ( 'NONE',  ( -4.856985715305110141, 8.579085153560457755, -1.493014284694895055 ) ) ;
#4931 = CARTESIAN_POINT ( 'NONE',  ( -8.859999999999997655, 1.299999999999999156, -3.199999999999999734 ) ) ;
#4932 = ADVANCED_FACE ( 'NONE', ( #3835 ), #4607, .F. ) ;
#4933 = DIRECTION ( 'NONE',  ( 0.0000000000000000000, 0.0000000000000000000, 1.000000000000000000 ) ) ;
#4934 = AXIS2_PLACEMENT_3D ( 'NONE', #2832, #7646, #4443 ) ;
#4935 = ORIENTED_EDGE ( 'NONE', *, *, #5012, .F. ) ;
#4936 = EDGE_CURVE ( 'NONE', #9563, #3965, #4553, .T. ) ;
#4937 = ORIENTED_EDGE ( 'NONE', *, *, #7358, .F. ) ;
#4939 = EDGE_LOOP ( 'NONE', ( #8791, #5023, #5786, #2680 ) ) ;
#4938 = LINE ( 'NONE', #4110, #6828 ) ;
#4940 = VECTOR ( 'NONE', #203, 1000.000000000000000 ) ;
#4941 = DIRECTION ( 'NONE',  ( 0.0000000000000000000, -1.000000000000000000, 0.0000000000000000000 ) ) ;
#4942 = LINE ( 'NONE', #8166, #2721 ) ;
#4943 = PLANE ( 'NONE',  #5368 ) ;
#4944 = UNCERTAINTY_MEASURE_WITH_UNIT (LENGTH_MEASURE( 1.000000000000000082E-05 ), #96, 'distance_accuracy_value', 'NONE');
#4945 = FACE_OUTER_BOUND ( 'NONE', #2592, .T. ) ;
#4946 = FACE_OUTER_BOUND ( 'NONE', #6686, .T. ) ;
#4947 =( GEOMETRIC_REPRESENTATION_CONTEXT ( 3 ) GLOBAL_UNCERTAINTY_ASSIGNED_CONTEXT ( ( #493 ) ) GLOBAL_UNIT_ASSIGNED_CONTEXT ( ( #5678, #6871, #10023 ) ) REPRESENTATION_CONTEXT ( 'NONE', 'WORKASPACE' ) );
#4948 =( GEOMETRIC_REPRESENTATION_CONTEXT ( 3 ) GLOBAL_UNCERTAINTY_ASSIGNED_CONTEXT ( ( #6914 ) ) GLOBAL_UNIT_ASSIGNED_CONTEXT ( ( #6900, #1350, #2737 ) ) REPRESENTATION_CONTEXT ( 'NONE', 'WORKASPACE' ) );
#4949 = EDGE_CURVE ( 'NONE', #1339, #3556, #3778, .T. ) ;
#4950 = FACE_OUTER_BOUND ( 'NONE', #2443, .T. ) ;
#4951 = ORIENTED_EDGE ( 'NONE', *, *, #2767, .T. ) ;
#4952 = ADVANCED_FACE ( 'NONE', ( #8392 ), #9291, .T. ) ;
#4953 = CARTESIAN_POINT ( 'NONE',  ( -8.859999999999997655, 1.299999999999999156, -3.199999999999999734 ) ) ;
#4954 = STYLED_ITEM ( 'NONE', ( #7888 ), #6901 ) ;
#4955 =( LENGTH_UNIT ( ) NAMED_UNIT ( * ) SI_UNIT ( .MILLI., .METRE. ) );
#4956 = ORIENTED_EDGE ( 'NONE', *, *, #5812, .F. ) ;
#4957 = EDGE_LOOP ( 'NONE', ( #4544, #3858, #10012, #6289 ) ) ;
#4958 = CARTESIAN_POINT ( 'NONE',  ( 2.415093035426340684, -3.000000000000000000, 1.145093035426341777 ) ) ;
#4959 = UNCERTAINTY_MEASURE_WITH_UNIT (LENGTH_MEASURE( 1.000000000000000082E-05 ), #4599, 'distance_accuracy_value', 'NONE');
#4960 =( NAMED_UNIT ( * ) PLANE_ANGLE_UNIT ( ) SI_UNIT ( $, .RADIAN. ) );
#4961 = MECHANICAL_DESIGN_GEOMETRIC_PRESENTATION_REPRESENTATION (  '', ( #3972 ), #5433 ) ;
#4962 = CARTESIAN_POINT ( 'NONE',  ( -2.220000000000001972, -2.600000000000000089, -1.590000000000002300 ) ) ;
#4963 = SURFACE_SIDE_STYLE ('',( #2614 ) ) ;
#4964 = AXIS2_PLACEMENT_3D ( 'NONE', #3507, #1215, #1163 ) ;
#4965 =( NAMED_UNIT ( * ) PLANE_ANGLE_UNIT ( ) SI_UNIT ( $, .RADIAN. ) );
#4966 = STYLED_ITEM ( 'NONE', ( #6497 ), #3219 ) ;
#4967 =( LENGTH_UNIT ( ) NAMED_UNIT ( * ) SI_UNIT ( .MILLI., .METRE. ) );
#4968 = PLANE ( 'NONE',  #2439 ) ;
#4969 = PRESENTATION_LAYER_ASSIGNMENT (  '', '', ( #2797 ) ) ;
#4970 = EDGE_LOOP ( 'NONE', ( #2188, #9943, #8598, #4997 ) ) ;
#4971 = CARTESIAN_POINT ( 'NONE',  ( 0.1500000000000008271, 0.0000000000000000000, -4.549999999999999822 ) ) ;
#4972 = UNCERTAINTY_MEASURE_WITH_UNIT (LENGTH_MEASURE( 1.000000000000000082E-05 ), #890, 'distance_accuracy_value', 'NONE');
#4973 = CARTESIAN_POINT ( 'NONE',  ( -2.220000000000001972, 0.0000000000000000000, -1.590000000000002300 ) ) ;
#4974 = COLOUR_RGB ( '',0.9686274509803921573, 0.8784313725490195957, 0.5999999999999999778 ) ;
#4975 =( NAMED_UNIT ( * ) SI_UNIT ( $, .STERADIAN. ) SOLID_ANGLE_UNIT ( ) );
#4976 = CARTESIAN_POINT ( 'NONE',  ( 8.859999999999999432, 0.0000000000000000000, 1.750000000000000222 ) ) ;
#4977 = VECTOR ( 'NONE', #6353, 1000.000000000000000 ) ;
#4978 = VECTOR ( 'NONE', #4512, 1000.000000000000000 ) ;
#4979 =( NAMED_UNIT ( * ) SI_UNIT ( $, .STERADIAN. ) SOLID_ANGLE_UNIT ( ) );
#4980 =( LENGTH_UNIT ( ) NAMED_UNIT ( * ) SI_UNIT ( .MILLI., .METRE. ) );
#4981 = DIRECTION ( 'NONE',  ( 0.0000000000000000000, 0.0000000000000000000, 1.000000000000000000 ) ) ;
#4982 = MECHANICAL_DESIGN_GEOMETRIC_PRESENTATION_REPRESENTATION (  '', ( #4483 ), #9589 ) ;
#4983 = ORIENTED_EDGE ( 'NONE', *, *, #1799, .T. ) ;
#4984 = ORIENTED_EDGE ( 'NONE', *, *, #4121, .T. ) ;
#4985 =( NAMED_UNIT ( * ) SI_UNIT ( $, .STERADIAN. ) SOLID_ANGLE_UNIT ( ) );
#4986 = VECTOR ( 'NONE', #7898, 1000.000000000000000 ) ;
#4987 = UNCERTAINTY_MEASURE_WITH_UNIT (LENGTH_MEASURE( 1.000000000000000082E-05 ), #447, 'distance_accuracy_value', 'NONE');
#4988 = LINE ( 'NONE', #6728, #9540 ) ;
#4989 = DIRECTION ( 'NONE',  ( -0.0000000000000000000, 0.0000000000000000000, 1.000000000000000000 ) ) ;
#4990 = DIRECTION ( 'NONE',  ( -1.000000000000000000, 0.0000000000000000000, -0.0000000000000000000 ) ) ;
#4991 = VECTOR ( 'NONE', #9286, 1000.000000000000000 ) ;
#4992 = COLOUR_RGB ( '',0.3137254901960784270, 0.3137254901960784270, 0.3137254901960784270 ) ;
#4993 = EDGE_CURVE ( 'NONE', #6479, #2340, #8289, .T. ) ;
#4994 = VERTEX_POINT ( 'NONE', #1737 ) ;
#4995 = ORIENTED_EDGE ( 'NONE', *, *, #325, .F. ) ;
#4997 = ORIENTED_EDGE ( 'NONE', *, *, #7707, .T. ) ;
#4996 = LINE ( 'NONE', #8119, #4349 ) ;
#4998 = CARTESIAN_POINT ( 'NONE',  ( 7.500000000000000000, -0.1000000000000000056, -2.699999999999999289 ) ) ;
#4999 = VECTOR ( 'NONE', #10213, 1000.000000000000000 ) ;
#5000 = LINE ( 'NONE', #8021, #5409 ) ;
#5001 =( LENGTH_UNIT ( ) NAMED_UNIT ( * ) SI_UNIT ( .MILLI., .METRE. ) );
#5002 = DIRECTION ( 'NONE',  ( 0.0000000000000000000, -1.000000000000000000, 0.0000000000000000000 ) ) ;
#5003 = FACE_OUTER_BOUND ( 'NONE', #8197, .T. ) ;
#5004 =( NAMED_UNIT ( * ) PLANE_ANGLE_UNIT ( ) SI_UNIT ( $, .RADIAN. ) );
#5005 = FACE_OUTER_BOUND ( 'NONE', #7147, .T. ) ;
#5006 = STYLED_ITEM ( 'NONE', ( #9602 ), #9320 ) ;
#5007 = EDGE_LOOP ( 'NONE', ( #4098, #4212, #4362, #791 ) ) ;
#5008 = SURFACE_SIDE_STYLE ('',( #1827 ) ) ;
#5009 = VERTEX_POINT ( 'NONE', #8660 ) ;
#5010 = ORIENTED_EDGE ( 'NONE', *, *, #1493, .F. ) ;
#5011 = PRESENTATION_STYLE_ASSIGNMENT (( #1153 ) ) ;
#5012 = EDGE_CURVE ( 'NONE', #6601, #5655, #13, .T. ) ;
#5013 = DIRECTION ( 'NONE',  ( 0.0000000000000000000, -0.0000000000000000000, -1.000000000000000000 ) ) ;
#5014 = SURFACE_STYLE_FILL_AREA ( #8138 ) ;
#5015 = CARTESIAN_POINT ( 'NONE',  ( 8.860000000000001208, 8.400000000000002132, -3.199999999999999734 ) ) ;
#5016 = ADVANCED_FACE ( 'NONE', ( #7148 ), #4865, .F. ) ;
#5017 = EDGE_CURVE ( 'NONE', #380, #1282, #7973, .T. ) ;
#5018 = PRESENTATION_LAYER_ASSIGNMENT (  '', '', ( #3857 ) ) ;
#5019 = FILL_AREA_STYLE_COLOUR ( '', #3973 ) ;
#5020 = DIRECTION ( 'NONE',  ( 0.0000000000000000000, 0.0000000000000000000, -1.000000000000000000 ) ) ;
#5021 = LINE ( 'NONE', #7495, #94 ) ;
#5022 = MECHANICAL_DESIGN_GEOMETRIC_PRESENTATION_REPRESENTATION (  '', ( #8619 ), #3696 ) ;
#5023 = ORIENTED_EDGE ( 'NONE', *, *, #9129, .F. ) ;
#5024 = DIRECTION ( 'NONE',  ( 0.0000000000000000000, 0.0000000000000000000, 1.000000000000000000 ) ) ;
#5025 = DIRECTION ( 'NONE',  ( 0.4014883995042277109, -0.8231732078530417107, 0.4014883995042278220 ) ) ;
#5026 = PLANE ( 'NONE',  #2907 ) ;
#5027 = CARTESIAN_POINT ( 'NONE',  ( -7.849999999999999645, 9.000000000000000000, -4.549999999999998934 ) ) ;
#5028 = LINE ( 'NONE', #1174, #840 ) ;
#5029 = CARTESIAN_POINT ( 'NONE',  ( -2.860000000000002540, 1.299999999999999156, 0.9499999999999971800 ) ) ;
#5030 = ORIENTED_EDGE ( 'NONE', *, *, #3862, .T. ) ;
#5031 = ORIENTED_EDGE ( 'NONE', *, *, #8980, .T. ) ;
#5032 = SURFACE_STYLE_FILL_AREA ( #6414 ) ;
#5033 = VECTOR ( 'NONE', #7864, 1000.000000000000000 ) ;
#5034 = FACE_BOUND ( 'NONE', #7657, .T. ) ;
#5035 = DIRECTION ( 'NONE',  ( 1.694065894508600925E-16, 0.0000000000000000000, -1.000000000000000000 ) ) ;
#5036 =( NAMED_UNIT ( * ) PLANE_ANGLE_UNIT ( ) SI_UNIT ( $, .RADIAN. ) );
#5037 = FACE_OUTER_BOUND ( 'NONE', #2995, .T. ) ;
#5038 = CARTESIAN_POINT ( 'NONE',  ( -2.860000000000001652, 0.0000000000000000000, -1.590000000000002522 ) ) ;
#5039 = DIRECTION ( 'NONE',  ( 1.000000000000000000, 0.0000000000000000000, 0.0000000000000000000 ) ) ;
#5040 = PLANE ( 'NONE',  #10247 ) ;
#5041 = ORIENTED_EDGE ( 'NONE', *, *, #897, .F. ) ;
#5042 = VERTEX_POINT ( 'NONE', #752 ) ;
#5043 = CARTESIAN_POINT ( 'NONE',  ( 4.759999999999997122, 0.0000000000000000000, 0.0000000000000000000 ) ) ;
#5044 = SURFACE_STYLE_USAGE ( .BOTH. , #1916 ) ;
#5045 = FILL_AREA_STYLE ('',( #4267 ) ) ;
#5046 = UNCERTAINTY_MEASURE_WITH_UNIT (LENGTH_MEASURE( 1.000000000000000082E-05 ), #7920, 'distance_accuracy_value', 'NONE');
#5047 = SURFACE_STYLE_FILL_AREA ( #9812 ) ;
#5048 = EDGE_CURVE ( 'NONE', #5662, #5573, #1587, .T. ) ;
#5049 = CARTESIAN_POINT ( 'NONE',  ( 2.859999999999996767, -2.600000000000000089, 0.9499999999999972911 ) ) ;
#5050 = EDGE_LOOP ( 'NONE', ( #1779, #8016, #3429, #8031 ) ) ;
#5051 = LINE ( 'NONE', #4273, #3587 ) ;
#5052 = DIRECTION ( 'NONE',  ( 0.0000000000000000000, 0.0000000000000000000, 1.000000000000000000 ) ) ;
#5053 = VERTEX_POINT ( 'NONE', #7902 ) ;
#5054 = ORIENTED_EDGE ( 'NONE', *, *, #7142, .F. ) ;
#5055 = CARTESIAN_POINT ( 'NONE',  ( 2.230512128270663474, -2.621553056976517748, -0.9605121282706685637 ) ) ;
#5056 = UNCERTAINTY_MEASURE_WITH_UNIT (LENGTH_MEASURE( 1.000000000000000082E-05 ), #3144, 'distance_accuracy_value', 'NONE');
#5057 = LINE ( 'NONE', #8177, #3732 ) ;
#5058 = LINE ( 'NONE', #3448, #3412 ) ;
#5059 =( NAMED_UNIT ( * ) SI_UNIT ( $, .STERADIAN. ) SOLID_ANGLE_UNIT ( ) );
#5060 = VECTOR ( 'NONE', #8428, 1000.000000000000000 ) ;
#5061 = ADVANCED_FACE ( 'NONE', ( #2308 ), #3151, .T. ) ;
#5062 = FACE_OUTER_BOUND ( 'NONE', #1674, .T. ) ;
#5063 = EDGE_CURVE ( 'NONE', #5446, #9876, #264, .T. ) ;
#5064 = PRESENTATION_STYLE_ASSIGNMENT (( #4384 ) ) ;
#5065 = ADVANCED_FACE ( 'NONE', ( #5161 ), #8096, .T. ) ;
#5066 = PRESENTATION_LAYER_ASSIGNMENT (  '', '', ( #6878 ) ) ;
#5067 = ORIENTED_EDGE ( 'NONE', *, *, #3486, .T. ) ;
#5068 =( LENGTH_UNIT ( ) NAMED_UNIT ( * ) SI_UNIT ( .MILLI., .METRE. ) );
#5069 =( GEOMETRIC_REPRESENTATION_CONTEXT ( 3 ) GLOBAL_UNCERTAINTY_ASSIGNED_CONTEXT ( ( #9739 ) ) GLOBAL_UNIT_ASSIGNED_CONTEXT ( ( #4216, #8956, #9148 ) ) REPRESENTATION_CONTEXT ( 'NONE', 'WORKASPACE' ) );
#5070 = SURFACE_SIDE_STYLE ('',( #7999 ) ) ;
#5071 =( GEOMETRIC_REPRESENTATION_CONTEXT ( 3 ) GLOBAL_UNCERTAINTY_ASSIGNED_CONTEXT ( ( #7327 ) ) GLOBAL_UNIT_ASSIGNED_CONTEXT ( ( #8676, #4773, #4833 ) ) REPRESENTATION_CONTEXT ( 'NONE', 'WORKASPACE' ) );
#5072 = COLOUR_RGB ( '',0.9686274509803921573, 0.8784313725490195957, 0.5999999999999999778 ) ;
#5073 = SURFACE_SIDE_STYLE ('',( #3466 ) ) ;
#5074 = ORIENTED_EDGE ( 'NONE', *, *, #9813, .T. ) ;
#5075 = ADVANCED_FACE ( 'NONE', ( #3354 ), #9071, .T. ) ;
#5076 = ORIENTED_EDGE ( 'NONE', *, *, #9420, .T. ) ;
#5077 = DIRECTION ( 'NONE',  ( -1.906289534040447240E-16, -0.0000000000000000000, -1.000000000000000000 ) ) ;
#5078 = UNCERTAINTY_MEASURE_WITH_UNIT (LENGTH_MEASURE( 1.000000000000000082E-05 ), #4955, 'distance_accuracy_value', 'NONE');
#5079 = STYLED_ITEM ( 'NONE', ( #2478 ), #1747 ) ;
#5080 = CARTESIAN_POINT ( 'NONE',  ( 2.219999999999997531, 0.0000000000000000000, -1.590000000000002522 ) ) ;
#5081 =( NAMED_UNIT ( * ) PLANE_ANGLE_UNIT ( ) SI_UNIT ( $, .RADIAN. ) );
#5082 = PLANE ( 'NONE',  #5629 ) ;
#5083 = PRESENTATION_STYLE_ASSIGNMENT (( #5890 ) ) ;
#5084 = DIRECTION ( 'NONE',  ( 1.000000000000000000, 0.0000000000000000000, 3.388131789017201849E-16 ) ) ;
#5085 =( GEOMETRIC_REPRESENTATION_CONTEXT ( 3 ) GLOBAL_UNCERTAINTY_ASSIGNED_CONTEXT ( ( #6837 ) ) GLOBAL_UNIT_ASSIGNED_CONTEXT ( ( #6174, #2087, #7584 ) ) REPRESENTATION_CONTEXT ( 'NONE', 'WORKASPACE' ) );
#5086 = CARTESIAN_POINT ( 'NONE',  ( -5.400000000000002132, 8.371098615898084461, -0.9500000000000025091 ) ) ;
#5087 = STYLED_ITEM ( 'NONE', ( #2775 ), #1885 ) ;
#5088 = VECTOR ( 'NONE', #88, 1000.000000000000114 ) ;
#5089 = ORIENTED_EDGE ( 'NONE', *, *, #3517, .T. ) ;
#5090 = ORIENTED_EDGE ( 'NONE', *, *, #3988, .F. ) ;
#5091 = ORIENTED_EDGE ( 'NONE', *, *, #9141, .F. ) ;
#5092 = DIRECTION ( 'NONE',  ( 0.0000000000000000000, 0.0000000000000000000, -1.000000000000000000 ) ) ;
#5093 = FACE_OUTER_BOUND ( 'NONE', #201, .T. ) ;
#5094 = FACE_OUTER_BOUND ( 'NONE', #1606, .T. ) ;
#5095 = VECTOR ( 'NONE', #1635, 1000.000000000000000 ) ;
#5096 = LINE ( 'NONE', #1140, #5895 ) ;
#5097 = DIRECTION ( 'NONE',  ( 3.388131789017201849E-16, 0.0000000000000000000, -1.000000000000000000 ) ) ;
#5098 = FACE_OUTER_BOUND ( 'NONE', #9577, .T. ) ;
#5099 =( NAMED_UNIT ( * ) SI_UNIT ( $, .STERADIAN. ) SOLID_ANGLE_UNIT ( ) );
#5100 = COLOUR_RGB ( '',0.9686274509803921573, 0.8784313725490195957, 0.5999999999999999778 ) ;
#5101 = EDGE_LOOP ( 'NONE', ( #10219, #4276 ) ) ;
#5102 = DIRECTION ( 'NONE',  ( 1.000000000000000000, 0.0000000000000000000, 1.694065894508600925E-16 ) ) ;
#5103 = EDGE_CURVE ( 'NONE', #9373, #5946, #6671, .T. ) ;
#5104 =( NAMED_UNIT ( * ) PLANE_ANGLE_UNIT ( ) SI_UNIT ( $, .RADIAN. ) );
#5105 = ORIENTED_EDGE ( 'NONE', *, *, #5824, .F. ) ;
#5106 = ORIENTED_EDGE ( 'NONE', *, *, #146, .F. ) ;
#5107 = COLOUR_RGB ( '',0.9686274509803921573, 0.8784313725490195957, 0.5999999999999999778 ) ;
#5108 = FILL_AREA_STYLE ('',( #7281 ) ) ;
#5109 = DIRECTION ( 'NONE',  ( 0.0000000000000000000, 0.0000000000000000000, -1.000000000000000000 ) ) ;
#5110 = CARTESIAN_POINT ( 'NONE',  ( 8.150000000000002132, 0.0000000000000000000, -4.549999999999999822 ) ) ;
#5111 = FILL_AREA_STYLE_COLOUR ( '', #6585 ) ;
#5112 = PRESENTATION_LAYER_ASSIGNMENT (  '', '', ( #7907 ) ) ;
#5113 = DIRECTION ( 'NONE',  ( 0.0000000000000000000, -1.000000000000000000, 0.0000000000000000000 ) ) ;
#5114 = MECHANICAL_DESIGN_GEOMETRIC_PRESENTATION_REPRESENTATION (  '', ( #7749 ), #3454 ) ;
#5115 = SURFACE_STYLE_FILL_AREA ( #7493 ) ;
#5116 = CARTESIAN_POINT ( 'NONE',  ( -2.860000000000002540, -2.599999999999996536, 1.589999999999997193 ) ) ;
#5117 = COLOUR_RGB ( '',0.3137254901960784270, 0.3137254901960784270, 0.3137254901960784270 ) ;
#5118 = COLOUR_RGB ( '',0.9686274509803921573, 0.8784313725490195957, 0.5999999999999999778 ) ;
#5119 = ADVANCED_FACE ( 'NONE', ( #2829 ), #531, .F. ) ;
#5120 = CIRCLE ( 'NONE', #2291, 0.5000000000000008882 ) ;
#5121 = ADVANCED_FACE ( 'NONE', ( #10026 ), #9128, .T. ) ;
#5122 =( NAMED_UNIT ( * ) SI_UNIT ( $, .STERADIAN. ) SOLID_ANGLE_UNIT ( ) );
#5123 = AXIS2_PLACEMENT_3D ( 'NONE', #4084, #4189, #5781 ) ;
#5124 = FILL_AREA_STYLE ('',( #5932 ) ) ;
#5125 = ORIENTED_EDGE ( 'NONE', *, *, #2270, .F. ) ;
#5126 = AXIS2_PLACEMENT_3D ( 'NONE', #5915, #995, #2759 ) ;
#5127 = SURFACE_SIDE_STYLE ('',( #9947 ) ) ;
#5128 = SURFACE_STYLE_FILL_AREA ( #5938 ) ;
#5129 = LINE ( 'NONE', #7555, #1162 ) ;
#5130 = DIRECTION ( 'NONE',  ( 0.0000000000000000000, 0.0000000000000000000, -1.000000000000000000 ) ) ;
#5131 = EDGE_CURVE ( 'NONE', #7228, #429, #581, .T. ) ;
#5132 = VECTOR ( 'NONE', #555, 1000.000000000000000 ) ;
#5133 = VECTOR ( 'NONE', #1547, 1000.000000000000000 ) ;
#5134 = ORIENTED_EDGE ( 'NONE', *, *, #9983, .F. ) ;
#5135 = ORIENTED_EDGE ( 'NONE', *, *, #3159, .F. ) ;
#5136 = SURFACE_STYLE_USAGE ( .BOTH. , #8354 ) ;
#5137 = LINE ( 'NONE', #1970, #2258 ) ;
#5138 = CARTESIAN_POINT ( 'NONE',  ( -5.400000000000002132, 8.371098615898084461, -0.9500000000000025091 ) ) ;
#5139 = CARTESIAN_POINT ( 'NONE',  ( 2.859999999999997655, 8.800000000000000711, -1.150000000000003020 ) ) ;
#5140 =( NAMED_UNIT ( * ) SI_UNIT ( $, .STERADIAN. ) SOLID_ANGLE_UNIT ( ) );
#5141 = UNCERTAINTY_MEASURE_WITH_UNIT (LENGTH_MEASURE( 1.000000000000000082E-05 ), #7606, 'distance_accuracy_value', 'NONE');
#5142 = COLOUR_RGB ( '',0.9686274509803921573, 0.8784313725490195957, 0.5999999999999999778 ) ;
#5143 = COLOUR_RGB ( '',0.3137254901960784270, 0.3137254901960784270, 0.3137254901960784270 ) ;
#5144 = SURFACE_STYLE_USAGE ( .BOTH. , #5851 ) ;
#5145 = EDGE_LOOP ( 'NONE', ( #7199, #8281, #8421, #4252 ) ) ;
#5146 = FACE_OUTER_BOUND ( 'NONE', #8781, .T. ) ;
#5147 = VERTEX_POINT ( 'NONE', #8441 ) ;
#5149 = ORIENTED_EDGE ( 'NONE', *, *, #9258, .T. ) ;
#5148 =( NAMED_UNIT ( * ) SI_UNIT ( $, .STERADIAN. ) SOLID_ANGLE_UNIT ( ) );
#5150 = UNCERTAINTY_MEASURE_WITH_UNIT (LENGTH_MEASURE( 1.000000000000000082E-05 ), #7411, 'distance_accuracy_value', 'NONE');
#5151 = DIRECTION ( 'NONE',  ( -0.3892816206350222519, -0.8348171294789897834, -0.3892816206350232511 ) ) ;
#5152 = PLANE ( 'NONE',  #3470 ) ;
#5153 = CARTESIAN_POINT ( 'NONE',  ( 10.16000000000000014, -3.000000000000000000, 1.394906964573652708 ) ) ;
#5154 =( LENGTH_UNIT ( ) NAMED_UNIT ( * ) SI_UNIT ( .MILLI., .METRE. ) );
#5155 = MECHANICAL_DESIGN_GEOMETRIC_PRESENTATION_REPRESENTATION (  '', ( #9788 ), #3506 ) ;
#5156 =( GEOMETRIC_REPRESENTATION_CONTEXT ( 3 ) GLOBAL_UNCERTAINTY_ASSIGNED_CONTEXT ( ( #6937 ) ) GLOBAL_UNIT_ASSIGNED_CONTEXT ( ( #3633, #7610, #1290 ) ) REPRESENTATION_CONTEXT ( 'NONE', 'WORKASPACE' ) );
#5157 =( NAMED_UNIT ( * ) SI_UNIT ( $, .STERADIAN. ) SOLID_ANGLE_UNIT ( ) );
#5158 = DIRECTION ( 'NONE',  ( -0.0000000000000000000, -1.000000000000000000, -0.0000000000000000000 ) ) ;
#5159 = SURFACE_STYLE_FILL_AREA ( #8977 ) ;
#5160 = ORIENTED_EDGE ( 'NONE', *, *, #7519, .T. ) ;
#5161 = FACE_OUTER_BOUND ( 'NONE', #1090, .T. ) ;
#5162 = ADVANCED_FACE ( 'NONE', ( #8330 ), #1275, .T. ) ;
#5163 = DIRECTION ( 'NONE',  ( 0.0000000000000000000, 0.0000000000000000000, 1.000000000000000000 ) ) ;
#5164 =( GEOMETRIC_REPRESENTATION_CONTEXT ( 3 ) GLOBAL_UNCERTAINTY_ASSIGNED_CONTEXT ( ( #7043 ) ) GLOBAL_UNIT_ASSIGNED_CONTEXT ( ( #7767, #655, #4669 ) ) REPRESENTATION_CONTEXT ( 'NONE', 'WORKASPACE' ) );
#5165 = CARTESIAN_POINT ( 'NONE',  ( 4.955093035426345160, -3.000000000000000000, -1.394906964573656261 ) ) ;
#5166 =( GEOMETRIC_REPRESENTATION_CONTEXT ( 3 ) GLOBAL_UNCERTAINTY_ASSIGNED_CONTEXT ( ( #1211 ) ) GLOBAL_UNIT_ASSIGNED_CONTEXT ( ( #6169, #9316, #723 ) ) REPRESENTATION_CONTEXT ( 'NONE', 'WORKASPACE' ) );
#5167 = ORIENTED_EDGE ( 'NONE', *, *, #8374, .F. ) ;
#5168 = FACE_BOUND ( 'NONE', #8811, .T. ) ;
#5169 = DIRECTION ( 'NONE',  ( -0.0000000000000000000, 0.0000000000000000000, 1.000000000000000000 ) ) ;
#5170 = ORIENTED_EDGE ( 'NONE', *, *, #3868, .F. ) ;
#5171 = UNCERTAINTY_MEASURE_WITH_UNIT (LENGTH_MEASURE( 1.000000000000000082E-05 ), #2842, 'distance_accuracy_value', 'NONE');
#5172 = FACE_OUTER_BOUND ( 'NONE', #8266, .T. ) ;
#5173 =( LENGTH_UNIT ( ) NAMED_UNIT ( * ) SI_UNIT ( .MILLI., .METRE. ) );
#5174 = CARTESIAN_POINT ( 'NONE',  ( -5.387129544537347198E-16, 1.299999999999999156, 1.589999999999998970 ) ) ;
#5175 = SURFACE_STYLE_FILL_AREA ( #9090 ) ;
#5176 = AXIS2_PLACEMENT_3D ( 'NONE', #9984, #5265, #5419 ) ;
#5177 = PRESENTATION_STYLE_ASSIGNMENT (( #9138 ) ) ;
#5178 = EDGE_CURVE ( 'NONE', #2190, #1639, #8652, .T. ) ;
#5179 = ORIENTED_EDGE ( 'NONE', *, *, #9417, .F. ) ;
#5180 = DIRECTION ( 'NONE',  ( 0.0000000000000000000, 0.0000000000000000000, 1.000000000000000000 ) ) ;
#5181 = ORIENTED_EDGE ( 'NONE', *, *, #5728, .F. ) ;
#5182 = EDGE_LOOP ( 'NONE', ( #2509, #9986, #7714, #9344 ) ) ;
#5183 = ADVANCED_FACE ( 'NONE', ( #3984 ), #793, .F. ) ;
#5184 = LINE ( 'NONE', #2902, #8721 ) ;
#5185 = EDGE_CURVE ( 'NONE', #8267, #6166, #4755, .T. ) ;
#5186 = DIRECTION ( 'NONE',  ( -0.3892816206350231401, -0.8348171294789894503, 0.3892816206350231956 ) ) ;
#5187 = CARTESIAN_POINT ( 'NONE',  ( 2.219999999999996643, 8.800000000000000711, 1.589999999999997193 ) ) ;
#5188 =( NAMED_UNIT ( * ) SI_UNIT ( $, .STERADIAN. ) SOLID_ANGLE_UNIT ( ) );
#5189 =( NAMED_UNIT ( * ) PLANE_ANGLE_UNIT ( ) SI_UNIT ( $, .RADIAN. ) );
#5190 = ORIENTED_EDGE ( 'NONE', *, *, #9937, .F. ) ;
#5191 = FILL_AREA_STYLE_COLOUR ( '', #7230 ) ;
#5192 = ORIENTED_EDGE ( 'NONE', *, *, #4163, .F. ) ;
#5193 = DIRECTION ( 'NONE',  ( 0.0000000000000000000, 0.0000000000000000000, -1.000000000000000000 ) ) ;
#5194 = DIRECTION ( 'NONE',  ( 0.0000000000000000000, -1.000000000000000000, 0.0000000000000000000 ) ) ;
#5195 = SURFACE_STYLE_USAGE ( .BOTH. , #9872 ) ;
#5196 = VERTEX_POINT ( 'NONE', #6 ) ;
#5197 = CARTESIAN_POINT ( 'NONE',  ( -0.3200000000000017275, 0.0000000000000000000, 0.0000000000000000000 ) ) ;
#5198 = COLOUR_RGB ( '',0.9686274509803921573, 0.8784313725490195957, 0.5999999999999999778 ) ;
#5199 = DIRECTION ( 'NONE',  ( 0.0000000000000000000, -1.000000000000000000, 0.0000000000000000000 ) ) ;
#5200 =( NAMED_UNIT ( * ) SI_UNIT ( $, .STERADIAN. ) SOLID_ANGLE_UNIT ( ) );
#5201 = CARTESIAN_POINT ( 'NONE',  ( 2.249999999999999112, 9.000000000000000000, 4.549999999999999822 ) ) ;
#5202 = PRESENTATION_LAYER_ASSIGNMENT (  '', '', ( #8005 ) ) ;
#5203 =( NAMED_UNIT ( * ) PLANE_ANGLE_UNIT ( ) SI_UNIT ( $, .RADIAN. ) );
#5204 = DIRECTION ( 'NONE',  ( 1.000000000000000000, -0.0000000000000000000, -1.906289534040446993E-16 ) ) ;
#5205 = PRESENTATION_STYLE_ASSIGNMENT (( #2045 ) ) ;
#5206 =( GEOMETRIC_REPRESENTATION_CONTEXT ( 3 ) GLOBAL_UNCERTAINTY_ASSIGNED_CONTEXT ( ( #6049 ) ) GLOBAL_UNIT_ASSIGNED_CONTEXT ( ( #5968, #8481, #10017 ) ) REPRESENTATION_CONTEXT ( 'NONE', 'WORKASPACE' ) );
#5207 = MECHANICAL_DESIGN_GEOMETRIC_PRESENTATION_REPRESENTATION (  '', ( #7535 ), #6879 ) ;
#5208 = EDGE_CURVE ( 'NONE', #6182, #9484, #3192, .T. ) ;
#5209 = ORIENTED_EDGE ( 'NONE', *, *, #2185, .F. ) ;
#5210 =( NAMED_UNIT ( * ) PLANE_ANGLE_UNIT ( ) SI_UNIT ( $, .RADIAN. ) );
#5211 = SHAPE_DEFINITION_REPRESENTATION ( #2388, #1113 ) ;
#5212 = DIRECTION ( 'NONE',  ( 0.0000000000000000000, 0.0000000000000000000, -1.000000000000000000 ) ) ;
#5213 = SURFACE_SIDE_STYLE ('',( #2055 ) ) ;
#5214 =( GEOMETRIC_REPRESENTATION_CONTEXT ( 3 ) GLOBAL_UNCERTAINTY_ASSIGNED_CONTEXT ( ( #352 ) ) GLOBAL_UNIT_ASSIGNED_CONTEXT ( ( #7205, #3904, #6364 ) ) REPRESENTATION_CONTEXT ( 'NONE', 'WORKASPACE' ) );
#5215 = COLOUR_RGB ( '',0.3137254901960784270, 0.3137254901960784270, 0.3137254901960784270 ) ;
#5216 = FACE_OUTER_BOUND ( 'NONE', #2414, .T. ) ;
#5217 = STYLED_ITEM ( 'NONE', ( #2053 ), #5811 ) ;
#5218 = DIRECTION ( 'NONE',  ( 0.0000000000000000000, -1.000000000000000000, 0.0000000000000000000 ) ) ;
#5219 = STYLED_ITEM ( 'NONE', ( #10082 ), #5162 ) ;
#5220 = SURFACE_STYLE_USAGE ( .BOTH. , #1236 ) ;
#5221 = SURFACE_STYLE_USAGE ( .BOTH. , #6892 ) ;
#5222 = ORIENTED_EDGE ( 'NONE', *, *, #1886, .T. ) ;
#5223 = EDGE_CURVE ( 'NONE', #9821, #1452, #7035, .T. ) ;
#5224 = EDGE_LOOP ( 'NONE', ( #5444, #5125, #3650, #1489 ) ) ;
#5225 = EDGE_LOOP ( 'NONE', ( #5067, #4875, #3353, #9996 ) ) ;
#5226 =( NAMED_UNIT ( * ) PLANE_ANGLE_UNIT ( ) SI_UNIT ( $, .RADIAN. ) );
#5227 = COLOUR_RGB ( '',0.9686274509803921573, 0.8784313725490195957, 0.5999999999999999778 ) ;
#5228 = CARTESIAN_POINT ( 'NONE',  ( 5.079999999999999183, -3.000000000000000000, 1.394906964573654484 ) ) ;
#5229 = DIRECTION ( 'NONE',  ( -0.9063077870366511579, 0.4226182617406970543, 0.0000000000000000000 ) ) ;
#5230 = FILL_AREA_STYLE_COLOUR ( '', #8565 ) ;
#5231 = PLANE ( 'NONE',  #6053 ) ;
#5232 = SURFACE_SIDE_STYLE ('',( #6162 ) ) ;
#5233 = ADVANCED_FACE ( 'NONE', ( #5466 ), #7086, .F. ) ;
#5234 = COLOUR_RGB ( '',0.9686274509803921573, 0.8784313725490195957, 0.5999999999999999778 ) ;
#5235 = ADVANCED_FACE ( 'NONE', ( #1832 ), #2758, .T. ) ;
#5236 = FACE_OUTER_BOUND ( 'NONE', #1979, .T. ) ;
#5237 = DIRECTION ( 'NONE',  ( 1.000000000000000000, 0.0000000000000000000, -1.906289534040446993E-16 ) ) ;
#5238 = ORIENTED_EDGE ( 'NONE', *, *, #2498, .T. ) ;
#5240 = ORIENTED_EDGE ( 'NONE', *, *, #2846, .T. ) ;
#5239 = LINE ( 'NONE', #4376, #6635 ) ;
#5241 = SURFACE_SIDE_STYLE ('',( #4482 ) ) ;
#5242 = UNCERTAINTY_MEASURE_WITH_UNIT (LENGTH_MEASURE( 1.000000000000000082E-05 ), #5922, 'distance_accuracy_value', 'NONE');
#5243 = CARTESIAN_POINT ( 'NONE',  ( -10.16000000000000014, 0.0000000000000000000, 4.549999999999999822 ) ) ;
#5244 = SURFACE_SIDE_STYLE ('',( #9163 ) ) ;
#5245 = SURFACE_SIDE_STYLE ('',( #2032 ) ) ;
#5246 = CARTESIAN_POINT ( 'NONE',  ( 0.3199999999999982303, -2.600000000000000089, -0.9500000000000022871 ) ) ;
#5247 =( GEOMETRIC_REPRESENTATION_CONTEXT ( 3 ) GLOBAL_UNCERTAINTY_ASSIGNED_CONTEXT ( ( #9086 ) ) GLOBAL_UNIT_ASSIGNED_CONTEXT ( ( #4625, #6852, #6155 ) ) REPRESENTATION_CONTEXT ( 'NONE', 'WORKASPACE' ) );
#5248 = EDGE_CURVE ( 'NONE', #9820, #7616, #4130, .T. ) ;
#5249 = EDGE_CURVE ( 'NONE', #5965, #6951, #5058, .T. ) ;
#5250 = ORIENTED_EDGE ( 'NONE', *, *, #697, .F. ) ;
#5251 = CARTESIAN_POINT ( 'NONE',  ( -5.400000000000003020, 8.800000000000000711, 1.589999999999997193 ) ) ;
#5252 = ORIENTED_EDGE ( 'NONE', *, *, #4297, .F. ) ;
#5253 = DIRECTION ( 'NONE',  ( -4.878909776184757331E-15, 0.0000000000000000000, 1.000000000000000000 ) ) ;
#5254 = PRESENTATION_LAYER_ASSIGNMENT (  '', '', ( #10058 ) ) ;
#5255 = LINE ( 'NONE', #527, #9555 ) ;
#5256 = DIRECTION ( 'NONE',  ( 0.0000000000000000000, -1.000000000000000000, -1.398970545142586541E-16 ) ) ;
#5257 = EDGE_LOOP ( 'NONE', ( #8326, #674, #7052, #4178 ) ) ;
#5258 = SURFACE_STYLE_FILL_AREA ( #8544 ) ;
#5259 =( GEOMETRIC_REPRESENTATION_CONTEXT ( 3 ) GLOBAL_UNCERTAINTY_ASSIGNED_CONTEXT ( ( #3164 ) ) GLOBAL_UNIT_ASSIGNED_CONTEXT ( ( #6389, #3932, #3339 ) ) REPRESENTATION_CONTEXT ( 'NONE', 'WORKASPACE' ) );
#5260 =( NAMED_UNIT ( * ) PLANE_ANGLE_UNIT ( ) SI_UNIT ( $, .RADIAN. ) );
#5261 = LINE ( 'NONE', #1435, #3682 ) ;
#5262 = PRESENTATION_LAYER_ASSIGNMENT (  '', '', ( #2120 ) ) ;
#5263 = SURFACE_SIDE_STYLE ('',( #7754 ) ) ;
#5264 = VECTOR ( 'NONE', #9764, 1000.000000000000000 ) ;
#5265 = DIRECTION ( 'NONE',  ( -0.0000000000000000000, 1.000000000000000000, 0.0000000000000000000 ) ) ;
#5266 = PLANE ( 'NONE',  #9231 ) ;
#5267 = ORIENTED_EDGE ( 'NONE', *, *, #4471, .F. ) ;
#5268 = UNCERTAINTY_MEASURE_WITH_UNIT (LENGTH_MEASURE( 1.000000000000000082E-05 ), #4473, 'distance_accuracy_value', 'NONE');
#5269 =( LENGTH_UNIT ( ) NAMED_UNIT ( * ) SI_UNIT ( .MILLI., .METRE. ) );
#5270 = FACE_OUTER_BOUND ( 'NONE', #6544, .T. ) ;
#5271 = STYLED_ITEM ( 'NONE', ( #5837 ), #3091 ) ;
#5272 = DIRECTION ( 'NONE',  ( 0.0000000000000000000, -1.000000000000000000, 0.0000000000000000000 ) ) ;
#5273 = SURFACE_SIDE_STYLE ('',( #8461 ) ) ;
#5274 = VECTOR ( 'NONE', #5180, 1000.000000000000000 ) ;
#5275 = ADVANCED_FACE ( 'NONE', ( #7488 ), #1100, .F. ) ;
#5276 = DIRECTION ( 'NONE',  ( 1.000000000000000000, 0.0000000000000000000, 3.388131789017201849E-16 ) ) ;
#5277 = VECTOR ( 'NONE', #10239, 1000.000000000000000 ) ;
#5278 =( NAMED_UNIT ( * ) SI_UNIT ( $, .STERADIAN. ) SOLID_ANGLE_UNIT ( ) );
#5279 = EDGE_LOOP ( 'NONE', ( #4798, #8268, #5716, #2560 ) ) ;
#5280 = DIRECTION ( 'NONE',  ( 3.388131789017201849E-16, 0.0000000000000000000, -1.000000000000000000 ) ) ;
#5281 = ORIENTED_EDGE ( 'NONE', *, *, #5437, .T. ) ;
#5282 = VERTEX_POINT ( 'NONE', #3502 ) ;
#5283 = FACE_OUTER_BOUND ( 'NONE', #7501, .T. ) ;
#5284 = MECHANICAL_DESIGN_GEOMETRIC_PRESENTATION_REPRESENTATION (  '', ( #3987 ), #1646 ) ;
#5285 = SURFACE_SIDE_STYLE ('',( #448 ) ) ;
#5286 = CARTESIAN_POINT ( 'NONE',  ( -0.1249069645736572143, -3.000000000000000000, -1.394906964573658037 ) ) ;
#5287 = CARTESIAN_POINT ( 'NONE',  ( 2.419999999999995044, 8.800000000000000711, 1.389999999999998348 ) ) ;
#5288 = CARTESIAN_POINT ( 'NONE',  ( -5.389487871729336632, -2.621553056976519080, 0.9605121282706637897 ) ) ;
#5289 =( NAMED_UNIT ( * ) PLANE_ANGLE_UNIT ( ) SI_UNIT ( $, .RADIAN. ) );
#5290 = EDGE_CURVE ( 'NONE', #956, #9324, #6661, .T. ) ;
#5291 = PRESENTATION_LAYER_ASSIGNMENT (  '', '', ( #8918 ) ) ;
#5292 = COLOUR_RGB ( '',0.3137254901960784270, 0.3137254901960784270, 0.3137254901960784270 ) ;
#5293 = FILL_AREA_STYLE ('',( #6057 ) ) ;
#5294 = ORIENTED_EDGE ( 'NONE', *, *, #7226, .T. ) ;
#5295 = CARTESIAN_POINT ( 'NONE',  ( -2.860000000000002540, 8.800000000000000711, 1.149999999999997913 ) ) ;
#5296 = EDGE_LOOP ( 'NONE', ( #9709, #2943, #828, #3908 ) ) ;
#5297 = VERTEX_POINT ( 'NONE', #4379 ) ;
#5298 = COLOUR_RGB ( '',0.3137254901960784270, 0.3137254901960784270, 0.3137254901960784270 ) ;
#5299 = CARTESIAN_POINT ( 'NONE',  ( -0.3200000000000017275, 1.299999999999999156, -0.9500000000000025091 ) ) ;
#5300 = FACE_OUTER_BOUND ( 'NONE', #4970, .T. ) ;
#5301 = MECHANICAL_DESIGN_GEOMETRIC_PRESENTATION_REPRESENTATION (  '', ( #3495 ), #6801 ) ;
#5302 = ORIENTED_EDGE ( 'NONE', *, *, #9815, .F. ) ;
#5303 = DIRECTION ( 'NONE',  ( 0.0000000000000000000, 0.0000000000000000000, -1.000000000000000000 ) ) ;
#5304 = MECHANICAL_DESIGN_GEOMETRIC_PRESENTATION_REPRESENTATION (  '', ( #8265 ), #2833 ) ;
#5305 = EDGE_CURVE ( 'NONE', #1701, #7228, #2869, .T. ) ;
#5306 =( NAMED_UNIT ( * ) PLANE_ANGLE_UNIT ( ) SI_UNIT ( $, .RADIAN. ) );
#5307 = DIRECTION ( 'NONE',  ( 3.070690223892710525E-16, 0.4226182617406968878, -0.9063077870366512689 ) ) ;
#5308 = CARTESIAN_POINT ( 'NONE',  ( -0.3200000000000025602, 8.800000000000000711, 0.9499999999999971800 ) ) ;
#5309 = ADVANCED_FACE ( 'NONE', ( #6011 ), #1262, .F. ) ;
#5310 = PRESENTATION_LAYER_ASSIGNMENT (  '', '', ( #9788 ) ) ;
#5311 = ADVANCED_FACE ( 'NONE', ( #465 ), #518, .F. ) ;
#5312 = AXIS2_PLACEMENT_3D ( 'NONE', #7100, #1647, #5635 ) ;
#5313 = CARTESIAN_POINT ( 'NONE',  ( 2.639942183009285070, -3.461009071065141995, 1.170057816990707877 ) ) ;
#5314 = CARTESIAN_POINT ( 'NONE',  ( 4.959999999999999076, 8.800000000000000711, -1.390000000000002123 ) ) ;
#5315 = CARTESIAN_POINT ( 'NONE',  ( 4.759999999999997122, 8.371098615898084461, 0.9499999999999971800 ) ) ;
#5316 = VECTOR ( 'NONE', #7599, 1000.000000000000000 ) ;
#5317 = DIRECTION ( 'NONE',  ( -1.000000000000000000, 0.0000000000000000000, -3.388131789017201849E-16 ) ) ;
#5318 = ORIENTED_EDGE ( 'NONE', *, *, #7, .T. ) ;
#5319 = EDGE_CURVE ( 'NONE', #1309, #8951, #2141, .T. ) ;
#5320 = PRESENTATION_STYLE_ASSIGNMENT (( #885 ) ) ;
#5321 = FILL_AREA_STYLE ('',( #7704 ) ) ;
#5322 = FACE_OUTER_BOUND ( 'NONE', #6250, .T. ) ;
#5323 = DIRECTION ( 'NONE',  ( 1.000000000000000000, 0.0000000000000000000, 3.388131789017201849E-16 ) ) ;
#5324 = CARTESIAN_POINT ( 'NONE',  ( -4.960000000000002629, 8.800000000000000711, -1.150000000000003020 ) ) ;
#5325 = PRESENTATION_LAYER_ASSIGNMENT (  '', '', ( #6148 ) ) ;
#5326 = FILL_AREA_STYLE ('',( #6090 ) ) ;
#5327 = SURFACE_STYLE_USAGE ( .BOTH. , #9187 ) ;
#5328 = ORIENTED_EDGE ( 'NONE', *, *, #3278, .F. ) ;
#5329 = FACE_OUTER_BOUND ( 'NONE', #868, .T. ) ;
#5330 = ORIENTED_EDGE ( 'NONE', *, *, #1289, .T. ) ;
#5331 = ORIENTED_EDGE ( 'NONE', *, *, #4699, .F. ) ;
#5332 = AXIS2_PLACEMENT_3D ( 'NONE', #8386, #7598, #9228 ) ;
#5333 = FILL_AREA_STYLE_COLOUR ( '', #3774 ) ;
#5334 = PLANE ( 'NONE',  #3750 ) ;
#5335 = DIRECTION ( 'NONE',  ( 1.000000000000000000, 0.0000000000000000000, 3.388131789017201849E-16 ) ) ;
#5336 = LINE ( 'NONE', #9197, #7931 ) ;
#5337 = LINE ( 'NONE', #1356, #2332 ) ;
#5338 =( NAMED_UNIT ( * ) PLANE_ANGLE_UNIT ( ) SI_UNIT ( $, .RADIAN. ) );
#5339 = VECTOR ( 'NONE', #454, 1000.000000000000000 ) ;
#5340 = PRESENTATION_STYLE_ASSIGNMENT (( #1411 ) ) ;
#5341 = ORIENTED_EDGE ( 'NONE', *, *, #10142, .T. ) ;
#5342 = VERTEX_POINT ( 'NONE', #5299 ) ;
#5344 = VERTEX_POINT ( 'NONE', #2816 ) ;
#5343 = CARTESIAN_POINT ( 'NONE',  ( 5.399999999999998579, -2.599999999999996536, -1.590000000000002300 ) ) ;
#5345 = FILL_AREA_STYLE ('',( #9915 ) ) ;
#5346 = UNCERTAINTY_MEASURE_WITH_UNIT (LENGTH_MEASURE( 1.000000000000000082E-05 ), #1643, 'distance_accuracy_value', 'NONE');
#5347 = FILL_AREA_STYLE_COLOUR ( '', #631 ) ;
#5348 = FACE_OUTER_BOUND ( 'NONE', #8118, .T. ) ;
#5349 = DIRECTION ( 'NONE',  ( -1.000000000000000000, 0.0000000000000000000, -3.388131789017201849E-16 ) ) ;
#5350 = EDGE_CURVE ( 'NONE', #1152, #9821, #10071, .T. ) ;
#5351 = DIRECTION ( 'NONE',  ( 1.000000000000000000, 0.0000000000000000000, 0.0000000000000000000 ) ) ;
#5352 = PRESENTATION_STYLE_ASSIGNMENT (( #7685 ) ) ;
#5353 = ORIENTED_EDGE ( 'NONE', *, *, #5797, .T. ) ;
#5354 = FACE_OUTER_BOUND ( 'NONE', #4939, .T. ) ;
#5355 = CARTESIAN_POINT ( 'NONE',  ( -2.415093035426346457, -3.000000000000000000, 0.0000000000000000000 ) ) ;
#5356 = FACE_BOUND ( 'NONE', #4795, .T. ) ;
#5357 = ORIENTED_EDGE ( 'NONE', *, *, #1509, .T. ) ;
#5358 = LINE ( 'NONE', #3824, #8867 ) ;
#5359 = ORIENTED_EDGE ( 'NONE', *, *, #9669, .F. ) ;
#5360 = EDGE_CURVE ( 'NONE', #4700, #3019, #8429, .T. ) ;
#5361 = DIRECTION ( 'NONE',  ( 1.000000000000000000, 0.0000000000000000000, 3.388131789017201849E-16 ) ) ;
#5362 = SURFACE_STYLE_FILL_AREA ( #6877 ) ;
#5363 = EDGE_CURVE ( 'NONE', #1225, #5297, #3023, .T. ) ;
#5364 = FACE_OUTER_BOUND ( 'NONE', #4702, .T. ) ;
#5365 = VECTOR ( 'NONE', #3238, 1000.000000000000000 ) ;
#5366 = ORIENTED_EDGE ( 'NONE', *, *, #5208, .T. ) ;
#5367 = UNCERTAINTY_MEASURE_WITH_UNIT (LENGTH_MEASURE( 1.000000000000000082E-05 ), #5753, 'distance_accuracy_value', 'NONE');
#5368 = AXIS2_PLACEMENT_3D ( 'NONE', #6428, #1082, #85 ) ;
#5369 = SURFACE_SIDE_STYLE ('',( #3241 ) ) ;
#5370 = FILL_AREA_STYLE_COLOUR ( '', #3652 ) ;
#5371 = DIRECTION ( 'NONE',  ( 0.0000000000000000000, 0.0000000000000000000, 1.000000000000000000 ) ) ;
#5372 =( GEOMETRIC_REPRESENTATION_CONTEXT ( 3 ) GLOBAL_UNCERTAINTY_ASSIGNED_CONTEXT ( ( #9701 ) ) GLOBAL_UNIT_ASSIGNED_CONTEXT ( ( #5001, #8124, #8996 ) ) REPRESENTATION_CONTEXT ( 'NONE', 'WORKASPACE' ) );
#5373 = ADVANCED_FACE ( 'NONE', ( #4787 ), #4847, .T. ) ;
#5374 = DIRECTION ( 'NONE',  ( 1.000000000000000000, 0.0000000000000000000, 1.694065894508600925E-16 ) ) ;
#5375 = ADVANCED_FACE ( 'NONE', ( #874 ), #3916, .T. ) ;
#5376 = VECTOR ( 'NONE', #3537, 1000.000000000000000 ) ;
#5377 = SURFACE_SIDE_STYLE ('',( #7771 ) ) ;
#5378 = VERTEX_POINT ( 'NONE', #4740 ) ;
#5379 = LINE ( 'NONE', #9511, #9922 ) ;
#5380 = ORIENTED_EDGE ( 'NONE', *, *, #7576, .T. ) ;
#5381 = VERTEX_POINT ( 'NONE', #4692 ) ;
#5382 = AXIS2_PLACEMENT_3D ( 'NONE', #4559, #9456, #1442 ) ;
#5383 = CARTESIAN_POINT ( 'NONE',  ( -8.860000000000002984, 6.199999999999999289, -1.649999999999999911 ) ) ;
#5384 = CARTESIAN_POINT ( 'NONE',  ( 5.080000000000000071, 8.800000000000000711, 0.0000000000000000000 ) ) ;
#5385 =( NAMED_UNIT ( * ) PLANE_ANGLE_UNIT ( ) SI_UNIT ( $, .RADIAN. ) );
#5386 = FILL_AREA_STYLE_COLOUR ( '', #2489 ) ;
#5387 =( LENGTH_UNIT ( ) NAMED_UNIT ( * ) SI_UNIT ( .MILLI., .METRE. ) );
#5388 = VECTOR ( 'NONE', #6839, 999.9999999999998863 ) ;
#5389 = CARTESIAN_POINT ( 'NONE',  ( 4.759999999999997122, 8.800000000000000711, 1.149999999999997913 ) ) ;
#5390 = VECTOR ( 'NONE', #842, 1000.000000000000000 ) ;
#5391 = VERTEX_POINT ( 'NONE', #8637 ) ;
#5392 = FILL_AREA_STYLE_COLOUR ( '', #1104 ) ;
#5393 =( LENGTH_UNIT ( ) NAMED_UNIT ( * ) SI_UNIT ( .MILLI., .METRE. ) );
#5394 = ORIENTED_EDGE ( 'NONE', *, *, #7969, .F. ) ;
#5395 = ORIENTED_EDGE ( 'NONE', *, *, #4324, .F. ) ;
#5396 = LINE ( 'NONE', #1561, #617 ) ;
#5397 = DIRECTION ( 'NONE',  ( 1.000000000000000000, 0.0000000000000000000, 0.0000000000000000000 ) ) ;
#5398 = DIRECTION ( 'NONE',  ( -1.000000000000000000, 0.0000000000000000000, -3.388131789017201849E-16 ) ) ;
#5399 = PRESENTATION_LAYER_ASSIGNMENT (  '', '', ( #10030 ) ) ;
#5400 = COLOUR_RGB ( '',0.9686274509803921573, 0.8784313725490195957, 0.5999999999999999778 ) ;
#5401 = ORIENTED_EDGE ( 'NONE', *, *, #8490, .F. ) ;
#5402 = ADVANCED_FACE ( 'NONE', ( #10173 ), #3968, .F. ) ;
#5403 = STYLED_ITEM ( 'NONE', ( #3833 ), #2007 ) ;
#5404 = LINE ( 'NONE', #880, #3418 ) ;
#5405 = COLOUR_RGB ( '',0.9686274509803921573, 0.8784313725490195957, 0.5999999999999999778 ) ;
#5406 = FACE_BOUND ( 'NONE', #6587, .T. ) ;
#5407 = DIRECTION ( 'NONE',  ( 0.8987940462991671486, 0.4383711467890772373, 0.0000000000000000000 ) ) ;
#5408 = ORIENTED_EDGE ( 'NONE', *, *, #5972, .T. ) ;
#5409 = VECTOR ( 'NONE', #8693, 1000.000000000000000 ) ;
#5410 = SURFACE_STYLE_FILL_AREA ( #7593 ) ;
#5411 = DIRECTION ( 'NONE',  ( -1.000000000000000000, 0.0000000000000000000, -3.388131789017201849E-16 ) ) ;
#5412 = PRESENTATION_LAYER_ASSIGNMENT (  '', '', ( #9036 ) ) ;
#5413 = EDGE_CURVE ( 'NONE', #3260, #4210, #1816, .T. ) ;
#5414 = LINE ( 'NONE', #6245, #3344 ) ;
#5415 = PRESENTATION_STYLE_ASSIGNMENT (( #2257 ) ) ;
#5416 = DIRECTION ( 'NONE',  ( 0.0000000000000000000, 0.0000000000000000000, -1.000000000000000000 ) ) ;
#5417 =( GEOMETRIC_REPRESENTATION_CONTEXT ( 3 ) GLOBAL_UNCERTAINTY_ASSIGNED_CONTEXT ( ( #5436 ) ) GLOBAL_UNIT_ASSIGNED_CONTEXT ( ( #6118, #9266, #2138 ) ) REPRESENTATION_CONTEXT ( 'NONE', 'WORKASPACE' ) );
#5418 = ADVANCED_FACE ( 'NONE', ( #2645 ), #4943, .T. ) ;
#5419 = DIRECTION ( 'NONE',  ( 0.0000000000000000000, -0.0000000000000000000, 1.000000000000000000 ) ) ;
#5420 = ORIENTED_EDGE ( 'NONE', *, *, #6431, .F. ) ;
#5421 = STYLED_ITEM ( 'NONE', ( #6225 ), #6769 ) ;
#5422 = FILL_AREA_STYLE ('',( #3044 ) ) ;
#5423 = DIRECTION ( 'NONE',  ( -1.000000000000000000, 0.0000000000000000000, -1.694065894508600925E-16 ) ) ;
#5424 = DIRECTION ( 'NONE',  ( 0.4924820969728085363, 0.8703225747740117590, -0.0000000000000000000 ) ) ;
#5425 = DIRECTION ( 'NONE',  ( 1.000000000000000000, 0.0000000000000000000, 3.388131789017201849E-16 ) ) ;
#5426 = VECTOR ( 'NONE', #1766, 1000.000000000000000 ) ;
#5427 = PLANE ( 'NONE',  #7317 ) ;
#5428 = CARTESIAN_POINT ( 'NONE',  ( 8.860000000000001208, 1.299999999999999156, -3.199999999999999734 ) ) ;
#5429 = AXIS2_PLACEMENT_3D ( 'NONE', #2940, #5993, #546 ) ;
#5430 = ORIENTED_EDGE ( 'NONE', *, *, #6092, .T. ) ;
#5431 = LINE ( 'NONE', #8566, #5604 ) ;
#5432 = ORIENTED_EDGE ( 'NONE', *, *, #7762, .T. ) ;
#5433 =( GEOMETRIC_REPRESENTATION_CONTEXT ( 3 ) GLOBAL_UNCERTAINTY_ASSIGNED_CONTEXT ( ( #6063 ) ) GLOBAL_UNIT_ASSIGNED_CONTEXT ( ( #333, #6073, #8442 ) ) REPRESENTATION_CONTEXT ( 'NONE', 'WORKASPACE' ) );
#5434 = PRESENTATION_STYLE_ASSIGNMENT (( #2277 ) ) ;
#5435 = PRESENTATION_STYLE_ASSIGNMENT (( #9306 ) ) ;
#5436 = UNCERTAINTY_MEASURE_WITH_UNIT (LENGTH_MEASURE( 1.000000000000000082E-05 ), #6118, 'distance_accuracy_value', 'NONE');
#5437 = EDGE_CURVE ( 'NONE', #3480, #7644, #2696, .T. ) ;
#5438 = COLOUR_RGB ( '',0.9686274509803921573, 0.8784313725490195957, 0.5999999999999999778 ) ;
#5439 = PRESENTATION_STYLE_ASSIGNMENT (( #1555 ) ) ;
#5440 = EDGE_CURVE ( 'NONE', #8992, #8553, #8075, .T. ) ;
#5441 = DIRECTION ( 'NONE',  ( -1.000000000000000000, 0.0000000000000000000, -1.694065894508600925E-16 ) ) ;
#5442 = VECTOR ( 'NONE', #5109, 1000.000000000000000 ) ;
#5443 = PRESENTATION_STYLE_ASSIGNMENT (( #5195 ) ) ;
#5444 = ORIENTED_EDGE ( 'NONE', *, *, #5478, .T. ) ;
#5445 =( LENGTH_UNIT ( ) NAMED_UNIT ( * ) SI_UNIT ( .MILLI., .METRE. ) );
#5446 = VERTEX_POINT ( 'NONE', #5849 ) ;
#5447 = ORIENTED_EDGE ( 'NONE', *, *, #4185, .F. ) ;
#5448 = DIRECTION ( 'NONE',  ( -1.000000000000000000, 0.0000000000000000000, 0.0000000000000000000 ) ) ;
#5449 = UNCERTAINTY_MEASURE_WITH_UNIT (LENGTH_MEASURE( 1.000000000000000082E-05 ), #790, 'distance_accuracy_value', 'NONE');
#5450 = CARTESIAN_POINT ( 'NONE',  ( -2.860000000000002540, 8.800000000000000711, 1.589999999999997193 ) ) ;
#5451 = PLANE ( 'NONE',  #6449 ) ;
#5452 = PRESENTATION_LAYER_ASSIGNMENT (  '', '', ( #7123 ) ) ;
#5453 =( LENGTH_UNIT ( ) NAMED_UNIT ( * ) SI_UNIT ( .MILLI., .METRE. ) );
#5454 = FILL_AREA_STYLE_COLOUR ( '', #2770 ) ;
#5455 = VECTOR ( 'NONE', #3254, 1000.000000000000000 ) ;
#5456 = COLOUR_RGB ( '',0.9686274509803921573, 0.8784313725490195957, 0.5999999999999999778 ) ;
#5457 = ORIENTED_EDGE ( 'NONE', *, *, #3540, .F. ) ;
#5458 = VECTOR ( 'NONE', #2687, 999.9999999999998863 ) ;
#5459 = PRESENTATION_LAYER_ASSIGNMENT (  '', '', ( #143 ) ) ;
#5460 = VERTEX_POINT ( 'NONE', #919 ) ;
#5461 = CARTESIAN_POINT ( 'NONE',  ( 4.759999999999997122, 8.371098615898084461, 1.589999999999997193 ) ) ;
#5462 = CARTESIAN_POINT ( 'NONE',  ( -0.3200000000000025602, 8.371098615898084461, 0.9499999999999971800 ) ) ;
#5463 = EDGE_LOOP ( 'NONE', ( #5994, #10266, #5545, #703 ) ) ;
#5464 = PLANE ( 'NONE',  #7568 ) ;
#5465 = MECHANICAL_DESIGN_GEOMETRIC_PRESENTATION_REPRESENTATION (  '', ( #9245 ), #7943 ) ;
#5466 = FACE_OUTER_BOUND ( 'NONE', #2373, .T. ) ;
#5467 = DIRECTION ( 'NONE',  ( -3.388131789017201849E-16, 0.0000000000000000000, 1.000000000000000000 ) ) ;
#5468 = PRESENTATION_LAYER_ASSIGNMENT (  '', '', ( #9587 ) ) ;
#5469 = MECHANICAL_DESIGN_GEOMETRIC_PRESENTATION_REPRESENTATION (  '', ( #667 ), #3667 ) ;
#5470 = CARTESIAN_POINT ( 'NONE',  ( 2.859999999999996767, 0.0000000000000000000, 0.9499999999999972911 ) ) ;
#5471 = PRESENTATION_LAYER_ASSIGNMENT (  '', '', ( #8265 ) ) ;
#5472 = PLANE ( 'NONE',  #9424 ) ;
#5473 = VECTOR ( 'NONE', #6001, 1000.000000000000000 ) ;
#5474 = DIRECTION ( 'NONE',  ( 0.0000000000000000000, -1.000000000000000000, -1.398970545142586541E-16 ) ) ;
#5475 = ORIENTED_EDGE ( 'NONE', *, *, #2264, .F. ) ;
#5476 = MECHANICAL_DESIGN_GEOMETRIC_PRESENTATION_REPRESENTATION (  '', ( #1000 ), #1340 ) ;
#5477 = UNCERTAINTY_MEASURE_WITH_UNIT (LENGTH_MEASURE( 1.000000000000000082E-05 ), #8449, 'distance_accuracy_value', 'NONE');
#5478 = EDGE_CURVE ( 'NONE', #8650, #1637, #3381, .T. ) ;
#5479 = LINE ( 'NONE', #4719, #8242 ) ;
#5480 = LINE ( 'NONE', #5581, #7966 ) ;
#5481 =( LENGTH_UNIT ( ) NAMED_UNIT ( * ) SI_UNIT ( .MILLI., .METRE. ) );
#5482 = PRESENTATION_LAYER_ASSIGNMENT (  '', '', ( #8606 ) ) ;
#5483 = FILL_AREA_STYLE ('',( #3157 ) ) ;
#5484 = ORIENTED_EDGE ( 'NONE', *, *, #2020, .T. ) ;
#5485 = ORIENTED_EDGE ( 'NONE', *, *, #8816, .F. ) ;
#5486 = SURFACE_STYLE_FILL_AREA ( #9361 ) ;
#5487 = FILL_AREA_STYLE ('',( #8625 ) ) ;
#5488 = DIRECTION ( 'NONE',  ( -1.522616340022803402E-16, 0.4383711467890773483, 0.8987940462991671486 ) ) ;
#5489 = PRESENTATION_LAYER_ASSIGNMENT (  '', '', ( #8776 ) ) ;
#5490 = CARTESIAN_POINT ( 'NONE',  ( -8.859999999999997655, 8.400000000000002132, -3.199999999999999734 ) ) ;
#5491 = LINE ( 'NONE', #3214, #7473 ) ;
#5492 = MECHANICAL_DESIGN_GEOMETRIC_PRESENTATION_REPRESENTATION (  '', ( #1012 ), #5166 ) ;
#5493 = ADVANCED_FACE ( 'NONE', ( #5094 ), #1917, .F. ) ;
#5494 = FILL_AREA_STYLE_COLOUR ( '', #8597 ) ;
#5495 = SURFACE_STYLE_USAGE ( .BOTH. , #8013 ) ;
#5496 = EDGE_CURVE ( 'NONE', #3927, #2607, #8470, .T. ) ;
#5497 = AXIS2_PLACEMENT_3D ( 'NONE', #2623, #9836, #9668 ) ;
#5498 = VERTEX_POINT ( 'NONE', #5953 ) ;
#5499 = EDGE_CURVE ( 'NONE', #95, #3564, #6799, .T. ) ;
#5500 = STYLED_ITEM ( 'NONE', ( #5627 ), #5061 ) ;
#5501 = LINE ( 'NONE', #4479, #4457 ) ;
#5502 = VERTEX_POINT ( 'NONE', #5286 ) ;
#5504 = ORIENTED_EDGE ( 'NONE', *, *, #3478, .T. ) ;
#5503 = DIRECTION ( 'NONE',  ( 0.3892816206350231401, 0.8348171294789894503, -0.3892816206350231956 ) ) ;
#5505 = SURFACE_STYLE_FILL_AREA ( #871 ) ;
#5506 = DIRECTION ( 'NONE',  ( 0.3892816206350230845, 0.8348171294789894503, 0.3892816206350232511 ) ) ;
#5507 = PRESENTATION_STYLE_ASSIGNMENT (( #678 ) ) ;
#5508 = CARTESIAN_POINT ( 'NONE',  ( 0.1500000000000008271, 9.000000000000000000, -4.549999999999999822 ) ) ;
#5509 = DIRECTION ( 'NONE',  ( -1.000000000000000000, 0.0000000000000000000, 1.906289534040446993E-16 ) ) ;
#5510 = VECTOR ( 'NONE', #376, 1000.000000000000114 ) ;
#5511 = ORIENTED_EDGE ( 'NONE', *, *, #670, .T. ) ;
#5512 = FILL_AREA_STYLE_COLOUR ( '', #5292 ) ;
#5513 = ORIENTED_EDGE ( 'NONE', *, *, #2705, .F. ) ;
#5514 = ADVANCED_FACE ( 'NONE', ( #6854 ), #3642, .F. ) ;
#5515 = FILL_AREA_STYLE_COLOUR ( '', #7265 ) ;
#5516 = DIRECTION ( 'NONE',  ( 0.4924820969728085363, -0.8703225747740117590, -0.0000000000000000000 ) ) ;
#5517 = ORIENTED_EDGE ( 'NONE', *, *, #5623, .F. ) ;
#5518 = COLOUR_RGB ( '',0.9686274509803921573, 0.8784313725490195957, 0.5999999999999999778 ) ;
#5519 = FILL_AREA_STYLE ('',( #1532 ) ) ;
#5520 = CARTESIAN_POINT ( 'NONE',  ( 4.759999999999998899, 8.800000000000000711, -0.9500000000000025091 ) ) ;
#5521 = FILL_AREA_STYLE_COLOUR ( '', #9078 ) ;
#5522 = CARTESIAN_POINT ( 'NONE',  ( 0.2230142846948910407, 8.579085153560457755, -1.493014284694895277 ) ) ;
#5523 = PRESENTATION_STYLE_ASSIGNMENT (( #6990 ) ) ;
#5524 = DIRECTION ( 'NONE',  ( 0.9063077870366511579, 0.4226182617406970543, 0.0000000000000000000 ) ) ;
#5525 = DIRECTION ( 'NONE',  ( 0.9063077870366511579, 0.4226182617406970543, 0.0000000000000000000 ) ) ;
#5526 = CARTESIAN_POINT ( 'NONE',  ( 7.500000000000000000, -0.1000000000000000056, -3.200000000000000178 ) ) ;
#5527 = ORIENTED_EDGE ( 'NONE', *, *, #2515, .F. ) ;
#5528 =( NAMED_UNIT ( * ) SI_UNIT ( $, .STERADIAN. ) SOLID_ANGLE_UNIT ( ) );
#5529 = DIRECTION ( 'NONE',  ( -0.0000000000000000000, -1.000000000000000000, -0.0000000000000000000 ) ) ;
#5530 =( NAMED_UNIT ( * ) PLANE_ANGLE_UNIT ( ) SI_UNIT ( $, .RADIAN. ) );
#5531 = EDGE_CURVE ( 'NONE', #3, #8699, #9959, .T. ) ;
#5532 = ORIENTED_EDGE ( 'NONE', *, *, #10254, .T. ) ;
#5533 = VECTOR ( 'NONE', #4904, 1000.000000000000000 ) ;
#5534 = EDGE_LOOP ( 'NONE', ( #2655, #5010, #2918, #530 ) ) ;
#5535 = DIRECTION ( 'NONE',  ( 0.0000000000000000000, 0.0000000000000000000, -1.000000000000000000 ) ) ;
#5536 =( NAMED_UNIT ( * ) PLANE_ANGLE_UNIT ( ) SI_UNIT ( $, .RADIAN. ) );
#5537 = FACE_OUTER_BOUND ( 'NONE', #8644, .T. ) ;
#5538 = LINE ( 'NONE', #1600, #8460 ) ;
#5539 = UNCERTAINTY_MEASURE_WITH_UNIT (LENGTH_MEASURE( 1.000000000000000082E-05 ), #1977, 'distance_accuracy_value', 'NONE');
#5540 = CARTESIAN_POINT ( 'NONE',  ( 0.1500000000000003275, 0.0000000000000000000, -4.450000000000000178 ) ) ;
#5541 = COLOUR_RGB ( '',0.9686274509803921573, 0.8784313725490195957, 0.5999999999999999778 ) ;
#5542 = MECHANICAL_DESIGN_GEOMETRIC_PRESENTATION_REPRESENTATION (  '', ( #4894 ), #9674 ) ;
#5543 = FILL_AREA_STYLE ('',( #5494 ) ) ;
#5544 = SURFACE_STYLE_FILL_AREA ( #2379 ) ;
#5545 = ORIENTED_EDGE ( 'NONE', *, *, #8589, .T. ) ;
#5547 = EDGE_LOOP ( 'NONE', ( #7630, #5170, #2065, #3637 ) ) ;
#5546 = FILL_AREA_STYLE ('',( #1466 ) ) ;
#5548 = EDGE_CURVE ( 'NONE', #2853, #9512, #9253, .T. ) ;
#5549 = PRESENTATION_LAYER_ASSIGNMENT (  '', '', ( #9004 ) ) ;
#5550 = DIRECTION ( 'NONE',  ( 0.0000000000000000000, 0.0000000000000000000, -1.000000000000000000 ) ) ;
#5551 = SURFACE_SIDE_STYLE ('',( #6222 ) ) ;
#5552 =( NAMED_UNIT ( * ) SI_UNIT ( $, .STERADIAN. ) SOLID_ANGLE_UNIT ( ) );
#5553 = EDGE_CURVE ( 'NONE', #1913, #915, #6047, .T. ) ;
#5554 = STYLED_ITEM ( 'NONE', ( #2684 ), #476 ) ;
#5555 = PRESENTATION_LAYER_ASSIGNMENT (  '', '', ( #2077 ) ) ;
#5556 = EDGE_LOOP ( 'NONE', ( #7395, #7984, #3200, #4296 ) ) ;
#5557 = FILL_AREA_STYLE ('',( #1427 ) ) ;
#5558 = ORIENTED_EDGE ( 'NONE', *, *, #6422, .F. ) ;
#5559 = FILL_AREA_STYLE ('',( #9386 ) ) ;
#5560 = VERTEX_POINT ( 'NONE', #6745 ) ;
#5561 =( NAMED_UNIT ( * ) SI_UNIT ( $, .STERADIAN. ) SOLID_ANGLE_UNIT ( ) );
#5562 = AXIS2_PLACEMENT_3D ( 'NONE', #4631, #3310, #8583 ) ;
#5563 =( GEOMETRIC_REPRESENTATION_CONTEXT ( 3 ) GLOBAL_UNCERTAINTY_ASSIGNED_CONTEXT ( ( #1817 ) ) GLOBAL_UNIT_ASSIGNED_CONTEXT ( ( #7638, #4489, #8190 ) ) REPRESENTATION_CONTEXT ( 'NONE', 'WORKASPACE' ) );
#5564 = FACE_OUTER_BOUND ( 'NONE', #9113, .T. ) ;
#5565 = DIRECTION ( 'NONE',  ( -0.9063077870366507138, 0.4226182617406978315, 0.0000000000000000000 ) ) ;
#5566 = EDGE_CURVE ( 'NONE', #4652, #224, #8357, .T. ) ;
#5567 = EDGE_CURVE ( 'NONE', #3079, #6741, #2123, .T. ) ;
#5568 = PRESENTATION_STYLE_ASSIGNMENT (( #4038 ) ) ;
#5569 = VECTOR ( 'NONE', #10034, 1000.000000000000000 ) ;
#5570 = STYLED_ITEM ( 'NONE', ( #7675 ), #1112 ) ;
#5571 = CYLINDRICAL_SURFACE ( 'NONE', #9211, 0.5000000000000008882 ) ;
#5572 =( NAMED_UNIT ( * ) PLANE_ANGLE_UNIT ( ) SI_UNIT ( $, .RADIAN. ) );
#5573 = VERTEX_POINT ( 'NONE', #8409 ) ;
#5574 = SURFACE_SIDE_STYLE ('',( #2413 ) ) ;
#5575 =( NAMED_UNIT ( * ) SI_UNIT ( $, .STERADIAN. ) SOLID_ANGLE_UNIT ( ) );
#5576 = ORIENTED_EDGE ( 'NONE', *, *, #1878, .F. ) ;
#5577 = UNCERTAINTY_MEASURE_WITH_UNIT (LENGTH_MEASURE( 1.000000000000000082E-05 ), #8060, 'distance_accuracy_value', 'NONE');
#5578 = VECTOR ( 'NONE', #1797, 1000.000000000000000 ) ;
#5579 = SURFACE_STYLE_USAGE ( .BOTH. , #3890 ) ;
#5580 = MECHANICAL_DESIGN_GEOMETRIC_PRESENTATION_REPRESENTATION (  '', ( #6237 ), #1774 ) ;
#5581 = CARTESIAN_POINT ( 'NONE',  ( 5.399999999999996803, 8.800000000000000711, 1.389999999999996794 ) ) ;
#5582 = LINE ( 'NONE', #3049, #3149 ) ;
#5583 = ORIENTED_EDGE ( 'NONE', *, *, #606, .T. ) ;
#5584 = SURFACE_STYLE_USAGE ( .BOTH. , #6412 ) ;
#5585 = ORIENTED_EDGE ( 'NONE', *, *, #2954, .T. ) ;
#5586 = DIRECTION ( 'NONE',  ( 0.0000000000000000000, 0.0000000000000000000, 1.000000000000000000 ) ) ;
#5587 = PRESENTATION_STYLE_ASSIGNMENT (( #8883 ) ) ;
#5588 = FILL_AREA_STYLE ('',( #6418 ) ) ;
#5589 = VECTOR ( 'NONE', #7841, 1000.000000000000000 ) ;
#5590 =( NAMED_UNIT ( * ) PLANE_ANGLE_UNIT ( ) SI_UNIT ( $, .RADIAN. ) );
#5591 = VECTOR ( 'NONE', #1863, 1000.000000000000000 ) ;
#5592 = ORIENTED_EDGE ( 'NONE', *, *, #8743, .F. ) ;
#5593 = ORIENTED_EDGE ( 'NONE', *, *, #608, .F. ) ;
#5595 = ORIENTED_EDGE ( 'NONE', *, *, #4661, .T. ) ;
#5594 =( NAMED_UNIT ( * ) SI_UNIT ( $, .STERADIAN. ) SOLID_ANGLE_UNIT ( ) );
#5596 = MECHANICAL_DESIGN_GEOMETRIC_PRESENTATION_REPRESENTATION (  '', ( #287 ), #4289 ) ;
#5597 = CARTESIAN_POINT ( 'NONE',  ( 2.540000000000000480, 0.0000000000000000000, -0.9500000000000006217 ) ) ;
#5598 = FILL_AREA_STYLE_COLOUR ( '', #567 ) ;
#5599 = SURFACE_STYLE_USAGE ( .BOTH. , #10224 ) ;
#5600 = FILL_AREA_STYLE ('',( #6331 ) ) ;
#5601 = EDGE_CURVE ( 'NONE', #5983, #4620, #4364, .T. ) ;
#5602 = STYLED_ITEM ( 'NONE', ( #7202 ), #3034 ) ;
#5603 = VECTOR ( 'NONE', #8921, 1000.000000000000000 ) ;
#5604 = VECTOR ( 'NONE', #9192, 1000.000000000000000 ) ;
#5605 = ORIENTED_EDGE ( 'NONE', *, *, #1266, .T. ) ;
#5606 = PRESENTATION_STYLE_ASSIGNMENT (( #2444 ) ) ;
#5607 = ORIENTED_EDGE ( 'NONE', *, *, #6948, .F. ) ;
#5608 = DIRECTION ( 'NONE',  ( 0.0000000000000000000, -1.000000000000000000, 0.0000000000000000000 ) ) ;
#5609 = PRESENTATION_STYLE_ASSIGNMENT (( #8754 ) ) ;
#5610 = PLANE ( 'NONE',  #1263 ) ;
#5611 = ORIENTED_EDGE ( 'NONE', *, *, #5854, .F. ) ;
#5612 = DIRECTION ( 'NONE',  ( 0.0000000000000000000, 0.0000000000000000000, -1.000000000000000000 ) ) ;
#5613 =( NAMED_UNIT ( * ) SI_UNIT ( $, .STERADIAN. ) SOLID_ANGLE_UNIT ( ) );
#5614 = DIRECTION ( 'NONE',  ( 0.0000000000000000000, -1.000000000000000000, 0.0000000000000000000 ) ) ;
#5615 = LINE ( 'NONE', #2513, #901 ) ;
#5616 = AXIS2_PLACEMENT_3D ( 'NONE', #2599, #2697, #8997 ) ;
#5617 = EDGE_CURVE ( 'NONE', #8394, #1965, #7672, .T. ) ;
#5618 = PLANE ( 'NONE',  #6827 ) ;
#5619 = LINE ( 'NONE', #6246, #4986 ) ;
#5620 = VECTOR ( 'NONE', #8777, 1000.000000000000000 ) ;
#5621 = VECTOR ( 'NONE', #6489, 1000.000000000000000 ) ;
#5622 = FILL_AREA_STYLE ('',( #4913 ) ) ;
#5623 = EDGE_CURVE ( 'NONE', #4723, #1152, #7821, .T. ) ;
#5624 = CARTESIAN_POINT ( 'NONE',  ( 2.219999999999996643, 8.800000000000000711, 1.149999999999996136 ) ) ;
#5625 = EDGE_CURVE ( 'NONE', #1061, #6182, #1599, .T. ) ;
#5626 = VERTEX_POINT ( 'NONE', #4727 ) ;
#5627 = PRESENTATION_STYLE_ASSIGNMENT (( #7951 ) ) ;
#5628 = STYLED_ITEM ( 'NONE', ( #2751 ), #4712 ) ;
#5629 = AXIS2_PLACEMENT_3D ( 'NONE', #1232, #8259, #1393 ) ;
#5630 = CARTESIAN_POINT ( 'NONE',  ( -2.860000000000002540, 0.0000000000000000000, 0.9499999999999971800 ) ) ;
#5631 =( GEOMETRIC_REPRESENTATION_CONTEXT ( 3 ) GLOBAL_UNCERTAINTY_ASSIGNED_CONTEXT ( ( #7350 ) ) GLOBAL_UNIT_ASSIGNED_CONTEXT ( ( #3885, #164, #1683 ) ) REPRESENTATION_CONTEXT ( 'NONE', 'WORKASPACE' ) );
#5632 = LINE ( 'NONE', #7998, #8674 ) ;
#5633 = DIRECTION ( 'NONE',  ( 1.000000000000000000, 0.0000000000000000000, 3.388131789017201849E-16 ) ) ;
#5634 = DIRECTION ( 'NONE',  ( 1.000000000000000000, 0.0000000000000000000, 3.388131789017201849E-16 ) ) ;
#5635 = DIRECTION ( 'NONE',  ( -1.000000000000000000, 0.0000000000000000000, -1.694065894508600925E-16 ) ) ;
#5636 = PRESENTATION_LAYER_ASSIGNMENT (  '', '', ( #9433 ) ) ;
#5637 = CARTESIAN_POINT ( 'NONE',  ( -0.3200000000000017275, 1.299999999999999156, -1.590000000000002522 ) ) ;
#5638 = AXIS2_PLACEMENT_3D ( 'NONE', #288, #2637, #8990 ) ;
#5639 = DIRECTION ( 'NONE',  ( -0.3892816206350231401, -0.8348171294789895613, -0.3892816206350230845 ) ) ;
#5640 = ORIENTED_EDGE ( 'NONE', *, *, #867, .T. ) ;
#5641 = ORIENTED_EDGE ( 'NONE', *, *, #2881, .T. ) ;
#5642 = LINE ( 'NONE', #5746, #455 ) ;
#5643 = LINE ( 'NONE', #1851, #9171 ) ;
#5644 = SURFACE_SIDE_STYLE ('',( #6523 ) ) ;
#5645 = CARTESIAN_POINT ( 'NONE',  ( -2.230512128270669692, -2.621553056976519080, 0.9605121282706641228 ) ) ;
#5646 = SURFACE_STYLE_FILL_AREA ( #8158 ) ;
#5647 = STYLED_ITEM ( 'NONE', ( #5439 ), #4061 ) ;
#5648 = CARTESIAN_POINT ( 'NONE',  ( -2.220000000000002860, 8.371098615898084461, 0.9499999999999972911 ) ) ;
#5649 = PRESENTATION_STYLE_ASSIGNMENT (( #4882 ) ) ;
#5650 = SURFACE_STYLE_USAGE ( .BOTH. , #7062 ) ;
#5651 = DIRECTION ( 'NONE',  ( 1.000000000000000000, 0.0000000000000000000, 0.0000000000000000000 ) ) ;
#5652 = ORIENTED_EDGE ( 'NONE', *, *, #7245, .F. ) ;
#5653 = DIRECTION ( 'NONE',  ( 0.0000000000000000000, -1.000000000000000000, 0.0000000000000000000 ) ) ;
#5654 = ORIENTED_EDGE ( 'NONE', *, *, #7508, .T. ) ;
#5655 = VERTEX_POINT ( 'NONE', #7916 ) ;
#5656 = LINE ( 'NONE', #7323, #6763 ) ;
#5657 =( GEOMETRIC_REPRESENTATION_CONTEXT ( 3 ) GLOBAL_UNCERTAINTY_ASSIGNED_CONTEXT ( ( #10249 ) ) GLOBAL_UNIT_ASSIGNED_CONTEXT ( ( #4761, #6298, #9497 ) ) REPRESENTATION_CONTEXT ( 'NONE', 'WORKASPACE' ) );
#5658 = SURFACE_STYLE_FILL_AREA ( #6647 ) ;
#5659 = DIRECTION ( 'NONE',  ( 1.000000000000000000, 0.0000000000000000000, 0.0000000000000000000 ) ) ;
#5660 = SURFACE_SIDE_STYLE ('',( #4694 ) ) ;
#5661 = CARTESIAN_POINT ( 'NONE',  ( -1.939863057355099191E-16, -3.000000000000000000, 1.145093035426344441 ) ) ;
#5662 = VERTEX_POINT ( 'NONE', #2328 ) ;
#5663 = FILL_AREA_STYLE_COLOUR ( '', #9240 ) ;
#5664 = ORIENTED_EDGE ( 'NONE', *, *, #7194, .T. ) ;
#5665 = FACE_OUTER_BOUND ( 'NONE', #6145, .T. ) ;
#5666 = ADVANCED_FACE ( 'NONE', ( #10163 ), #3053, .T. ) ;
#5667 = PLANE ( 'NONE',  #8889 ) ;
#5668 = VERTEX_POINT ( 'NONE', #2427 ) ;
#5669 = ORIENTED_EDGE ( 'NONE', *, *, #9339, .T. ) ;
#5670 =( LENGTH_UNIT ( ) NAMED_UNIT ( * ) SI_UNIT ( .MILLI., .METRE. ) );
#5671 = DIRECTION ( 'NONE',  ( -1.000000000000000000, 0.0000000000000000000, -3.388131789017201849E-16 ) ) ;
#5672 = LINE ( 'NONE', #794, #6441 ) ;
#5673 = AXIS2_PLACEMENT_3D ( 'NONE', #321, #8145, #3509 ) ;
#5674 = DIRECTION ( 'NONE',  ( -1.000000000000000000, 0.0000000000000000000, -0.0000000000000000000 ) ) ;
#5675 =( NAMED_UNIT ( * ) PLANE_ANGLE_UNIT ( ) SI_UNIT ( $, .RADIAN. ) );
#5676 =( NAMED_UNIT ( * ) SI_UNIT ( $, .STERADIAN. ) SOLID_ANGLE_UNIT ( ) );
#5677 = EDGE_CURVE ( 'NONE', #637, #6312, #1504, .T. ) ;
#5678 =( LENGTH_UNIT ( ) NAMED_UNIT ( * ) SI_UNIT ( .MILLI., .METRE. ) );
#5679 = ORIENTED_EDGE ( 'NONE', *, *, #5742, .F. ) ;
#5680 = DIRECTION ( 'NONE',  ( -1.000000000000000000, 0.0000000000000000000, -3.388131789017201849E-16 ) ) ;
#5681 = UNCERTAINTY_MEASURE_WITH_UNIT (LENGTH_MEASURE( 1.000000000000000082E-05 ), #9241, 'distance_accuracy_value', 'NONE');
#5682 = ADVANCED_FACE ( 'NONE', ( #5537 ), #7863, .F. ) ;
#5683 = DIRECTION ( 'NONE',  ( 0.0000000000000000000, 0.0000000000000000000, -1.000000000000000000 ) ) ;
#5684 = DIRECTION ( 'NONE',  ( 0.0000000000000000000, 0.0000000000000000000, 1.000000000000000000 ) ) ;
#5685 = CARTESIAN_POINT ( 'NONE',  ( 10.15999999999999837, 6.199999999999999289, 1.750000000000000000 ) ) ;
#5686 = ADVANCED_FACE ( 'NONE', ( #10261 ), #9514, .F. ) ;
#5687 = EDGE_CURVE ( 'NONE', #6588, #5053, #5838, .T. ) ;
#5688 =( LENGTH_UNIT ( ) NAMED_UNIT ( * ) SI_UNIT ( .MILLI., .METRE. ) );
#5689 = FACE_OUTER_BOUND ( 'NONE', #442, .T. ) ;
#5690 = LINE ( 'NONE', #65, #1770 ) ;
#5691 = EDGE_LOOP ( 'NONE', ( #9410, #1377, #5912, #7484 ) ) ;
#5692 = ORIENTED_EDGE ( 'NONE', *, *, #2587, .T. ) ;
#5693 = DIRECTION ( 'NONE',  ( 0.0000000000000000000, 0.0000000000000000000, -1.000000000000000000 ) ) ;
#5694 = UNCERTAINTY_MEASURE_WITH_UNIT (LENGTH_MEASURE( 1.000000000000000082E-05 ), #4967, 'distance_accuracy_value', 'NONE');
#5695 = PLANE ( 'NONE',  #423 ) ;
#5696 = CARTESIAN_POINT ( 'NONE',  ( 4.759999999999997122, 8.800000000000000711, 0.9499999999999971800 ) ) ;
#5697 = DIRECTION ( 'NONE',  ( 1.000000000000000000, 0.0000000000000000000, 3.388131789017201849E-16 ) ) ;
#5698 = FILL_AREA_STYLE_COLOUR ( '', #9774 ) ;
#5699 = LINE ( 'NONE', #10227, #2441 ) ;
#5700 =( NAMED_UNIT ( * ) PLANE_ANGLE_UNIT ( ) SI_UNIT ( $, .RADIAN. ) );
#5701 = FILL_AREA_STYLE ('',( #9632 ) ) ;
#5702 = EDGE_CURVE ( 'NONE', #8467, #4673, #9627, .T. ) ;
#5703 = EDGE_CURVE ( 'NONE', #5573, #7788, #4834, .T. ) ;
#5704 = ORIENTED_EDGE ( 'NONE', *, *, #3478, .F. ) ;
#5705 = ORIENTED_EDGE ( 'NONE', *, *, #8643, .T. ) ;
#5706 = ORIENTED_EDGE ( 'NONE', *, *, #7576, .F. ) ;
#5707 = DIRECTION ( 'NONE',  ( 0.0000000000000000000, -1.000000000000000000, 0.0000000000000000000 ) ) ;
#5708 = SURFACE_SIDE_STYLE ('',( #9480 ) ) ;
#5709 = CARTESIAN_POINT ( 'NONE',  ( -0.3200000000000017275, 8.800000000000000711, -1.590000000000002522 ) ) ;
#5710 = DIRECTION ( 'NONE',  ( 0.4014883995042277109, 0.8231732078530417107, 0.4014883995042280440 ) ) ;
#5711 = SURFACE_STYLE_FILL_AREA ( #5045 ) ;
#5712 = CARTESIAN_POINT ( 'NONE',  ( -4.365912734882774870, -4.720193092198078588, 0.5559127348827691550 ) ) ;
#5713 = CARTESIAN_POINT ( 'NONE',  ( -0.3200000000000017275, 8.371098615898084461, -0.9500000000000025091 ) ) ;
#5714 = PRESENTATION_LAYER_ASSIGNMENT (  '', '', ( #4070 ) ) ;
#5715 = SURFACE_SIDE_STYLE ('',( #9534 ) ) ;
#5716 = ORIENTED_EDGE ( 'NONE', *, *, #4429, .F. ) ;
#5717 = DIRECTION ( 'NONE',  ( 0.4014883995042277109, 0.8231732078530419328, -0.4014883995042274334 ) ) ;
#5718 = STYLED_ITEM ( 'NONE', ( #6485 ), #5493 ) ;
#5719 = FILL_AREA_STYLE ('',( #1724 ) ) ;
#5720 = ORIENTED_EDGE ( 'NONE', *, *, #4638, .F. ) ;
#5721 = VERTEX_POINT ( 'NONE', #7204 ) ;
#5722 = PLANE ( 'NONE',  #3395 ) ;
#5723 = CARTESIAN_POINT ( 'NONE',  ( -4.015304598860760521, 7.922709448335786497, 4.450000000000000178 ) ) ;
#5724 = CARTESIAN_POINT ( 'NONE',  ( 7.500000000000000000, -0.1000000000000000056, 3.200000000000000178 ) ) ;
#5725 =( GEOMETRIC_REPRESENTATION_CONTEXT ( 3 ) GLOBAL_UNCERTAINTY_ASSIGNED_CONTEXT ( ( #8519 ) ) GLOBAL_UNIT_ASSIGNED_CONTEXT ( ( #9631, #5700, #2586 ) ) REPRESENTATION_CONTEXT ( 'NONE', 'WORKASPACE' ) );
#5726 = DIRECTION ( 'NONE',  ( -0.5773502691896257311, -0.5773502691896257311, 0.5773502691896257311 ) ) ;
#5727 = CARTESIAN_POINT ( 'NONE',  ( 2.219999999999997531, -2.599999999999996536, -1.590000000000002522 ) ) ;
#5728 = EDGE_CURVE ( 'NONE', #8852, #988, #4158, .T. ) ;
#5729 =( GEOMETRIC_REPRESENTATION_CONTEXT ( 3 ) GLOBAL_UNCERTAINTY_ASSIGNED_CONTEXT ( ( #1831 ) ) GLOBAL_UNIT_ASSIGNED_CONTEXT ( ( #9541, #7139, #5613 ) ) REPRESENTATION_CONTEXT ( 'NONE', 'WORKASPACE' ) );
#5730 = DIRECTION ( 'NONE',  ( 1.000000000000000000, 0.0000000000000000000, 0.0000000000000000000 ) ) ;
#5731 = MECHANICAL_DESIGN_GEOMETRIC_PRESENTATION_REPRESENTATION (  '', ( #6214 ), #4416 ) ;
#5732 = AXIS2_PLACEMENT_3D ( 'NONE', #8501, #3203, #2415 ) ;
#5733 = DIRECTION ( 'NONE',  ( 0.4014883995042283771, 0.8231732078530414887, -0.4014883995042275444 ) ) ;
#5734 = DIRECTION ( 'NONE',  ( 3.070690223892710525E-16, 0.4226182617406968878, -0.9063077870366512689 ) ) ;
#5735 = SURFACE_SIDE_STYLE ('',( #516 ) ) ;
#5736 = SURFACE_STYLE_FILL_AREA ( #896 ) ;
#5737 = DIRECTION ( 'NONE',  ( 0.4924820969728085363, -0.8703225747740117590, -0.0000000000000000000 ) ) ;
#5738 = COLOUR_RGB ( '',0.3137254901960784270, 0.3137254901960784270, 0.3137254901960784270 ) ;
#5739 = EDGE_CURVE ( 'NONE', #2340, #6479, #1907, .T. ) ;
#5740 = SURFACE_SIDE_STYLE ('',( #6568 ) ) ;
#5741 = PRESENTATION_STYLE_ASSIGNMENT (( #5879 ) ) ;
#5742 = EDGE_CURVE ( 'NONE', #5378, #8394, #4053, .T. ) ;
#5743 = CARTESIAN_POINT ( 'NONE',  ( 4.959999999999999076, 8.800000000000000711, -0.9500000000000025091 ) ) ;
#5744 = ORIENTED_EDGE ( 'NONE', *, *, #1301, .T. ) ;
#5745 = ORIENTED_EDGE ( 'NONE', *, *, #1383, .F. ) ;
#5746 = CARTESIAN_POINT ( 'NONE',  ( -8.860000000000002984, 0.0000000000000000000, -1.649999999999999245 ) ) ;
#5747 = SURFACE_STYLE_FILL_AREA ( #7252 ) ;
#5748 = DIRECTION ( 'NONE',  ( -0.0000000000000000000, -0.0000000000000000000, 1.000000000000000000 ) ) ;
#5749 =( NAMED_UNIT ( * ) SI_UNIT ( $, .STERADIAN. ) SOLID_ANGLE_UNIT ( ) );
#5750 = CARTESIAN_POINT ( 'NONE',  ( 10.15999999999999837, 9.000000000000000000, -4.549999999999999822 ) ) ;
#5751 = CARTESIAN_POINT ( 'NONE',  ( -2.250000000000000000, 1.299999999999999156, 4.549999999999999822 ) ) ;
#5752 = PRESENTATION_LAYER_ASSIGNMENT (  '', '', ( #10220 ) ) ;
#5753 =( LENGTH_UNIT ( ) NAMED_UNIT ( * ) SI_UNIT ( .MILLI., .METRE. ) );
#5754 = SURFACE_STYLE_USAGE ( .BOTH. , #9800 ) ;
#5755 = ADVANCED_FACE ( 'NONE', ( #8882 ), #2632, .T. ) ;
#5756 = VECTOR ( 'NONE', #7835, 1000.000000000000000 ) ;
#5757 = ORIENTED_EDGE ( 'NONE', *, *, #9474, .F. ) ;
#5758 = ORIENTED_EDGE ( 'NONE', *, *, #6314, .F. ) ;
#5759 = EDGE_LOOP ( 'NONE', ( #8083, #364, #5302, #4165 ) ) ;
#5760 = EDGE_CURVE ( 'NONE', #2353, #2190, #3472, .T. ) ;
#5761 = DIRECTION ( 'NONE',  ( 0.0000000000000000000, -1.000000000000000000, 0.0000000000000000000 ) ) ;
#5762 = AXIS2_PLACEMENT_3D ( 'NONE', #3598, #409, #5193 ) ;
#5763 = ADVANCED_FACE ( 'NONE', ( #2891 ), #7554, .F. ) ;
#5764 = UNCERTAINTY_MEASURE_WITH_UNIT (LENGTH_MEASURE( 1.000000000000000082E-05 ), #2052, 'distance_accuracy_value', 'NONE');
#5765 = CARTESIAN_POINT ( 'NONE',  ( -2.860000000000001652, -2.600000000000000089, -0.9500000000000025091 ) ) ;
#5766 = MECHANICAL_DESIGN_GEOMETRIC_PRESENTATION_REPRESENTATION (  '', ( #4285 ), #4948 ) ;
#5767 = SURFACE_STYLE_USAGE ( .BOTH. , #9588 ) ;
#5768 = ORIENTED_EDGE ( 'NONE', *, *, #5702, .T. ) ;
#5769 = FILL_AREA_STYLE ('',( #8799 ) ) ;
#5770 =( GEOMETRIC_REPRESENTATION_CONTEXT ( 3 ) GLOBAL_UNCERTAINTY_ASSIGNED_CONTEXT ( ( #5078 ) ) GLOBAL_UNIT_ASSIGNED_CONTEXT ( ( #4955, #5104, #3653 ) ) REPRESENTATION_CONTEXT ( 'NONE', 'WORKASPACE' ) );
#5771 = SURFACE_SIDE_STYLE ('',( #200 ) ) ;
#5772 = EDGE_LOOP ( 'NONE', ( #1911, #8280 ) ) ;
#5773 = ORIENTED_EDGE ( 'NONE', *, *, #5185, .F. ) ;
#5774 =( NAMED_UNIT ( * ) PLANE_ANGLE_UNIT ( ) SI_UNIT ( $, .RADIAN. ) );
#5775 = UNCERTAINTY_MEASURE_WITH_UNIT (LENGTH_MEASURE( 1.000000000000000082E-05 ), #8491, 'distance_accuracy_value', 'NONE');
#5776 = SURFACE_STYLE_USAGE ( .BOTH. , #4338 ) ;
#5777 =( NAMED_UNIT ( * ) SI_UNIT ( $, .STERADIAN. ) SOLID_ANGLE_UNIT ( ) );
#5778 = VECTOR ( 'NONE', #5586, 1000.000000000000000 ) ;
#5779 = COLOUR_RGB ( '',0.3137254901960784270, 0.3137254901960784270, 0.3137254901960784270 ) ;
#5780 = VECTOR ( 'NONE', #9955, 1000.000000000000000 ) ;
#5781 = DIRECTION ( 'NONE',  ( 0.0000000000000000000, 0.0000000000000000000, 1.000000000000000000 ) ) ;
#5782 = AXIS2_PLACEMENT_3D ( 'NONE', #5724, #7437, #1157 ) ;
#5783 = DIRECTION ( 'NONE',  ( 0.0000000000000000000, -0.0000000000000000000, -1.000000000000000000 ) ) ;
#5784 =( GEOMETRIC_REPRESENTATION_CONTEXT ( 3 ) GLOBAL_UNCERTAINTY_ASSIGNED_CONTEXT ( ( #6084 ) ) GLOBAL_UNIT_ASSIGNED_CONTEXT ( ( #2089, #1319, #5157 ) ) REPRESENTATION_CONTEXT ( 'NONE', 'WORKASPACE' ) );
#5785 = VECTOR ( 'NONE', #2366, 1000.000000000000000 ) ;
#5786 = ORIENTED_EDGE ( 'NONE', *, *, #5813, .F. ) ;
#5787 = SURFACE_SIDE_STYLE ('',( #6064 ) ) ;
#5788 = PLANE ( 'NONE',  #7064 ) ;
#5789 = AXIS2_PLACEMENT_3D ( 'NONE', #4577, #10111, #1354 ) ;
#5790 = SURFACE_STYLE_USAGE ( .BOTH. , #1053 ) ;
#5791 = LINE ( 'NONE', #8933, #9459 ) ;
#5792 = COLOUR_RGB ( '',0.9686274509803921573, 0.8784313725490195957, 0.5999999999999999778 ) ;
#5793 = PLANE ( 'NONE',  #818 ) ;
#5794 = AXIS2_PLACEMENT_3D ( 'NONE', #7154, #6254, #6351 ) ;
#5795 = SURFACE_SIDE_STYLE ('',( #2838 ) ) ;
#5796 = VERTEX_POINT ( 'NONE', #8258 ) ;
#5797 = EDGE_CURVE ( 'NONE', #8085, #224, #6730, .T. ) ;
#5798 = VERTEX_POINT ( 'NONE', #9948 ) ;
#5799 = DIRECTION ( 'NONE',  ( 0.0000000000000000000, -1.000000000000000000, 0.0000000000000000000 ) ) ;
#5800 = VECTOR ( 'NONE', #800, 1000.000000000000000 ) ;
#5801 = UNCERTAINTY_MEASURE_WITH_UNIT (LENGTH_MEASURE( 1.000000000000000082E-05 ), #2484, 'distance_accuracy_value', 'NONE');
#5802 = CARTESIAN_POINT ( 'NONE',  ( -6.015304598860760521, 7.922709448335786497, 4.450000000000000178 ) ) ;
#5803 = VECTOR ( 'NONE', #3511, 1000.000000000000000 ) ;
#5804 = FACE_OUTER_BOUND ( 'NONE', #5948, .T. ) ;
#5805 = ORIENTED_EDGE ( 'NONE', *, *, #9471, .F. ) ;
#5806 = ORIENTED_EDGE ( 'NONE', *, *, #3731, .T. ) ;
#5807 = ORIENTED_EDGE ( 'NONE', *, *, #861, .T. ) ;
#5808 = AXIS2_PLACEMENT_3D ( 'NONE', #1141, #5097, #7480 ) ;
#5809 = CARTESIAN_POINT ( 'NONE',  ( 8.860000000000001208, 8.400000000000000355, -3.199999999999999734 ) ) ;
#5810 = SURFACE_SIDE_STYLE ('',( #195 ) ) ;
#5811 = ADVANCED_FACE ( 'NONE', ( #5270 ), #8987, .T. ) ;
#5812 = EDGE_CURVE ( 'NONE', #3912, #4127, #2933, .T. ) ;
#5813 = EDGE_CURVE ( 'NONE', #7972, #7006, #335, .T. ) ;
#5814 = DIRECTION ( 'NONE',  ( 0.0000000000000000000, 0.0000000000000000000, -1.000000000000000000 ) ) ;
#5815 = ORIENTED_EDGE ( 'NONE', *, *, #158, .F. ) ;
#5816 = ORIENTED_EDGE ( 'NONE', *, *, #146, .T. ) ;
#5817 = ORIENTED_EDGE ( 'NONE', *, *, #3274, .T. ) ;
#5818 = SURFACE_STYLE_FILL_AREA ( #2660 ) ;
#5819 = CARTESIAN_POINT ( 'NONE',  ( 2.249999999999998668, 8.400000000000002132, 3.200000000000001066 ) ) ;
#5820 = SURFACE_SIDE_STYLE ('',( #8858 ) ) ;
#5821 = CARTESIAN_POINT ( 'NONE',  ( 4.955093035426345160, -3.000000000000000000, 0.0000000000000000000 ) ) ;
#5822 = VECTOR ( 'NONE', #3617, 1000.000000000000000 ) ;
#5823 =( GEOMETRIC_REPRESENTATION_CONTEXT ( 3 ) GLOBAL_UNCERTAINTY_ASSIGNED_CONTEXT ( ( #6171 ) ) GLOBAL_UNIT_ASSIGNED_CONTEXT ( ( #6724, #381, #5594 ) ) REPRESENTATION_CONTEXT ( 'NONE', 'WORKASPACE' ) );
#5824 = EDGE_CURVE ( 'NONE', #5798, #9620, #9037, .T. ) ;
#5825 = CARTESIAN_POINT ( 'NONE',  ( -2.420000000000002593, 8.800000000000000711, -1.150000000000003020 ) ) ;
#5826 =( GEOMETRIC_REPRESENTATION_CONTEXT ( 3 ) GLOBAL_UNCERTAINTY_ASSIGNED_CONTEXT ( ( #7658 ) ) GLOBAL_UNIT_ASSIGNED_CONTEXT ( ( #8805, #5189, #1974 ) ) REPRESENTATION_CONTEXT ( 'NONE', 'WORKASPACE' ) );
#5827 = AXIS2_PLACEMENT_3D ( 'NONE', #6400, #893, #1541 ) ;
#5828 = VERTEX_POINT ( 'NONE', #1285 ) ;
#5829 = DIRECTION ( 'NONE',  ( 1.000000000000000000, 0.0000000000000000000, 3.388131789017201849E-16 ) ) ;
#5830 =( NAMED_UNIT ( * ) SI_UNIT ( $, .STERADIAN. ) SOLID_ANGLE_UNIT ( ) );
#5831 = DIRECTION ( 'NONE',  ( 0.7071067811865475727, 0.7071067811865475727, 0.0000000000000000000 ) ) ;
#5832 = CARTESIAN_POINT ( 'NONE',  ( 0.3199999999999973976, 8.371098615898084461, 1.589999999999997415 ) ) ;
#5833 = DIRECTION ( 'NONE',  ( 0.0000000000000000000, 0.0000000000000000000, 1.000000000000000000 ) ) ;
#5834 = LINE ( 'NONE', #425, #1096 ) ;
#5835 = ORIENTED_EDGE ( 'NONE', *, *, #6120, .F. ) ;
#5836 = EDGE_LOOP ( 'NONE', ( #4900, #1994, #8055, #7875 ) ) ;
#5837 = PRESENTATION_STYLE_ASSIGNMENT (( #2681 ) ) ;
#5838 = LINE ( 'NONE', #1852, #233 ) ;
#5839 =( NAMED_UNIT ( * ) PLANE_ANGLE_UNIT ( ) SI_UNIT ( $, .RADIAN. ) );
#5840 = FILL_AREA_STYLE ('',( #2728 ) ) ;
#5841 = LINE ( 'NONE', #1905, #142 ) ;
#5842 =( NAMED_UNIT ( * ) PLANE_ANGLE_UNIT ( ) SI_UNIT ( $, .RADIAN. ) );
#5843 = CARTESIAN_POINT ( 'NONE',  ( -0.1249069645736580747, -3.000000000000000000, 1.145093035426341777 ) ) ;
#5844 = EDGE_LOOP ( 'NONE', ( #10094, #4330, #2693, #7504 ) ) ;
#5845 = ORIENTED_EDGE ( 'NONE', *, *, #9204, .F. ) ;
#5846 = ORIENTED_EDGE ( 'NONE', *, *, #1511, .T. ) ;
#5847 = CARTESIAN_POINT ( 'NONE',  ( -0.3094878717293371717, -2.621553056976517748, -0.9605121282706668984 ) ) ;
#5848 = PLANE ( 'NONE',  #1106 ) ;
#5849 = CARTESIAN_POINT ( 'NONE',  ( -0.1499999999999990785, 0.0000000000000000000, -4.549999999999999822 ) ) ;
#5850 = SURFACE_SIDE_STYLE ('',( #9854 ) ) ;
#5851 = SURFACE_SIDE_STYLE ('',( #887 ) ) ;
#5852 =( NAMED_UNIT ( * ) PLANE_ANGLE_UNIT ( ) SI_UNIT ( $, .RADIAN. ) );
#5853 = VERTEX_POINT ( 'NONE', #1957 ) ;
#5854 = EDGE_CURVE ( 'NONE', #4361, #5053, #7607, .T. ) ;
#5855 = SURFACE_SIDE_STYLE ('',( #8221 ) ) ;
#5856 = STYLED_ITEM ( 'NONE', ( #4801 ), #90 ) ;
#5857 = DIRECTION ( 'NONE',  ( -0.8987940462991671486, 0.4383711467890772373, -0.0000000000000000000 ) ) ;
#5858 = EDGE_LOOP ( 'NONE', ( #9817, #8671, #4335, #5484 ) ) ;
#5859 = ORIENTED_EDGE ( 'NONE', *, *, #975, .F. ) ;
#5860 = UNCERTAINTY_MEASURE_WITH_UNIT (LENGTH_MEASURE( 1.000000000000000082E-05 ), #3261, 'distance_accuracy_value', 'NONE');
#5861 = VECTOR ( 'NONE', #2195, 1000.000000000000000 ) ;
#5862 = PRESENTATION_STYLE_ASSIGNMENT (( #2706 ) ) ;
#5863 =( LENGTH_UNIT ( ) NAMED_UNIT ( * ) SI_UNIT ( .MILLI., .METRE. ) );
#5864 = SURFACE_STYLE_FILL_AREA ( #2708 ) ;
#5865 = EDGE_CURVE ( 'NONE', #7972, #9206, #4081, .T. ) ;
#5866 = DIRECTION ( 'NONE',  ( -0.0000000000000000000, 1.000000000000000000, -1.049227908856939906E-16 ) ) ;
#5867 = SURFACE_SIDE_STYLE ('',( #255 ) ) ;
#5868 = MECHANICAL_DESIGN_GEOMETRIC_PRESENTATION_REPRESENTATION (  '', ( #7693 ), #8012 ) ;
#5869 = FACE_OUTER_BOUND ( 'NONE', #9622, .T. ) ;
#5870 = CARTESIAN_POINT ( 'NONE',  ( 8.150000000000002132, 9.000000000000000000, -4.549999999999999822 ) ) ;
#5871 = ORIENTED_EDGE ( 'NONE', *, *, #2115, .T. ) ;
#5872 = SURFACE_SIDE_STYLE ('',( #1841 ) ) ;
#5873 = EDGE_CURVE ( 'NONE', #3610, #3532, #4905, .T. ) ;
#5874 = VECTOR ( 'NONE', #9905, 1000.000000000000000 ) ;
#5875 = DIRECTION ( 'NONE',  ( -1.126443815569355400E-16, 1.000000000000000000, -0.0000000000000000000 ) ) ;
#5876 = SURFACE_STYLE_FILL_AREA ( #9933 ) ;
#5877 = COLOUR_RGB ( '',0.9686274509803921573, 0.8784313725490195957, 0.5999999999999999778 ) ;
#5878 = FILL_AREA_STYLE_COLOUR ( '', #6475 ) ;
#5879 = SURFACE_STYLE_USAGE ( .BOTH. , #1176 ) ;
#5880 = SURFACE_STYLE_USAGE ( .BOTH. , #5795 ) ;
#5881 = EDGE_LOOP ( 'NONE', ( #3483, #10230, #1467, #272 ) ) ;
#5882 = SURFACE_SIDE_STYLE ('',( #2726 ) ) ;
#5883 = UNCERTAINTY_MEASURE_WITH_UNIT (LENGTH_MEASURE( 1.000000000000000082E-05 ), #7885, 'distance_accuracy_value', 'NONE');
#5884 = PRESENTATION_LAYER_ASSIGNMENT (  '', '', ( #7879 ) ) ;
#5885 = VECTOR ( 'NONE', #8639, 1000.000000000000227 ) ;
#5886 = SURFACE_STYLE_USAGE ( .BOTH. , #2840 ) ;
#5887 = SURFACE_SIDE_STYLE ('',( #6883 ) ) ;
#5888 = DIRECTION ( 'NONE',  ( 1.000000000000000000, 0.0000000000000000000, 3.388131789017201849E-16 ) ) ;
#5889 =( NAMED_UNIT ( * ) SI_UNIT ( $, .STERADIAN. ) SOLID_ANGLE_UNIT ( ) );
#5890 = SURFACE_STYLE_USAGE ( .BOTH. , #6473 ) ;
#5891 = LINE ( 'NONE', #7706, #4149 ) ;
#5892 = DIRECTION ( 'NONE',  ( 0.8987940462991671486, 0.4383711467890772373, 0.0000000000000000000 ) ) ;
#5893 = SURFACE_STYLE_FILL_AREA ( #234 ) ;
#5894 = STYLED_ITEM ( 'NONE', ( #2046 ), #1990 ) ;
#5895 = VECTOR ( 'NONE', #3539, 1000.000000000000000 ) ;
#5896 = COLOUR_RGB ( '',0.9686274509803921573, 0.8784313725490195957, 0.5999999999999999778 ) ;
#5897 = ORIENTED_EDGE ( 'NONE', *, *, #1194, .T. ) ;
#5898 = VERTEX_POINT ( 'NONE', #1680 ) ;
#5899 = CARTESIAN_POINT ( 'NONE',  ( -5.400000000000003020, 0.0000000000000000000, 0.9499999999999971800 ) ) ;
#5900 = SURFACE_STYLE_FILL_AREA ( #1351 ) ;
#5901 = DIRECTION ( 'NONE',  ( 0.0000000000000000000, 0.0000000000000000000, -1.000000000000000000 ) ) ;
#5902 = PLANE ( 'NONE',  #10095 ) ;
#5903 = VECTOR ( 'NONE', #6559, 1000.000000000000000 ) ;
#5904 = DIRECTION ( 'NONE',  ( 0.0000000000000000000, 0.0000000000000000000, -1.000000000000000000 ) ) ;
#5905 =( GEOMETRIC_REPRESENTATION_CONTEXT ( 3 ) GLOBAL_UNCERTAINTY_ASSIGNED_CONTEXT ( ( #5801 ) ) GLOBAL_UNIT_ASSIGNED_CONTEXT ( ( #2484, #5536, #907 ) ) REPRESENTATION_CONTEXT ( 'NONE', 'WORKASPACE' ) );
#5906 = FILL_AREA_STYLE_COLOUR ( '', #5118 ) ;
#5907 = VECTOR ( 'NONE', #1095, 1000.000000000000114 ) ;
#5908 = ORIENTED_EDGE ( 'NONE', *, *, #8500, .T. ) ;
#5909 =( NAMED_UNIT ( * ) PLANE_ANGLE_UNIT ( ) SI_UNIT ( $, .RADIAN. ) );
#5910 = ORIENTED_EDGE ( 'NONE', *, *, #9747, .T. ) ;
#5912 = ORIENTED_EDGE ( 'NONE', *, *, #10233, .F. ) ;
#5911 =( NAMED_UNIT ( * ) PLANE_ANGLE_UNIT ( ) SI_UNIT ( $, .RADIAN. ) );
#5913 = STYLED_ITEM ( 'NONE', ( #3971 ), #6764 ) ;
#5914 = EDGE_CURVE ( 'NONE', #9273, #1425, #5615, .T. ) ;
#5915 = CARTESIAN_POINT ( 'NONE',  ( 5.080000000000000071, -3.000000000000000000, 1.145093035426342665 ) ) ;
#5916 = LINE ( 'NONE', #2760, #3089 ) ;
#5917 =( GEOMETRIC_REPRESENTATION_CONTEXT ( 3 ) GLOBAL_UNCERTAINTY_ASSIGNED_CONTEXT ( ( #3069 ) ) GLOBAL_UNIT_ASSIGNED_CONTEXT ( ( #730, #7613, #5278 ) ) REPRESENTATION_CONTEXT ( 'NONE', 'WORKASPACE' ) );
#5918 = DIRECTION ( 'NONE',  ( -0.9063077870366511579, 0.4226182617406970543, 0.0000000000000000000 ) ) ;
#5919 = FACE_OUTER_BOUND ( 'NONE', #10248, .T. ) ;
#5920 = DIRECTION ( 'NONE',  ( -3.388131789017201849E-16, 0.0000000000000000000, 1.000000000000000000 ) ) ;
#5921 = AXIS2_PLACEMENT_3D ( 'NONE', #3364, #8879, #7311 ) ;
#5922 =( LENGTH_UNIT ( ) NAMED_UNIT ( * ) SI_UNIT ( .MILLI., .METRE. ) );
#5923 = LINE ( 'NONE', #3677, #5803 ) ;
#5924 = ADVANCED_FACE ( 'NONE', ( #49 ), #7989, .T. ) ;
#5925 = CARTESIAN_POINT ( 'NONE',  ( 2.859999999999996767, 0.0000000000000000000, 0.0000000000000000000 ) ) ;
#5926 = EDGE_CURVE ( 'NONE', #8306, #293, #8760, .T. ) ;
#5927 =( GEOMETRIC_REPRESENTATION_CONTEXT ( 3 ) GLOBAL_UNCERTAINTY_ASSIGNED_CONTEXT ( ( #2168 ) ) GLOBAL_UNIT_ASSIGNED_CONTEXT ( ( #3649, #9152, #6695 ) ) REPRESENTATION_CONTEXT ( 'NONE', 'WORKASPACE' ) );
#5928 = ADVANCED_FACE ( 'NONE', ( #1492 ), #8804, .T. ) ;
#5929 = VECTOR ( 'NONE', #9301, 1000.000000000000000 ) ;
#5930 = ORIENTED_EDGE ( 'NONE', *, *, #1821, .F. ) ;
#5931 = DIRECTION ( 'NONE',  ( -0.0000000000000000000, 1.000000000000000000, -0.0000000000000000000 ) ) ;
#5932 = FILL_AREA_STYLE_COLOUR ( '', #129 ) ;
#5933 = EDGE_LOOP ( 'NONE', ( #8454, #4830, #2874, #9765 ) ) ;
#5934 =( GEOMETRIC_REPRESENTATION_CONTEXT ( 3 ) GLOBAL_UNCERTAINTY_ASSIGNED_CONTEXT ( ( #463 ) ) GLOBAL_UNIT_ASSIGNED_CONTEXT ( ( #979, #4172, #3489 ) ) REPRESENTATION_CONTEXT ( 'NONE', 'WORKASPACE' ) );
#5935 =( NAMED_UNIT ( * ) SI_UNIT ( $, .STERADIAN. ) SOLID_ANGLE_UNIT ( ) );
#5936 = PLANE ( 'NONE',  #1585 ) ;
#5937 = DIRECTION ( 'NONE',  ( -1.000000000000000000, 0.0000000000000000000, -3.388131789017201849E-16 ) ) ;
#5938 = FILL_AREA_STYLE ('',( #8943 ) ) ;
#5939 = LINE ( 'NONE', #3629, #982 ) ;
#5940 = FACE_OUTER_BOUND ( 'NONE', #3328, .T. ) ;
#5941 = VECTOR ( 'NONE', #5506, 1000.000000000000227 ) ;
#5942 = DIRECTION ( 'NONE',  ( 0.0000000000000000000, 0.0000000000000000000, -1.000000000000000000 ) ) ;
#5943 = CARTESIAN_POINT ( 'NONE',  ( 7.620000000000000107, 8.800000000000000711, 0.0000000000000000000 ) ) ;
#5944 = MECHANICAL_DESIGN_GEOMETRIC_PRESENTATION_REPRESENTATION (  '', ( #143 ), #7132 ) ;
#5945 = COLOUR_RGB ( '',0.9686274509803921573, 0.8784313725490195957, 0.5999999999999999778 ) ;
#5946 = VERTEX_POINT ( 'NONE', #6939 ) ;
#5947 =( NAMED_UNIT ( * ) PLANE_ANGLE_UNIT ( ) SI_UNIT ( $, .RADIAN. ) );
#5948 = EDGE_LOOP ( 'NONE', ( #4153, #4088, #1014, #1847 ) ) ;
#5949 = ORIENTED_EDGE ( 'NONE', *, *, #159, .F. ) ;
#5950 = FILL_AREA_STYLE ('',( #2178 ) ) ;
#5951 = DIRECTION ( 'NONE',  ( 0.3892816206350230845, -0.8348171294789893393, 0.3892816206350233621 ) ) ;
#5952 = DIRECTION ( 'NONE',  ( 0.0000000000000000000, 0.0000000000000000000, 1.000000000000000000 ) ) ;
#5953 = CARTESIAN_POINT ( 'NONE',  ( 10.15999999999999837, 9.000000000000000000, -4.450000000000000178 ) ) ;
#5954 = VECTOR ( 'NONE', #9332, 1000.000000000000114 ) ;
#5955 = AXIS2_PLACEMENT_3D ( 'NONE', #4611, #6198, #8328 ) ;
#5956 = DIRECTION ( 'NONE',  ( -1.000000000000000000, 0.0000000000000000000, -3.388131789017201849E-16 ) ) ;
#5957 = SURFACE_STYLE_FILL_AREA ( #8473 ) ;
#5958 = DIRECTION ( 'NONE',  ( -1.000000000000000000, 0.0000000000000000000, -3.388131789017201849E-16 ) ) ;
#5959 = DIRECTION ( 'NONE',  ( 0.0000000000000000000, 0.0000000000000000000, 1.000000000000000000 ) ) ;
#5960 = AXIS2_PLACEMENT_3D ( 'NONE', #9347, #3840, #7905 ) ;
#5961 = ORIENTED_EDGE ( 'NONE', *, *, #9621, .T. ) ;
#5962 = DIRECTION ( 'NONE',  ( 1.000000000000000000, -0.0000000000000000000, 3.388131789017201849E-16 ) ) ;
#5963 = ORIENTED_EDGE ( 'NONE', *, *, #5496, .F. ) ;
#5965 = VERTEX_POINT ( 'NONE', #2998 ) ;
#5964 = CARTESIAN_POINT ( 'NONE',  ( -8.860000000000002984, 6.199999999999999289, 1.750000000000000222 ) ) ;
#5966 = STYLED_ITEM ( 'NONE', ( #9186 ), #8778 ) ;
#5967 = UNCERTAINTY_MEASURE_WITH_UNIT (LENGTH_MEASURE( 1.000000000000000082E-05 ), #4657, 'distance_accuracy_value', 'NONE');
#5968 =( LENGTH_UNIT ( ) NAMED_UNIT ( * ) SI_UNIT ( .MILLI., .METRE. ) );
#5969 = CARTESIAN_POINT ( 'NONE',  ( 2.219999999999997531, 8.800000000000000711, -0.9500000000000025091 ) ) ;
#5970 = DIRECTION ( 'NONE',  ( 0.0000000000000000000, -1.000000000000000000, 0.0000000000000000000 ) ) ;
#5971 = ORIENTED_EDGE ( 'NONE', *, *, #1837, .T. ) ;
#5972 = EDGE_CURVE ( 'NONE', #830, #4391, #369, .T. ) ;
#5973 = SURFACE_STYLE_USAGE ( .BOTH. , #2977 ) ;
#5974 = LINE ( 'NONE', #472, #6463 ) ;
#5975 = DIRECTION ( 'NONE',  ( -1.000000000000000000, -0.0000000000000000000, -0.0000000000000000000 ) ) ;
#5976 = SURFACE_STYLE_USAGE ( .BOTH. , #2100 ) ;
#5977 = LINE ( 'NONE', #7543, #3510 ) ;
#5978 = LINE ( 'NONE', #4507, #3998 ) ;
#5979 = COLOUR_RGB ( '',0.9686274509803921573, 0.8784313725490195957, 0.5999999999999999778 ) ;
#5980 = EDGE_CURVE ( 'NONE', #903, #419, #4380, .T. ) ;
#5981 =( NAMED_UNIT ( * ) PLANE_ANGLE_UNIT ( ) SI_UNIT ( $, .RADIAN. ) );
#5982 =( LENGTH_UNIT ( ) NAMED_UNIT ( * ) SI_UNIT ( .MILLI., .METRE. ) );
#5983 = VERTEX_POINT ( 'NONE', #314 ) ;
#5984 = UNCERTAINTY_MEASURE_WITH_UNIT (LENGTH_MEASURE( 1.000000000000000082E-05 ), #6228, 'distance_accuracy_value', 'NONE');
#5985 = FILL_AREA_STYLE ('',( #4515 ) ) ;
#5986 = LINE ( 'NONE', #3566, #9080 ) ;
#5987 = LINE ( 'NONE', #2006, #9073 ) ;
#5988 = EDGE_CURVE ( 'NONE', #6166, #4253, #2613, .T. ) ;
#5989 =( GEOMETRIC_REPRESENTATION_CONTEXT ( 3 ) GLOBAL_UNCERTAINTY_ASSIGNED_CONTEXT ( ( #992 ) ) GLOBAL_UNIT_ASSIGNED_CONTEXT ( ( #7996, #9834, #2769 ) ) REPRESENTATION_CONTEXT ( 'NONE', 'WORKASPACE' ) );
#5990 = LINE ( 'NONE', #2056, #8432 ) ;
#5991 =( LENGTH_UNIT ( ) NAMED_UNIT ( * ) SI_UNIT ( .MILLI., .METRE. ) );
#5992 = PLANE ( 'NONE',  #4809 ) ;
#5993 = DIRECTION ( 'NONE',  ( 3.388131789017201849E-16, 0.0000000000000000000, -1.000000000000000000 ) ) ;
#5994 = ORIENTED_EDGE ( 'NONE', *, *, #6445, .F. ) ;
#5995 = VERTEX_POINT ( 'NONE', #9717 ) ;
#5996 = ORIENTED_EDGE ( 'NONE', *, *, #6445, .T. ) ;
#5997 = SURFACE_SIDE_STYLE ('',( #1245 ) ) ;
#5998 = LINE ( 'NONE', #8309, #6621 ) ;
#5999 = EDGE_CURVE ( 'NONE', #1209, #8646, #583, .T. ) ;
#6000 = LINE ( 'NONE', #4578, #9714 ) ;
#6001 = DIRECTION ( 'NONE',  ( -1.000000000000000000, 0.0000000000000000000, -1.694065894508600925E-16 ) ) ;
#6002 = EDGE_CURVE ( 'NONE', #1764, #2215, #2556, .T. ) ;
#6003 = COLOUR_RGB ( '',0.7921568627450980005, 0.8196078431372548767, 0.9333333333333333481 ) ;
#6004 = VERTEX_POINT ( 'NONE', #7389 ) ;
#6005 = DIRECTION ( 'NONE',  ( 1.000000000000000000, 0.0000000000000000000, -0.0000000000000000000 ) ) ;
#6006 = ORIENTED_EDGE ( 'NONE', *, *, #3168, .T. ) ;
#6008 = EDGE_LOOP ( 'NONE', ( #2092, #4421, #2596, #1416 ) ) ;
#6007 = CARTESIAN_POINT ( 'NONE',  ( 2.859999999999997655, 8.371098615898084461, -0.9500000000000022871 ) ) ;
#6009 = FILL_AREA_STYLE_COLOUR ( '', #5456 ) ;
#6010 = PRESENTATION_STYLE_ASSIGNMENT (( #9969 ) ) ;
#6011 = FACE_OUTER_BOUND ( 'NONE', #6040, .T. ) ;
#6012 = LINE ( 'NONE', #1370, #6895 ) ;
#6013 = SURFACE_STYLE_FILL_AREA ( #1316 ) ;
#6014 = PRESENTATION_STYLE_ASSIGNMENT (( #7442 ) ) ;
#6015 = VECTOR ( 'NONE', #8440, 1000.000000000000000 ) ;
#6016 = ORIENTED_EDGE ( 'NONE', *, *, #4682, .F. ) ;
#6017 = LINE ( 'NONE', #9222, #2167 ) ;
#6018 = ORIENTED_EDGE ( 'NONE', *, *, #4883, .F. ) ;
#6019 = FILL_AREA_STYLE_COLOUR ( '', #8377 ) ;
#6020 =( NAMED_UNIT ( * ) PLANE_ANGLE_UNIT ( ) SI_UNIT ( $, .RADIAN. ) );
#6021 = VECTOR ( 'NONE', #7385, 1000.000000000000227 ) ;
#6022 = EDGE_CURVE ( 'NONE', #8085, #6586, #6705, .T. ) ;
#6023 = AXIS2_PLACEMENT_3D ( 'NONE', #5723, #4279, #7436 ) ;
#6024 = DIRECTION ( 'NONE',  ( 0.4014883995042269338, -0.8231732078530421548, -0.4014883995042278220 ) ) ;
#6025 = LINE ( 'NONE', #2211, #7804 ) ;
#6026 = FILL_AREA_STYLE_COLOUR ( '', #5945 ) ;
#6027 = PLANE ( 'NONE',  #6062 ) ;
#6028 = CARTESIAN_POINT ( 'NONE',  ( 4.955093035426343384, -3.000000000000000000, 1.394906964573650932 ) ) ;
#6029 = EDGE_LOOP ( 'NONE', ( #1531, #2150, #10184, #3158 ) ) ;
#6030 = FILL_AREA_STYLE_COLOUR ( '', #10191 ) ;
#6031 = EDGE_CURVE ( 'NONE', #9371, #6894, #1042, .T. ) ;
#6032 = PRESENTATION_STYLE_ASSIGNMENT (( #494 ) ) ;
#6033 = VECTOR ( 'NONE', #4455, 1000.000000000000000 ) ;
#6034 = CARTESIAN_POINT ( 'NONE',  ( 0.3199999999999982303, -2.600000000000000089, -1.590000000000002300 ) ) ;
#6035 =( GEOMETRIC_REPRESENTATION_CONTEXT ( 3 ) GLOBAL_UNCERTAINTY_ASSIGNED_CONTEXT ( ( #5764 ) ) GLOBAL_UNIT_ASSIGNED_CONTEXT ( ( #2052, #4453, #1284 ) ) REPRESENTATION_CONTEXT ( 'NONE', 'WORKASPACE' ) );
#6036 = AXIS2_PLACEMENT_3D ( 'NONE', #8157, #1068, #7410 ) ;
#6037 = LINE ( 'NONE', #8346, #9406 ) ;
#6038 = PRESENTATION_STYLE_ASSIGNMENT (( #2898 ) ) ;
#6039 = VECTOR ( 'NONE', #5516, 999.9999999999998863 ) ;
#6040 = EDGE_LOOP ( 'NONE', ( #5238, #4463, #7668, #6227 ) ) ;
#6041 = COLOUR_RGB ( '',0.3137254901960784270, 0.3137254901960784270, 0.3137254901960784270 ) ;
#6042 =( NAMED_UNIT ( * ) SI_UNIT ( $, .STERADIAN. ) SOLID_ANGLE_UNIT ( ) );
#6043 = VERTEX_POINT ( 'NONE', #9868 ) ;
#6044 = COLOUR_RGB ( '',0.9686274509803921573, 0.8784313725490195957, 0.5999999999999999778 ) ;
#6045 = DIRECTION ( 'NONE',  ( -1.000000000000000000, 0.0000000000000000000, -3.388131789017201849E-16 ) ) ;
#6046 = FILL_AREA_STYLE ('',( #7566 ) ) ;
#6047 = LINE ( 'NONE', #5139, #3748 ) ;
#6048 = CARTESIAN_POINT ( 'NONE',  ( -2.849487871729335708, -2.621553056976519080, 0.9605121282706637897 ) ) ;
#6049 = UNCERTAINTY_MEASURE_WITH_UNIT (LENGTH_MEASURE( 1.000000000000000082E-05 ), #5968, 'distance_accuracy_value', 'NONE');
#6050 = CARTESIAN_POINT ( 'NONE',  ( 4.759999999999997122, 8.800000000000000711, 0.9499999999999971800 ) ) ;
#6051 = MECHANICAL_DESIGN_GEOMETRIC_PRESENTATION_REPRESENTATION (  '', ( #5079 ), #9355 ) ;
#6052 = EDGE_CURVE ( 'NONE', #3556, #8406, #1781, .T. ) ;
#6053 = AXIS2_PLACEMENT_3D ( 'NONE', #6161, #3585, #5956 ) ;
#6054 =( NAMED_UNIT ( * ) SI_UNIT ( $, .STERADIAN. ) SOLID_ANGLE_UNIT ( ) );
#6055 = VECTOR ( 'NONE', #3535, 1000.000000000000000 ) ;
#6056 = EDGE_CURVE ( 'NONE', #9445, #862, #5916, .T. ) ;
#6057 = FILL_AREA_STYLE_COLOUR ( '', #4134 ) ;
#6058 = EDGE_LOOP ( 'NONE', ( #9143, #2284, #6006, #7759 ) ) ;
#6059 = PRESENTATION_STYLE_ASSIGNMENT (( #457 ) ) ;
#6060 = ORIENTED_EDGE ( 'NONE', *, *, #3662, .T. ) ;
#6061 = CARTESIAN_POINT ( 'NONE',  ( -8.860000000000002984, 6.199999999999999289, -1.649999999999999911 ) ) ;
#6062 = AXIS2_PLACEMENT_3D ( 'NONE', #9396, #7237, #6300 ) ;
#6063 = UNCERTAINTY_MEASURE_WITH_UNIT (LENGTH_MEASURE( 1.000000000000000082E-05 ), #333, 'distance_accuracy_value', 'NONE');
#6064 = SURFACE_STYLE_FILL_AREA ( #7635 ) ;
#6065 = CARTESIAN_POINT ( 'NONE',  ( -10.16000000000000014, 9.000000000000000000, 4.549999999999999822 ) ) ;
#6066 = FILL_AREA_STYLE_COLOUR ( '', #122 ) ;
#6068 = VECTOR ( 'NONE', #3161, 1000.000000000000000 ) ;
#6067 = FILL_AREA_STYLE_COLOUR ( '', #8361 ) ;
#6069 = STYLED_ITEM ( 'NONE', ( #9126 ), #2207 ) ;
#6070 = ORIENTED_EDGE ( 'NONE', *, *, #2656, .F. ) ;
#6071 =( NAMED_UNIT ( * ) SI_UNIT ( $, .STERADIAN. ) SOLID_ANGLE_UNIT ( ) );
#6072 =( NAMED_UNIT ( * ) SI_UNIT ( $, .STERADIAN. ) SOLID_ANGLE_UNIT ( ) );
#6073 =( NAMED_UNIT ( * ) PLANE_ANGLE_UNIT ( ) SI_UNIT ( $, .RADIAN. ) );
#6074 = AXIS2_PLACEMENT_3D ( 'NONE', #1684, #6614, #4086 ) ;
#6075 = LINE ( 'NONE', #9175, #8443 ) ;
#6076 = DIRECTION ( 'NONE',  ( 0.0000000000000000000, -1.000000000000000000, 0.0000000000000000000 ) ) ;
#6077 = PLANE ( 'NONE',  #985 ) ;
#6078 = AXIS2_PLACEMENT_3D ( 'NONE', #6481, #5707, #5092 ) ;
#6079 = DIRECTION ( 'NONE',  ( 1.000000000000000000, 0.0000000000000000000, 0.0000000000000000000 ) ) ;
#6080 = PRESENTATION_LAYER_ASSIGNMENT (  '', '', ( #4954 ) ) ;
#6081 = DIRECTION ( 'NONE',  ( -1.000000000000000000, 0.0000000000000000000, -0.0000000000000000000 ) ) ;
#6082 = CARTESIAN_POINT ( 'NONE',  ( -8.859999999999997655, 8.400000000000002132, -3.199999999999999734 ) ) ;
#6083 = ORIENTED_EDGE ( 'NONE', *, *, #2148, .F. ) ;
#6084 = UNCERTAINTY_MEASURE_WITH_UNIT (LENGTH_MEASURE( 1.000000000000000082E-05 ), #2089, 'distance_accuracy_value', 'NONE');
#6085 =( NAMED_UNIT ( * ) SI_UNIT ( $, .STERADIAN. ) SOLID_ANGLE_UNIT ( ) );
#6086 = CARTESIAN_POINT ( 'NONE',  ( 2.859999999999997655, -2.599999999999996536, -0.9500000000000022871 ) ) ;
#6087 = FILL_AREA_STYLE_COLOUR ( '', #9798 ) ;
#6088 =( GEOMETRIC_REPRESENTATION_CONTEXT ( 3 ) GLOBAL_UNCERTAINTY_ASSIGNED_CONTEXT ( ( #6195 ) ) GLOBAL_UNIT_ASSIGNED_CONTEXT ( ( #9775, #7392, #9601 ) ) REPRESENTATION_CONTEXT ( 'NONE', 'WORKASPACE' ) );
#6089 = COLOUR_RGB ( '',0.9686274509803921573, 0.8784313725490195957, 0.5999999999999999778 ) ;
#6090 = FILL_AREA_STYLE_COLOUR ( '', #10282 ) ;
#6091 = SURFACE_STYLE_FILL_AREA ( #545 ) ;
#6092 = EDGE_CURVE ( 'NONE', #5147, #1365, #9013, .T. ) ;
#6093 = PRESENTATION_STYLE_ASSIGNMENT (( #5221 ) ) ;
#6094 = ORIENTED_EDGE ( 'NONE', *, *, #7397, .T. ) ;
#6095 = CARTESIAN_POINT ( 'NONE',  ( -0.3200000000000025602, 8.371098615898084461, 0.9499999999999971800 ) ) ;
#6096 = EDGE_LOOP ( 'NONE', ( #3201, #3766, #1239, #5475, #3221 ) ) ;
#6097 = ORIENTED_EDGE ( 'NONE', *, *, #3955, .T. ) ;
#6098 = FILL_AREA_STYLE ('',( #9902 ) ) ;
#6099 = AXIS2_PLACEMENT_3D ( 'NONE', #4209, #7415, #4933 ) ;
#6100 = VECTOR ( 'NONE', #10069, 1000.000000000000000 ) ;
#6101 = CARTESIAN_POINT ( 'NONE',  ( -4.015304598860760521, 7.922709448335786497, 4.450000000000000178 ) ) ;
#6102 = FACE_OUTER_BOUND ( 'NONE', #343, .T. ) ;
#6103 =( NAMED_UNIT ( * ) PLANE_ANGLE_UNIT ( ) SI_UNIT ( $, .RADIAN. ) );
#6104 = CARTESIAN_POINT ( 'NONE',  ( 2.250000000000000000, 1.299999999999999156, 4.549999999999999822 ) ) ;
#6105 = DIRECTION ( 'NONE',  ( -1.000000000000000000, 0.0000000000000000000, -3.388131789017201849E-16 ) ) ;
#6106 = FACE_OUTER_BOUND ( 'NONE', #3236, .T. ) ;
#6107 = EDGE_CURVE ( 'NONE', #2704, #3, #6610, .T. ) ;
#6108 = LINE ( 'NONE', #3016, #8448 ) ;
#6109 = PRESENTATION_LAYER_ASSIGNMENT (  '', '', ( #2639 ) ) ;
#6110 = MECHANICAL_DESIGN_GEOMETRIC_PRESENTATION_REPRESENTATION (  '', ( #1985 ), #4156 ) ;
#6111 = ORIENTED_EDGE ( 'NONE', *, *, #421, .T. ) ;
#6112 = PRESENTATION_STYLE_ASSIGNMENT (( #4532 ) ) ;
#6113 = VECTOR ( 'NONE', #10165, 1000.000000000000000 ) ;
#6114 = DIRECTION ( 'NONE',  ( -3.388131789017201849E-16, 0.0000000000000000000, 1.000000000000000000 ) ) ;
#6115 = ORIENTED_EDGE ( 'NONE', *, *, #3110, .T. ) ;
#6117 = ORIENTED_EDGE ( 'NONE', *, *, #8276, .F. ) ;
#6116 = DIRECTION ( 'NONE',  ( -1.000000000000000000, 0.0000000000000000000, 1.906289534040446993E-16 ) ) ;
#6118 =( LENGTH_UNIT ( ) NAMED_UNIT ( * ) SI_UNIT ( .MILLI., .METRE. ) );
#6119 = PRESENTATION_LAYER_ASSIGNMENT (  '', '', ( #6285 ) ) ;
#6120 = EDGE_CURVE ( 'NONE', #9512, #293, #2665, .T. ) ;
#6121 = CARTESIAN_POINT ( 'NONE',  ( 2.219999999999996643, 8.371098615898088013, 0.9499999999999971800 ) ) ;
#6122 =( NAMED_UNIT ( * ) SI_UNIT ( $, .STERADIAN. ) SOLID_ANGLE_UNIT ( ) );
#6123 = DIRECTION ( 'NONE',  ( -1.000000000000000000, 0.0000000000000000000, -0.0000000000000000000 ) ) ;
#6124 = AXIS2_PLACEMENT_3D ( 'NONE', #4910, #4284, #105 ) ;
#6125 = SURFACE_STYLE_FILL_AREA ( #2969 ) ;
#6126 = DIRECTION ( 'NONE',  ( -1.000000000000000000, 0.0000000000000000000, -0.0000000000000000000 ) ) ;
#6127 = EDGE_CURVE ( 'NONE', #7522, #576, #8283, .T. ) ;
#6128 = EDGE_CURVE ( 'NONE', #8650, #7429, #4340, .T. ) ;
#6129 = AXIS2_PLACEMENT_3D ( 'NONE', #5355, #417, #6768 ) ;
#6130 = ORIENTED_EDGE ( 'NONE', *, *, #7044, .F. ) ;
#6131 = VECTOR ( 'NONE', #2919, 1000.000000000000000 ) ;
#6132 = VERTEX_POINT ( 'NONE', #4962 ) ;
#6133 =( NAMED_UNIT ( * ) SI_UNIT ( $, .STERADIAN. ) SOLID_ANGLE_UNIT ( ) );
#6134 = ORIENTED_EDGE ( 'NONE', *, *, #3744, .F. ) ;
#6135 = CARTESIAN_POINT ( 'NONE',  ( -0.3200000000000025602, 8.371098615898084461, 1.589999999999997193 ) ) ;
#6136 = CARTESIAN_POINT ( 'NONE',  ( 10.15999999999999837, 9.000000000000000000, -4.549999999999999822 ) ) ;
#6137 = EDGE_CURVE ( 'NONE', #4127, #3547, #4231, .T. ) ;
#6138 = SURFACE_STYLE_FILL_AREA ( #3828 ) ;
#6139 = ADVANCED_FACE ( 'NONE', ( #8919 ), #9771, .T. ) ;
#6140 = CARTESIAN_POINT ( 'NONE',  ( -0.1499999999999996336, 9.000000000000000000, -4.450000000000000178 ) ) ;
#6141 = PRESENTATION_STYLE_ASSIGNMENT (( #485 ) ) ;
#6142 = MECHANICAL_DESIGN_GEOMETRIC_PRESENTATION_REPRESENTATION (  '', ( #6654 ), #4850 ) ;
#6143 = CARTESIAN_POINT ( 'NONE',  ( -4.760000000000003340, 0.0000000000000000000, 0.0000000000000000000 ) ) ;
#6144 = CARTESIAN_POINT ( 'NONE',  ( 10.16000000000000014, -3.000000000000000000, -1.145093035426346884 ) ) ;
#6145 = EDGE_LOOP ( 'NONE', ( #291, #3377, #4404, #3754 ) ) ;
#6146 = CARTESIAN_POINT ( 'NONE',  ( 4.759999999999998899, -2.599999999999996536, -0.9500000000000025091 ) ) ;
#6147 =( LENGTH_UNIT ( ) NAMED_UNIT ( * ) SI_UNIT ( .MILLI., .METRE. ) );
#6148 = STYLED_ITEM ( 'NONE', ( #4046 ), #9531 ) ;
#6149 = EDGE_LOOP ( 'NONE', ( #5328, #3098, #9898, #4182 ) ) ;
#6150 = DIRECTION ( 'NONE',  ( -0.4014883995042276554, 0.8231732078530419328, -0.4014883995042275444 ) ) ;
#6151 = ORIENTED_EDGE ( 'NONE', *, *, #4949, .F. ) ;
#6152 = EDGE_LOOP ( 'NONE', ( #9805, #2642, #9901, #3518 ) ) ;
#6153 =( LENGTH_UNIT ( ) NAMED_UNIT ( * ) SI_UNIT ( .MILLI., .METRE. ) );
#6154 = VECTOR ( 'NONE', #2303, 1000.000000000000000 ) ;
#6155 =( NAMED_UNIT ( * ) SI_UNIT ( $, .STERADIAN. ) SOLID_ANGLE_UNIT ( ) );
#6156 = COLOUR_RGB ( '',0.9686274509803921573, 0.8784313725490195957, 0.5999999999999999778 ) ;
#6157 = FILL_AREA_STYLE ('',( #4576 ) ) ;
#6158 = LINE ( 'NONE', #7010, #1213 ) ;
#6159 = LINE ( 'NONE', #5288, #1651 ) ;
#6160 = UNCERTAINTY_MEASURE_WITH_UNIT (LENGTH_MEASURE( 1.000000000000000082E-05 ), #5387, 'distance_accuracy_value', 'NONE');
#6161 = CARTESIAN_POINT ( 'NONE',  ( 5.079999999999999183, -3.000000000000000000, 1.394906964573654484 ) ) ;
#6162 = SURFACE_STYLE_FILL_AREA ( #1200 ) ;
#6163 = EDGE_CURVE ( 'NONE', #7429, #95, #466, .T. ) ;
#6164 = FACE_OUTER_BOUND ( 'NONE', #5279, .T. ) ;
#6165 =( GEOMETRIC_REPRESENTATION_CONTEXT ( 3 ) GLOBAL_UNCERTAINTY_ASSIGNED_CONTEXT ( ( #8043 ) ) GLOBAL_UNIT_ASSIGNED_CONTEXT ( ( #3851, #3117, #2329 ) ) REPRESENTATION_CONTEXT ( 'NONE', 'WORKASPACE' ) );
#6166 = VERTEX_POINT ( 'NONE', #5246 ) ;
#6167 = DIRECTION ( 'NONE',  ( -0.0000000000000000000, -0.0000000000000000000, -1.000000000000000000 ) ) ;
#6168 = EDGE_LOOP ( 'NONE', ( #3705, #7859 ) ) ;
#6170 = ORIENTED_EDGE ( 'NONE', *, *, #6056, .T. ) ;
#6169 =( LENGTH_UNIT ( ) NAMED_UNIT ( * ) SI_UNIT ( .MILLI., .METRE. ) );
#6171 = UNCERTAINTY_MEASURE_WITH_UNIT (LENGTH_MEASURE( 1.000000000000000082E-05 ), #6724, 'distance_accuracy_value', 'NONE');
#6172 = SURFACE_STYLE_USAGE ( .BOTH. , #5551 ) ;
#6173 = SURFACE_STYLE_FILL_AREA ( #2086 ) ;
#6174 =( LENGTH_UNIT ( ) NAMED_UNIT ( * ) SI_UNIT ( .MILLI., .METRE. ) );
#6175 = ADVANCED_FACE ( 'NONE', ( #9323 ), #10073, .T. ) ;
#6176 = ADVANCED_FACE ( 'NONE', ( #5300 ), #6977, .T. ) ;
#6177 = VERTEX_POINT ( 'NONE', #3025 ) ;
#6178 = DIRECTION ( 'NONE',  ( 1.906289534040446993E-16, -1.398970545142586541E-16, 1.000000000000000000 ) ) ;
#6179 = ORIENTED_EDGE ( 'NONE', *, *, #8262, .T. ) ;
#6180 = CARTESIAN_POINT ( 'NONE',  ( -2.220000000000002860, 8.800000000000000711, 1.589999999999997415 ) ) ;
#6181 = DIRECTION ( 'NONE',  ( 0.0000000000000000000, 0.0000000000000000000, -1.000000000000000000 ) ) ;
#6182 = VERTEX_POINT ( 'NONE', #1264 ) ;
#6183 = EDGE_LOOP ( 'NONE', ( #2177, #9190, #9691, #8688 ) ) ;
#6184 = DIRECTION ( 'NONE',  ( 0.0000000000000000000, 0.0000000000000000000, -1.000000000000000000 ) ) ;
#6185 = SURFACE_SIDE_STYLE ('',( #6987 ) ) ;
#6186 = SURFACE_SIDE_STYLE ('',( #1479 ) ) ;
#6187 = CARTESIAN_POINT ( 'NONE',  ( -0.1499999999999990785, 9.000000000000000000, -4.549999999999999822 ) ) ;
#6188 =( NAMED_UNIT ( * ) PLANE_ANGLE_UNIT ( ) SI_UNIT ( $, .RADIAN. ) );
#6189 = SURFACE_STYLE_FILL_AREA ( #3039 ) ;
#6190 = EDGE_CURVE ( 'NONE', #8951, #9261, #6483, .T. ) ;
#6191 = EDGE_CURVE ( 'NONE', #3386, #8567, #1612, .T. ) ;
#6192 = DIRECTION ( 'NONE',  ( 0.0000000000000000000, -1.000000000000000000, -1.398970545142586541E-16 ) ) ;
#6193 = CARTESIAN_POINT ( 'NONE',  ( 4.759999999999997122, 8.371098615898084461, 1.589999999999997193 ) ) ;
#6194 = ORIENTED_EDGE ( 'NONE', *, *, #2264, .T. ) ;
#6195 = UNCERTAINTY_MEASURE_WITH_UNIT (LENGTH_MEASURE( 1.000000000000000082E-05 ), #9775, 'distance_accuracy_value', 'NONE');
#6196 =( NAMED_UNIT ( * ) SI_UNIT ( $, .STERADIAN. ) SOLID_ANGLE_UNIT ( ) );
#6197 = SURFACE_STYLE_USAGE ( .BOTH. , #1728 ) ;
#6198 = DIRECTION ( 'NONE',  ( -1.522616340022803649E-16, 0.4383711467890772373, 0.8987940462991671486 ) ) ;
#6199 = CARTESIAN_POINT ( 'NONE',  ( 0.1199999999999968453, 8.800000000000000711, 1.149999999999997913 ) ) ;
#6200 = AXIS2_PLACEMENT_3D ( 'NONE', #8074, #7619, #7716 ) ;
#6201 = SURFACE_SIDE_STYLE ('',( #10255 ) ) ;
#6202 = CARTESIAN_POINT ( 'NONE',  ( 0.1500000000000003275, 9.000000000000000000, -4.450000000000000178 ) ) ;
#6203 = VERTEX_POINT ( 'NONE', #1814 ) ;
#6204 = VERTEX_POINT ( 'NONE', #2544 ) ;
#6205 = LINE ( 'NONE', #4771, #2785 ) ;
#6206 = AXIS2_PLACEMENT_3D ( 'NONE', #4259, #4307, #9681 ) ;
#6207 = STYLED_ITEM ( 'NONE', ( #123 ), #490 ) ;
#6208 = DIRECTION ( 'NONE',  ( 0.0000000000000000000, 0.0000000000000000000, -1.000000000000000000 ) ) ;
#6209 = PRESENTATION_STYLE_ASSIGNMENT (( #6956 ) ) ;
#6210 = SURFACE_STYLE_USAGE ( .BOTH. , #2224 ) ;
#6211 = CARTESIAN_POINT ( 'NONE',  ( -10.16000000000000192, 0.0000000000000000000, -4.549999999999999822 ) ) ;
#6212 = CARTESIAN_POINT ( 'NONE',  ( 4.759999999999998899, -2.599999999999996536, -0.9500000000000025091 ) ) ;
#6213 = CARTESIAN_POINT ( 'NONE',  ( 0.0000000000000000000, -0.1000000000000000056, -2.699999999999999289 ) ) ;
#6214 = STYLED_ITEM ( 'NONE', ( #4032 ), #1556 ) ;
#6215 = COLOUR_RGB ( '',0.9686274509803921573, 0.8784313725490195957, 0.5999999999999999778 ) ;
#6216 = COLOUR_RGB ( '',0.9686274509803921573, 0.8784313725490195957, 0.5999999999999999778 ) ;
#6217 = SURFACE_STYLE_USAGE ( .BOTH. , #9314 ) ;
#6218 = VERTEX_POINT ( 'NONE', #8741 ) ;
#6220 = ORIENTED_EDGE ( 'NONE', *, *, #2318, .F. ) ;
#6219 = CARTESIAN_POINT ( 'NONE',  ( 7.500000000000000000, -0.1000000000000000056, -3.200000000000000178 ) ) ;
#6221 = CARTESIAN_POINT ( 'NONE',  ( 5.079999999999999183, 1.299999999999999156, 1.589999999999998970 ) ) ;
#6222 = SURFACE_STYLE_FILL_AREA ( #4025 ) ;
#6223 = FILL_AREA_STYLE ('',( #86 ) ) ;
#6224 = DIRECTION ( 'NONE',  ( 0.0000000000000000000, 0.0000000000000000000, 1.000000000000000000 ) ) ;
#6225 = PRESENTATION_STYLE_ASSIGNMENT (( #9630 ) ) ;
#6226 = COLOUR_RGB ( '',0.9686274509803921573, 0.8784313725490195957, 0.5999999999999999778 ) ;
#6227 = ORIENTED_EDGE ( 'NONE', *, *, #9952, .T. ) ;
#6228 =( LENGTH_UNIT ( ) NAMED_UNIT ( * ) SI_UNIT ( .MILLI., .METRE. ) );
#6229 = MECHANICAL_DESIGN_GEOMETRIC_PRESENTATION_REPRESENTATION (  '', ( #3257 ), #1448 ) ;
#6230 =( LENGTH_UNIT ( ) NAMED_UNIT ( * ) SI_UNIT ( .MILLI., .METRE. ) );
#6231 = STYLED_ITEM ( 'NONE', ( #823 ), #1172 ) ;
#6232 = EDGE_CURVE ( 'NONE', #1812, #5378, #7372, .T. ) ;
#6233 = LINE ( 'NONE', #5462, #6932 ) ;
#6234 = SURFACE_STYLE_USAGE ( .BOTH. , #4797 ) ;
#6235 = VERTEX_POINT ( 'NONE', #9579 ) ;
#6236 = FILL_AREA_STYLE ('',( #6340 ) ) ;
#6237 = STYLED_ITEM ( 'NONE', ( #3318 ), #6581 ) ;
#6238 = CARTESIAN_POINT ( 'NONE',  ( 2.539999999999999591, 1.299999999999999156, 1.589999999999998970 ) ) ;
#6239 = DIRECTION ( 'NONE',  ( -1.000000000000000000, 0.0000000000000000000, -3.388131789017201849E-16 ) ) ;
#6240 = LINE ( 'NONE', #9388, #6609 ) ;
#6241 =( GEOMETRIC_REPRESENTATION_CONTEXT ( 3 ) GLOBAL_UNCERTAINTY_ASSIGNED_CONTEXT ( ( #7111 ) ) GLOBAL_UNIT_ASSIGNED_CONTEXT ( ( #9170, #6020, #6072 ) ) REPRESENTATION_CONTEXT ( 'NONE', 'WORKASPACE' ) );
#6242 = PRESENTATION_STYLE_ASSIGNMENT (( #10085 ) ) ;
#6243 = CARTESIAN_POINT ( 'NONE',  ( -2.860000000000002540, 8.800000000000000711, 0.9499999999999971800 ) ) ;
#6244 = PRESENTATION_LAYER_ASSIGNMENT (  '', '', ( #7741 ) ) ;
#6245 = CARTESIAN_POINT ( 'NONE',  ( -8.859999999999997655, 1.299999999999999156, 3.200000000000000622 ) ) ;
#6246 = CARTESIAN_POINT ( 'NONE',  ( 7.850000000000001421, 0.0000000000000000000, -4.450000000000000178 ) ) ;
#6247 = FACE_OUTER_BOUND ( 'NONE', #5050, .T. ) ;
#6248 = CARTESIAN_POINT ( 'NONE',  ( -4.760000000000002451, 8.371098615898084461, -0.9500000000000022871 ) ) ;
#6249 = LINE ( 'NONE', #2309, #6953 ) ;
#6250 = EDGE_LOOP ( 'NONE', ( #5149, #6794, #6605, #8925 ) ) ;
#6251 = ADVANCED_FACE ( 'NONE', ( #2598 ), #3379, .T. ) ;
#6252 = FILL_AREA_STYLE ('',( #9505 ) ) ;
#6253 = CARTESIAN_POINT ( 'NONE',  ( 5.399999999999996803, 8.371098615898084461, 0.9499999999999972911 ) ) ;
#6254 = DIRECTION ( 'NONE',  ( 1.535345111946355016E-16, 0.4226182617406969433, -0.9063077870366511579 ) ) ;
#6255 = LINE ( 'NONE', #2269, #7810 ) ;
#6256 = EDGE_CURVE ( 'NONE', #1220, #3386, #5000, .T. ) ;
#6257 = EDGE_CURVE ( 'NONE', #5282, #7404, #4846, .T. ) ;
#6258 = FILL_AREA_STYLE_COLOUR ( '', #6649 ) ;
#6259 = CARTESIAN_POINT ( 'NONE',  ( 10.16000000000000014, -3.000000000000000000, -1.394906964573654484 ) ) ;
#6260 = ORIENTED_EDGE ( 'NONE', *, *, #20, .F. ) ;
#6261 = VERTEX_POINT ( 'NONE', #918 ) ;
#6262 = SURFACE_STYLE_FILL_AREA ( #8569 ) ;
#6263 = SURFACE_STYLE_FILL_AREA ( #8469 ) ;
#6264 = SURFACE_STYLE_FILL_AREA ( #3794 ) ;
#6265 = UNCERTAINTY_MEASURE_WITH_UNIT (LENGTH_MEASURE( 1.000000000000000082E-05 ), #9822, 'distance_accuracy_value', 'NONE');
#6266 = DIRECTION ( 'NONE',  ( 1.906289534040447240E-16, 0.0000000000000000000, 1.000000000000000000 ) ) ;
#6267 = MECHANICAL_DESIGN_GEOMETRIC_PRESENTATION_REPRESENTATION (  '', ( #8383 ), #3298 ) ;
#6268 = EDGE_CURVE ( 'NONE', #6741, #5721, #4113, .T. ) ;
#6269 = COLOUR_RGB ( '',0.7921568627450980005, 0.8196078431372548767, 0.9333333333333333481 ) ;
#6270 = MECHANICAL_DESIGN_GEOMETRIC_PRESENTATION_REPRESENTATION (  '', ( #467 ), #4306 ) ;
#6271 = ORIENTED_EDGE ( 'NONE', *, *, #3866, .F. ) ;
#6272 = SURFACE_STYLE_FILL_AREA ( #3064 ) ;
#6273 = ORIENTED_EDGE ( 'NONE', *, *, #3681, .T. ) ;
#6275 = ORIENTED_EDGE ( 'NONE', *, *, #5185, .T. ) ;
#6274 = LINE ( 'NONE', #9431, #4520 ) ;
#6276 =( NAMED_UNIT ( * ) PLANE_ANGLE_UNIT ( ) SI_UNIT ( $, .RADIAN. ) );
#6277 = UNCERTAINTY_MEASURE_WITH_UNIT (LENGTH_MEASURE( 1.000000000000000082E-05 ), #5393, 'distance_accuracy_value', 'NONE');
#6278 = LINE ( 'NONE', #8480, #6100 ) ;
#6279 =( NAMED_UNIT ( * ) PLANE_ANGLE_UNIT ( ) SI_UNIT ( $, .RADIAN. ) );
#6280 = STYLED_ITEM ( 'NONE', ( #10000 ), #3485 ) ;
#6281 = DIRECTION ( 'NONE',  ( -3.070690223892709539E-16, 0.4226182617406972208, 0.9063077870366510469 ) ) ;
#6282 = VECTOR ( 'NONE', #2895, 1000.000000000000000 ) ;
#6283 = EDGE_LOOP ( 'NONE', ( #9369, #492, #8117, #5593 ) ) ;
#6284 = PRESENTATION_LAYER_ASSIGNMENT (  '', '', ( #480 ) ) ;
#6285 = STYLED_ITEM ( 'NONE', ( #6363 ), #3612 ) ;
#6286 = EDGE_LOOP ( 'NONE', ( #9647, #8529, #7604, #1039 ) ) ;
#6287 = CARTESIAN_POINT ( 'NONE',  ( 8.860000000000001208, 1.299999999999999156, -3.199999999999999734 ) ) ;
#6288 = CARTESIAN_POINT ( 'NONE',  ( 5.080000000000000959, -3.000000000000000000, -1.394906964573656261 ) ) ;
#6289 = ORIENTED_EDGE ( 'NONE', *, *, #6232, .T. ) ;
#6290 = SURFACE_STYLE_FILL_AREA ( #2357 ) ;
#6291 = PRESENTATION_STYLE_ASSIGNMENT (( #3142 ) ) ;
#6292 =( LENGTH_UNIT ( ) NAMED_UNIT ( * ) SI_UNIT ( .MILLI., .METRE. ) );
#6293 = VECTOR ( 'NONE', #5975, 1000.000000000000000 ) ;
#6294 = PRESENTATION_LAYER_ASSIGNMENT (  '', '', ( #4162 ) ) ;
#6295 = LINE ( 'NONE', #2988, #3323 ) ;
#6296 = ADVANCED_FACE ( 'NONE', ( #3330 ), #6536, .T. ) ;
#6297 = DIRECTION ( 'NONE',  ( 0.0000000000000000000, -1.000000000000000000, 0.0000000000000000000 ) ) ;
#6298 =( NAMED_UNIT ( * ) PLANE_ANGLE_UNIT ( ) SI_UNIT ( $, .RADIAN. ) );
#6299 = FILL_AREA_STYLE_COLOUR ( '', #3663 ) ;
#6300 = DIRECTION ( 'NONE',  ( -0.0000000000000000000, 0.0000000000000000000, 1.000000000000000000 ) ) ;
#6301 = VECTOR ( 'NONE', #1523, 1000.000000000000000 ) ;
#6302 = SURFACE_STYLE_USAGE ( .BOTH. , #8612 ) ;
#6303 = CARTESIAN_POINT ( 'NONE',  ( -4.015304598860760521, 7.922709448335786497, 4.450000000000000178 ) ) ;
#6304 = ORIENTED_EDGE ( 'NONE', *, *, #3540, .T. ) ;
#6305 = VECTOR ( 'NONE', #1891, 1000.000000000000000 ) ;
#6306 = UNCERTAINTY_MEASURE_WITH_UNIT (LENGTH_MEASURE( 1.000000000000000082E-05 ), #3882, 'distance_accuracy_value', 'NONE');
#6307 = FILL_AREA_STYLE_COLOUR ( '', #8929 ) ;
#6308 = FILL_AREA_STYLE ('',( #854 ) ) ;
#6309 = CARTESIAN_POINT ( 'NONE',  ( 5.204906964573652317, -3.000000000000000000, 0.0000000000000000000 ) ) ;
#6310 = VECTOR ( 'NONE', #7306, 1000.000000000000000 ) ;
#6311 = EDGE_CURVE ( 'NONE', #564, #6898, #8307, .T. ) ;
#6312 = VERTEX_POINT ( 'NONE', #8995 ) ;
#6313 = VERTEX_POINT ( 'NONE', #4467 ) ;
#6314 = EDGE_CURVE ( 'NONE', #9586, #9371, #1080, .T. ) ;
#6315 = CARTESIAN_POINT ( 'NONE',  ( 2.219999999999997531, 8.800000000000000711, -0.9500000000000025091 ) ) ;
#6316 = CARTESIAN_POINT ( 'NONE',  ( -5.400000000000003020, 8.800000000000000711, 0.9499999999999971800 ) ) ;
#6317 = VECTOR ( 'NONE', #6461, 1000.000000000000000 ) ;
#6318 = CARTESIAN_POINT ( 'NONE',  ( -2.860000000000001652, 8.371098615898084461, -0.9500000000000025091 ) ) ;
#6319 = MECHANICAL_DESIGN_GEOMETRIC_PRESENTATION_REPRESENTATION (  '', ( #8444 ), #694 ) ;
#6320 = SURFACE_STYLE_USAGE ( .BOTH. , #3170 ) ;
#6321 = COLOUR_RGB ( '',0.9686274509803921573, 0.8784313725490195957, 0.5999999999999999778 ) ;
#6322 = ORIENTED_EDGE ( 'NONE', *, *, #5988, .T. ) ;
#6323 = STYLED_ITEM ( 'NONE', ( #9781 ), #5065 ) ;
#6324 = ORIENTED_EDGE ( 'NONE', *, *, #10131, .T. ) ;
#6325 = VERTEX_POINT ( 'NONE', #5899 ) ;
#6326 = EDGE_CURVE ( 'NONE', #3956, #5196, #5137, .T. ) ;
#6327 = SURFACE_STYLE_USAGE ( .BOTH. , #83 ) ;
#6328 = EDGE_CURVE ( 'NONE', #1220, #4126, #7475, .T. ) ;
#6329 = CARTESIAN_POINT ( 'NONE',  ( 4.759999999999998899, 8.371098615898084461, -0.9500000000000025091 ) ) ;
#6330 = SURFACE_STYLE_USAGE ( .BOTH. , #781 ) ;
#6331 = FILL_AREA_STYLE_COLOUR ( '', #9256 ) ;
#6332 = COLOUR_RGB ( '',0.9686274509803921573, 0.8784313725490195957, 0.5999999999999999778 ) ;
#6333 = EDGE_LOOP ( 'NONE', ( #6424, #605, #1897, #9144 ) ) ;
#6334 = CARTESIAN_POINT ( 'NONE',  ( 8.859999999999999432, 6.199999999999999289, 1.750000000000000222 ) ) ;
#6335 = ORIENTED_EDGE ( 'NONE', *, *, #670, .F. ) ;
#6336 = CARTESIAN_POINT ( 'NONE',  ( -7.500000000000000000, 0.0000000000000000000, -2.699999999999999289 ) ) ;
#6337 = CARTESIAN_POINT ( 'NONE',  ( 0.1199999999999968453, 8.800000000000000711, 1.389999999999996794 ) ) ;
#6338 = PLANE ( 'NONE',  #1910 ) ;
#6339 = VERTEX_POINT ( 'NONE', #6690 ) ;
#6340 = FILL_AREA_STYLE_COLOUR ( '', #3953 ) ;
#6341 = PLANE ( 'NONE',  #2893 ) ;
#6342 = CARTESIAN_POINT ( 'NONE',  ( -2.860000000000002540, 8.371098615898084461, 1.589999999999997193 ) ) ;
#6343 = CARTESIAN_POINT ( 'NONE',  ( 2.219999999999997531, 8.371098615898084461, -1.590000000000002522 ) ) ;
#6344 = AXIS2_PLACEMENT_3D ( 'NONE', #7461, #336, #386 ) ;
#6345 = CLOSED_SHELL ( 'NONE', ( #8080, #8708, #4758, #8717, #3747, #7899, #802, #4557, #4712, #6685, #1871, #7329, #4918, #3614, #6901, #5763, #4195, #390, #1188, #6636, #8115, #6771, #7699, #9605, #1128, #2777, #5075, #3805, #1653, #814, #7786, #4246, #6500, #1172, #283, #412, #5311, #6824, #7015, #8621, #6764, #647, #600, #10166, #9219, #1568, #7176, #1691, #10141, #2007, #3941, #259, #1885, #1399, #7304, #5121, #3589, #9684, #6581, #4803, #3408, #130, #2831, #2146, #7954, #6656, #1696, #3452, #220, #6139, #1823, #953, #10132, #5928, #8312, #6597, #4052, #9354, #4548, #7533, #9801, #9352, #8966, #5924, #3091, #8807, #1192, #7813, #9218, #9932, #5666, #7720, #8091, #3978, #5418, #7869, #5309, #2271, #6175, #3723, #7159, #5235, #5755, #4435, #2321, #476, #6652, #90, #3485, #6844, #8869, #3351, #1250, #4952, #7264, #8847, #8778, #5686, #10250, #3678, #7450, #6176, #755, #1990, #3348, #7474, #5682, #511, #7223, #1129, #1369, #8775, #7846, #6769, #544, #3146, #1112, #8564, #5402, #3034, #6554, #1397, #8348, #490, #8888, #6845, #3803, #7844, #4823, #4732, #10004, #5119, #7030, #5514, #2374, #5183, #6899, #1062, #3096, #2389, #3220, #67, #8139, #3845, #4358, #8260, #5493, #7037, #8948, #5233, #3625, #193, #2809, #9919, #8762, #8439, #10062, #5061, #3612, #6296, #5373, #5065, #1556, #1426, #539, #2302, #9320, #5162, #911, #4369, #9768, #526, #8385, #5811, #3881, #9531, #3403, #1747, #2041, #8019, #3255, #4061, #999, #2391, #3333, #6641, #8630, #8508, #6381, #9938, #8081, #2207, #410, #6496, #6251, #3996, #2455, #8587, #5016, #5275, #269, #7637, #2766, #3800, #2093, #5375, #8452, #7957, #3879, #2341, #7521, #6780, #6781, #3424, #7653, #7664, #8559, #4621, #4932, #7103, #2432 ) ) ;
#6346 = LINE ( 'NONE', #1482, #2350 ) ;
#6347 = VERTEX_POINT ( 'NONE', #3640 ) ;
#6348 = FILL_AREA_STYLE_COLOUR ( '', #6156 ) ;
#6349 = ORIENTED_EDGE ( 'NONE', *, *, #487, .T. ) ;
#6350 = CARTESIAN_POINT ( 'NONE',  ( -2.250000000000000000, 1.299999999999999156, -4.551000000000001044 ) ) ;
#6351 = DIRECTION ( 'NONE',  ( -1.000000000000000000, 0.0000000000000000000, -1.694065894508600925E-16 ) ) ;
#6352 = CARTESIAN_POINT ( 'NONE',  ( 0.3199999999999973976, 8.800000000000000711, 0.9499999999999972911 ) ) ;
#6353 = DIRECTION ( 'NONE',  ( -0.0000000000000000000, -1.000000000000000000, -0.0000000000000000000 ) ) ;
#6354 = MECHANICAL_DESIGN_GEOMETRIC_PRESENTATION_REPRESENTATION (  '', ( #2557 ), #4233 ) ;
#6355 = EDGE_LOOP ( 'NONE', ( #7416, #1191, #9638, #2412 ) ) ;
#6356 = AXIS2_PLACEMENT_3D ( 'NONE', #9655, #4228, #2707 ) ;
#6357 = EDGE_CURVE ( 'NONE', #1637, #9371, #3433, .T. ) ;
#6358 = EDGE_LOOP ( 'NONE', ( #7525, #4262, #9792, #10283 ) ) ;
#6359 = DIRECTION ( 'NONE',  ( 0.0000000000000000000, -1.000000000000000000, 0.0000000000000000000 ) ) ;
#6360 = FILL_AREA_STYLE_COLOUR ( '', #4270 ) ;
#6361 = DIRECTION ( 'NONE',  ( 0.0000000000000000000, -0.0000000000000000000, -1.000000000000000000 ) ) ;
#6362 = DIRECTION ( 'NONE',  ( 0.0000000000000000000, -0.0000000000000000000, -1.000000000000000000 ) ) ;
#6363 = PRESENTATION_STYLE_ASSIGNMENT (( #665 ) ) ;
#6364 =( NAMED_UNIT ( * ) SI_UNIT ( $, .STERADIAN. ) SOLID_ANGLE_UNIT ( ) );
#6365 = VECTOR ( 'NONE', #3536, 1000.000000000000000 ) ;
#6366 = FACE_OUTER_BOUND ( 'NONE', #7215, .T. ) ;
#6367 = ORIENTED_EDGE ( 'NONE', *, *, #7830, .T. ) ;
#6368 = AXIS2_PLACEMENT_3D ( 'NONE', #9481, #2384, #873 ) ;
#6369 = ORIENTED_EDGE ( 'NONE', *, *, #7723, .F. ) ;
#6371 = ORIENTED_EDGE ( 'NONE', *, *, #1742, .F. ) ;
#6370 = DIRECTION ( 'NONE',  ( -3.045232680045607297E-16, 0.4383711467890770153, 0.8987940462991672597 ) ) ;
#6372 = SURFACE_STYLE_FILL_AREA ( #8740 ) ;
#6373 = VECTOR ( 'NONE', #6579, 1000.000000000000000 ) ;
#6374 = FILL_AREA_STYLE ('',( #1667 ) ) ;
#6375 =( NAMED_UNIT ( * ) SI_UNIT ( $, .STERADIAN. ) SOLID_ANGLE_UNIT ( ) );
#6376 = DIRECTION ( 'NONE',  ( 0.0000000000000000000, -1.000000000000000000, 0.0000000000000000000 ) ) ;
#6377 = FACE_OUTER_BOUND ( 'NONE', #9058, .T. ) ;
#6378 = EDGE_CURVE ( 'NONE', #7903, #275, #2014, .T. ) ;
#6379 =( GEOMETRIC_REPRESENTATION_CONTEXT ( 3 ) GLOBAL_UNCERTAINTY_ASSIGNED_CONTEXT ( ( #4944 ) ) GLOBAL_UNIT_ASSIGNED_CONTEXT ( ( #96, #3188, #739 ) ) REPRESENTATION_CONTEXT ( 'NONE', 'WORKASPACE' ) );
#6380 = COLOUR_RGB ( '',0.9686274509803921573, 0.8784313725490195957, 0.5999999999999999778 ) ;
#6381 = ADVANCED_FACE ( 'NONE', ( #5093 ), #5848, .T. ) ;
#6382 = EDGE_CURVE ( 'NONE', #187, #5796, #7618, .T. ) ;
#6383 = ORIENTED_EDGE ( 'NONE', *, *, #2139, .T. ) ;
#6384 = EDGE_LOOP ( 'NONE', ( #3498, #3160, #633, #9490 ) ) ;
#6385 = CARTESIAN_POINT ( 'NONE',  ( 8.859999999999999432, 0.0000000000000000000, -1.650000000000001243 ) ) ;
#6386 = FILL_AREA_STYLE ('',( #3187 ) ) ;
#6387 = FILL_AREA_STYLE_COLOUR ( '', #2732 ) ;
#6388 = ORIENTED_EDGE ( 'NONE', *, *, #3943, .T. ) ;
#6389 =( LENGTH_UNIT ( ) NAMED_UNIT ( * ) SI_UNIT ( .MILLI., .METRE. ) );
#6390 = MECHANICAL_DESIGN_GEOMETRIC_PRESENTATION_REPRESENTATION (  '', ( #10030 ), #416 ) ;
#6391 = COLOUR_RGB ( '',0.3137254901960784270, 0.3137254901960784270, 0.3137254901960784270 ) ;
#6392 = LINE ( 'NONE', #8034, #8485 ) ;
#6393 = PRESENTATION_STYLE_ASSIGNMENT (( #2452 ) ) ;
#6395 = PRESENTATION_LAYER_ASSIGNMENT (  '', '', ( #1594 ) ) ;
#6394 = PRESENTATION_STYLE_ASSIGNMENT (( #7747 ) ) ;
#6396 = VECTOR ( 'NONE', #5416, 1000.000000000000000 ) ;
#6397 = VECTOR ( 'NONE', #6430, 1000.000000000000000 ) ;
#6398 = SURFACE_STYLE_USAGE ( .BOTH. , #2851 ) ;
#6399 = EDGE_LOOP ( 'NONE', ( #3855, #5996 ) ) ;
#6400 = CARTESIAN_POINT ( 'NONE',  ( -7.500000000000000000, -0.1000000000000000056, -3.200000000000000178 ) ) ;
#6401 = UNCERTAINTY_MEASURE_WITH_UNIT (LENGTH_MEASURE( 1.000000000000000082E-05 ), #5688, 'distance_accuracy_value', 'NONE');
#6402 = MECHANICAL_DESIGN_GEOMETRIC_PRESENTATION_REPRESENTATION (  '', ( #266 ), #4600 ) ;
#6403 = LINE ( 'NONE', #7302, #758 ) ;
#6404 = CARTESIAN_POINT ( 'NONE',  ( 2.219999999999997531, 8.800000000000000711, -0.9500000000000025091 ) ) ;
#6405 = VECTOR ( 'NONE', #2121, 1000.000000000000000 ) ;
#6406 = DIRECTION ( 'NONE',  ( -1.000000000000000000, -0.0000000000000000000, -0.0000000000000000000 ) ) ;
#6407 =( NAMED_UNIT ( * ) PLANE_ANGLE_UNIT ( ) SI_UNIT ( $, .RADIAN. ) );
#6408 = LINE ( 'NONE', #3108, #5620 ) ;
#6409 = COLOUR_RGB ( '',0.9686274509803921573, 0.8784313725490195957, 0.5999999999999999778 ) ;
#6410 = DIRECTION ( 'NONE',  ( 1.734723475976802677E-14, 0.0000000000000000000, 1.000000000000000000 ) ) ;
#6411 = ORIENTED_EDGE ( 'NONE', *, *, #5248, .F. ) ;
#6412 = SURFACE_SIDE_STYLE ('',( #4829 ) ) ;
#6413 = ORIENTED_EDGE ( 'NONE', *, *, #4327, .F. ) ;
#6414 = FILL_AREA_STYLE ('',( #6519 ) ) ;
#6415 = CARTESIAN_POINT ( 'NONE',  ( -4.856985715305110141, 8.579085153560457755, 1.046985715305104758 ) ) ;
#6416 = DIRECTION ( 'NONE',  ( 0.0000000000000000000, 0.0000000000000000000, -1.000000000000000000 ) ) ;
#6417 = FILL_AREA_STYLE ('',( #3367 ) ) ;
#6418 = FILL_AREA_STYLE_COLOUR ( '', #5298 ) ;
#6419 = VECTOR ( 'NONE', #2495, 1000.000000000000000 ) ;
#6420 = PLANE ( 'NONE',  #422 ) ;
#6421 = MECHANICAL_DESIGN_GEOMETRIC_PRESENTATION_REPRESENTATION (  '', ( #2939 ), #8216 ) ;
#6422 = EDGE_CURVE ( 'NONE', #6261, #8004, #2798, .T. ) ;
#6423 = MECHANICAL_DESIGN_GEOMETRIC_PRESENTATION_REPRESENTATION (  '', ( #5602 ), #7753 ) ;
#6424 = ORIENTED_EDGE ( 'NONE', *, *, #10002, .T. ) ;
#6425 = ORIENTED_EDGE ( 'NONE', *, *, #2755, .T. ) ;
#6426 = PLANE ( 'NONE',  #8545 ) ;
#6427 = AXIS2_PLACEMENT_3D ( 'NONE', #2153, #8437, #4549 ) ;
#6428 = CARTESIAN_POINT ( 'NONE',  ( 4.759999999999997122, 8.800000000000000711, 1.589999999999997193 ) ) ;
#6429 = LINE ( 'NONE', #1719, #3645 ) ;
#6430 = DIRECTION ( 'NONE',  ( -0.4014883995042275999, -0.8231732078530418217, -0.4014883995042279885 ) ) ;
#6431 = EDGE_CURVE ( 'NONE', #7455, #4361, #7776, .T. ) ;
#6432 = AXIS2_PLACEMENT_3D ( 'NONE', #7573, #304, #6752 ) ;
#6433 = COLOUR_RGB ( '',0.9686274509803921573, 0.8784313725490195957, 0.5999999999999999778 ) ;
#6434 = ORIENTED_EDGE ( 'NONE', *, *, #2318, .T. ) ;
#6435 =( NAMED_UNIT ( * ) SI_UNIT ( $, .STERADIAN. ) SOLID_ANGLE_UNIT ( ) );
#6436 = ORIENTED_EDGE ( 'NONE', *, *, #7093, .T. ) ;
#6437 = EDGE_CURVE ( 'NONE', #6995, #3927, #3009, .T. ) ;
#6438 = CARTESIAN_POINT ( 'NONE',  ( -0.3200000000000017275, 8.800000000000000711, -0.9500000000000025091 ) ) ;
#6439 = DIRECTION ( 'NONE',  ( 3.045232680045606804E-16, 0.4383711467890774038, -0.8987940462991670376 ) ) ;
#6440 = ORIENTED_EDGE ( 'NONE', *, *, #4100, .T. ) ;
#6441 = VECTOR ( 'NONE', #8803, 1000.000000000000000 ) ;
#6442 = CARTESIAN_POINT ( 'NONE',  ( -7.849999999999999645, 0.0000000000000000000, -4.549999999999998934 ) ) ;
#6443 =( NAMED_UNIT ( * ) PLANE_ANGLE_UNIT ( ) SI_UNIT ( $, .RADIAN. ) );
#6444 = LINE ( 'NONE', #2512, #1964 ) ;
#6445 = EDGE_CURVE ( 'NONE', #9455, #7942, #2764, .T. ) ;
#6446 = DIRECTION ( 'NONE',  ( 1.000000000000000000, -0.0000000000000000000, 3.388131789017201849E-16 ) ) ;
#6447 =( GEOMETRIC_REPRESENTATION_CONTEXT ( 3 ) GLOBAL_UNCERTAINTY_ASSIGNED_CONTEXT ( ( #1955 ) ) GLOBAL_UNIT_ASSIGNED_CONTEXT ( ( #5982, #7758, #6881 ) ) REPRESENTATION_CONTEXT ( 'NONE', 'WORKASPACE' ) );
#6448 = AXIS2_PLACEMENT_3D ( 'NONE', #8203, #3371, #6526 ) ;
#6449 = AXIS2_PLACEMENT_3D ( 'NONE', #10174, #5659, #4788 ) ;
#6450 =( GEOMETRIC_REPRESENTATION_CONTEXT ( 3 ) GLOBAL_UNCERTAINTY_ASSIGNED_CONTEXT ( ( #4556 ) ) GLOBAL_UNIT_ASSIGNED_CONTEXT ( ( #4980, #8982, #5122 ) ) REPRESENTATION_CONTEXT ( 'NONE', 'WORKASPACE' ) );
#6451 = FACE_OUTER_BOUND ( 'NONE', #9503, .T. ) ;
#6452 = ORIENTED_EDGE ( 'NONE', *, *, #2159, .F. ) ;
#6453 = PRESENTATION_STYLE_ASSIGNMENT (( #6302 ) ) ;
#6454 = EDGE_CURVE ( 'NONE', #4127, #8689, #9251, .T. ) ;
#6455 = AXIS2_PLACEMENT_3D ( 'NONE', #7365, #125, #4989 ) ;
#6456 = EDGE_CURVE ( 'NONE', #7432, #152, #4678, .T. ) ;
#6457 = DIRECTION ( 'NONE',  ( 0.0000000000000000000, 0.0000000000000000000, 1.000000000000000000 ) ) ;
#6458 = STYLED_ITEM ( 'NONE', ( #7687 ), #8621 ) ;
#6459 = CARTESIAN_POINT ( 'NONE',  ( -5.204906964573655870, -3.000000000000000000, -1.394906964573656261 ) ) ;
#6460 =( NAMED_UNIT ( * ) SI_UNIT ( $, .STERADIAN. ) SOLID_ANGLE_UNIT ( ) );
#6461 = DIRECTION ( 'NONE',  ( 0.0000000000000000000, -1.000000000000000000, 0.0000000000000000000 ) ) ;
#6462 = PLANE ( 'NONE',  #7958 ) ;
#6463 = VECTOR ( 'NONE', #3672, 1000.000000000000000 ) ;
#6464 =( LENGTH_UNIT ( ) NAMED_UNIT ( * ) SI_UNIT ( .MILLI., .METRE. ) );
#6465 =( GEOMETRIC_REPRESENTATION_CONTEXT ( 3 ) GLOBAL_UNCERTAINTY_ASSIGNED_CONTEXT ( ( #2466 ) ) GLOBAL_UNIT_ASSIGNED_CONTEXT ( ( #6735, #5842, #1759 ) ) REPRESENTATION_CONTEXT ( 'NONE', 'WORKASPACE' ) );
#6466 = CARTESIAN_POINT ( 'NONE',  ( 8.860000000000001208, 1.299999999999999156, -3.199999999999999734 ) ) ;
#6467 = EDGE_LOOP ( 'NONE', ( #2285, #8582, #4854, #33 ) ) ;
#6468 = ORIENTED_EDGE ( 'NONE', *, *, #9393, .T. ) ;
#6469 = CARTESIAN_POINT ( 'NONE',  ( 0.3199999999999982858, 8.800000000000000711, -1.150000000000003020 ) ) ;
#6470 = CARTESIAN_POINT ( 'NONE',  ( 2.540000000000000036, 8.800000000000000711, 0.0000000000000000000 ) ) ;
#6471 = STYLED_ITEM ( 'NONE', ( #8077 ), #3941 ) ;
#6472 = FACE_OUTER_BOUND ( 'NONE', #1476, .T. ) ;
#6473 = SURFACE_SIDE_STYLE ('',( #1126 ) ) ;
#6474 = CARTESIAN_POINT ( 'NONE',  ( -0.3200000000000017275, 0.0000000000000000000, -1.590000000000002522 ) ) ;
#6475 = COLOUR_RGB ( '',0.9686274509803921573, 0.8784313725490195957, 0.5999999999999999778 ) ;
#6476 = DIRECTION ( 'NONE',  ( 0.0000000000000000000, 0.0000000000000000000, -1.000000000000000000 ) ) ;
#6477 = ORIENTED_EDGE ( 'NONE', *, *, #1248, .T. ) ;
#6478 = DIRECTION ( 'NONE',  ( 0.0000000000000000000, 0.0000000000000000000, -1.000000000000000000 ) ) ;
#6479 = VERTEX_POINT ( 'NONE', #3900 ) ;
#6480 = EDGE_LOOP ( 'NONE', ( #5457, #4937, #3042, #9735 ) ) ;
#6481 = CARTESIAN_POINT ( 'NONE',  ( 7.500000000000000000, -0.1000000000000000056, 3.200000000000000178 ) ) ;
#6482 = VECTOR ( 'NONE', #377, 1000.000000000000000 ) ;
#6483 = LINE ( 'NONE', #8841, #6560 ) ;
#6484 = DIRECTION ( 'NONE',  ( 0.0000000000000000000, 0.0000000000000000000, -1.000000000000000000 ) ) ;
#6485 = PRESENTATION_STYLE_ASSIGNMENT (( #3331 ) ) ;
#6486 = EDGE_CURVE ( 'NONE', #4111, #9804, #4524, .T. ) ;
#6487 = SURFACE_SIDE_STYLE ('',( #8215 ) ) ;
#6488 = STYLED_ITEM ( 'NONE', ( #1695 ), #9605 ) ;
#6489 = DIRECTION ( 'NONE',  ( -1.000000000000000000, 0.0000000000000000000, -3.388131789017201849E-16 ) ) ;
#6490 = ORIENTED_EDGE ( 'NONE', *, *, #9030, .T. ) ;
#6491 = CARTESIAN_POINT ( 'NONE',  ( -5.400000000000003020, 8.800000000000000711, 1.589999999999997193 ) ) ;
#6492 =( LENGTH_UNIT ( ) NAMED_UNIT ( * ) SI_UNIT ( .MILLI., .METRE. ) );
#6493 = EDGE_LOOP ( 'NONE', ( #7564, #1514, #7068, #9533 ) ) ;
#6494 = ORIENTED_EDGE ( 'NONE', *, *, #6456, .T. ) ;
#6495 = UNCERTAINTY_MEASURE_WITH_UNIT (LENGTH_MEASURE( 1.000000000000000082E-05 ), #961, 'distance_accuracy_value', 'NONE');
#6496 = ADVANCED_FACE ( 'NONE', ( #2179 ), #6954, .T. ) ;
#6497 = PRESENTATION_STYLE_ASSIGNMENT (( #48 ) ) ;
#6498 = AXIS2_PLACEMENT_3D ( 'NONE', #8763, #5674, #9107 ) ;
#6499 = DIRECTION ( 'NONE',  ( -1.000000000000000000, 0.0000000000000000000, -3.388131789017201849E-16 ) ) ;
#6500 = ADVANCED_FACE ( 'NONE', ( #3849 ), #3052, .F. ) ;
#6501 = STYLED_ITEM ( 'NONE', ( #6633 ), #10250 ) ;
#6502 = FILL_AREA_STYLE ('',( #3346 ) ) ;
#6503 = SURFACE_STYLE_USAGE ( .BOTH. , #9722 ) ;
#6504 = ORIENTED_EDGE ( 'NONE', *, *, #2601, .T. ) ;
#6505 = FILL_AREA_STYLE_COLOUR ( '', #7654 ) ;
#6506 = PRESENTATION_STYLE_ASSIGNMENT (( #1051 ) ) ;
#6507 = UNCERTAINTY_MEASURE_WITH_UNIT (LENGTH_MEASURE( 1.000000000000000082E-05 ), #9844, 'distance_accuracy_value', 'NONE');
#6508 = PRESENTATION_STYLE_ASSIGNMENT (( #60 ) ) ;
#6509 =( LENGTH_UNIT ( ) NAMED_UNIT ( * ) SI_UNIT ( .MILLI., .METRE. ) );
#6510 = FILL_AREA_STYLE ('',( #9785 ) ) ;
#6511 = DIRECTION ( 'NONE',  ( 1.000000000000000000, 0.0000000000000000000, 1.694065894508600925E-16 ) ) ;
#6512 = EDGE_CURVE ( 'NONE', #3547, #6004, #7312, .T. ) ;
#6513 =( NAMED_UNIT ( * ) SI_UNIT ( $, .STERADIAN. ) SOLID_ANGLE_UNIT ( ) );
#6514 = EDGE_CURVE ( 'NONE', #9324, #6132, #6521, .T. ) ;
#6515 =( NAMED_UNIT ( * ) PLANE_ANGLE_UNIT ( ) SI_UNIT ( $, .RADIAN. ) );
#6516 = VERTEX_POINT ( 'NONE', #2377 ) ;
#6517 = PLANE ( 'NONE',  #2474 ) ;
#6518 = ORIENTED_EDGE ( 'NONE', *, *, #2974, .F. ) ;
#6519 = FILL_AREA_STYLE_COLOUR ( '', #3463 ) ;
#6520 = UNCERTAINTY_MEASURE_WITH_UNIT (LENGTH_MEASURE( 1.000000000000000082E-05 ), #9247, 'distance_accuracy_value', 'NONE');
#6521 = LINE ( 'NONE', #8675, #6068 ) ;
#6522 =( NAMED_UNIT ( * ) SI_UNIT ( $, .STERADIAN. ) SOLID_ANGLE_UNIT ( ) );
#6523 = SURFACE_STYLE_FILL_AREA ( #6417 ) ;
#6524 = SURFACE_SIDE_STYLE ('',( #180 ) ) ;
#6525 = DIRECTION ( 'NONE',  ( -0.0000000000000000000, 1.000000000000000000, -0.0000000000000000000 ) ) ;
#6526 = DIRECTION ( 'NONE',  ( 1.000000000000000000, 0.0000000000000000000, 0.0000000000000000000 ) ) ;
#6527 = PLANE ( 'NONE',  #3306 ) ;
#6528 = MECHANICAL_DESIGN_GEOMETRIC_PRESENTATION_REPRESENTATION (  '', ( #3727 ), #2573 ) ;
#6529 = ORIENTED_EDGE ( 'NONE', *, *, #7895, .T. ) ;
#6530 =( NAMED_UNIT ( * ) PLANE_ANGLE_UNIT ( ) SI_UNIT ( $, .RADIAN. ) );
#6531 = EDGE_LOOP ( 'NONE', ( #763, #7925, #9003, #869 ) ) ;
#6533 = ORIENTED_EDGE ( 'NONE', *, *, #167, .T. ) ;
#6532 = CARTESIAN_POINT ( 'NONE',  ( -5.400000000000002132, 8.371098615898084461, -1.590000000000002522 ) ) ;
#6534 = DIRECTION ( 'NONE',  ( 0.0000000000000000000, -1.000000000000000000, 0.0000000000000000000 ) ) ;
#6535 = COLOUR_RGB ( '',0.9686274509803921573, 0.8784313725490195957, 0.5999999999999999778 ) ;
#6536 = PLANE ( 'NONE',  #1762 ) ;
#6537 = CARTESIAN_POINT ( 'NONE',  ( 2.219999999999997531, 8.800000000000000711, -1.590000000000002522 ) ) ;
#6538 = SURFACE_STYLE_USAGE ( .BOTH. , #5810 ) ;
#6539 = AXIS2_PLACEMENT_3D ( 'NONE', #6975, #5194, #10128 ) ;
#6540 = ORIENTED_EDGE ( 'NONE', *, *, #1048, .T. ) ;
#6541 = DIRECTION ( 'NONE',  ( -1.000000000000000000, 0.0000000000000000000, -1.694065894508600925E-16 ) ) ;
#6542 = VECTOR ( 'NONE', #2538, 1000.000000000000000 ) ;
#6543 = DIRECTION ( 'NONE',  ( 1.000000000000000000, 0.0000000000000000000, 3.388131789017201849E-16 ) ) ;
#6544 = EDGE_LOOP ( 'NONE', ( #5134, #7952, #1516, #754 ) ) ;
#6545 = ORIENTED_EDGE ( 'NONE', *, *, #624, .T. ) ;
#6546 = CARTESIAN_POINT ( 'NONE',  ( -0.3200000000000025602, 8.800000000000000711, 1.589999999999997193 ) ) ;
#6547 = SURFACE_STYLE_FILL_AREA ( #2554 ) ;
#6548 = CARTESIAN_POINT ( 'NONE',  ( 2.540000000000000036, -3.000000000000000000, 0.0000000000000000000 ) ) ;
#6549 = CARTESIAN_POINT ( 'NONE',  ( 7.850000000000001421, 0.0000000000000000000, -4.549999999999999822 ) ) ;
#6550 =( NAMED_UNIT ( * ) PLANE_ANGLE_UNIT ( ) SI_UNIT ( $, .RADIAN. ) );
#6551 = PRESENTATION_LAYER_ASSIGNMENT (  '', '', ( #5217 ) ) ;
#6552 = AXIS2_PLACEMENT_3D ( 'NONE', #4078, #7233, #3288 ) ;
#6553 = LINE ( 'NONE', #8092, #6774 ) ;
#6554 = ADVANCED_FACE ( 'NONE', ( #2582 ), #5695, .F. ) ;
#6555 = LINE ( 'NONE', #1002, #1499 ) ;
#6556 = VECTOR ( 'NONE', #3872, 1000.000000000000000 ) ;
#6557 = VECTOR ( 'NONE', #9784, 1000.000000000000000 ) ;
#6558 = SURFACE_STYLE_FILL_AREA ( #5622 ) ;
#6559 = DIRECTION ( 'NONE',  ( 0.0000000000000000000, -1.000000000000000000, 0.0000000000000000000 ) ) ;
#6560 = VECTOR ( 'NONE', #9696, 1000.000000000000000 ) ;
#6561 = ORIENTED_EDGE ( 'NONE', *, *, #5812, .T. ) ;
#6562 = CARTESIAN_POINT ( 'NONE',  ( -8.150000000000000355, 0.0000000000000000000, -4.450000000000000178 ) ) ;
#6563 =( NAMED_UNIT ( * ) PLANE_ANGLE_UNIT ( ) SI_UNIT ( $, .RADIAN. ) );
#6564 = CARTESIAN_POINT ( 'NONE',  ( -8.859999999999997655, 1.299999999999999156, -3.199999999999999734 ) ) ;
#6565 = VECTOR ( 'NONE', #954, 1000.000000000000000 ) ;
#6566 = VECTOR ( 'NONE', #2698, 1000.000000000000000 ) ;
#6567 = CARTESIAN_POINT ( 'NONE',  ( 0.3199999999999973976, 8.800000000000000711, 1.589999999999997415 ) ) ;
#6568 = SURFACE_STYLE_FILL_AREA ( #327 ) ;
#6569 = SURFACE_STYLE_USAGE ( .BOTH. , #8105 ) ;
#6570 = FILL_AREA_STYLE_COLOUR ( '', #8038 ) ;
#6571 =( GEOMETRIC_REPRESENTATION_CONTEXT ( 3 ) GLOBAL_UNCERTAINTY_ASSIGNED_CONTEXT ( ( #7012 ) ) GLOBAL_UNIT_ASSIGNED_CONTEXT ( ( #1224, #3515, #222 ) ) REPRESENTATION_CONTEXT ( 'NONE', 'WORKASPACE' ) );
#6572 = ORIENTED_EDGE ( 'NONE', *, *, #4501, .F. ) ;
#6573 = EDGE_CURVE ( 'NONE', #6849, #764, #863, .T. ) ;
#6574 = EDGE_LOOP ( 'NONE', ( #4676, #6814, #7858, #5558 ) ) ;
#6575 = LINE ( 'NONE', #121, #1959 ) ;
#6576 = PRESENTATION_LAYER_ASSIGNMENT (  '', '', ( #9368 ) ) ;
#6577 = FACE_BOUND ( 'NONE', #5691, .T. ) ;
#6578 = DIRECTION ( 'NONE',  ( -1.000000000000000000, 0.0000000000000000000, -1.694065894508600925E-16 ) ) ;
#6579 = DIRECTION ( 'NONE',  ( 0.0000000000000000000, -1.000000000000000000, 0.0000000000000000000 ) ) ;
#6580 = FILL_AREA_STYLE_COLOUR ( '', #4040 ) ;
#6581 = ADVANCED_FACE ( 'NONE', ( #766 ), #4008, .T. ) ;
#6582 =( LENGTH_UNIT ( ) NAMED_UNIT ( * ) SI_UNIT ( .MILLI., .METRE. ) );
#6583 = SURFACE_SIDE_STYLE ('',( #1127 ) ) ;
#6584 = EDGE_CURVE ( 'NONE', #1639, #1292, #4988, .T. ) ;
#6585 = COLOUR_RGB ( '',0.9686274509803921573, 0.8784313725490195957, 0.5999999999999999778 ) ;
#6586 = VERTEX_POINT ( 'NONE', #9890 ) ;
#6587 = EDGE_LOOP ( 'NONE', ( #7298, #3269, #9145, #6714 ) ) ;
#6588 = VERTEX_POINT ( 'NONE', #5802 ) ;
#6589 = DIRECTION ( 'NONE',  ( -0.4014883995042276554, 0.8231732078530418217, 0.4014883995042277665 ) ) ;
#6590 = VECTOR ( 'NONE', #8692, 1000.000000000000000 ) ;
#6591 = DIRECTION ( 'NONE',  ( -0.3892816206350224739, 0.8348171294789898944, 0.3892816206350229735 ) ) ;
#6592 =( NAMED_UNIT ( * ) SI_UNIT ( $, .STERADIAN. ) SOLID_ANGLE_UNIT ( ) );
#6593 = PRESENTATION_STYLE_ASSIGNMENT (( #8843 ) ) ;
#6594 = UNCERTAINTY_MEASURE_WITH_UNIT (LENGTH_MEASURE( 1.000000000000000082E-05 ), #227, 'distance_accuracy_value', 'NONE');
#6595 = CARTESIAN_POINT ( 'NONE',  ( 2.859999999999997655, 8.800000000000000711, -0.9500000000000022871 ) ) ;
#6596 =( LENGTH_UNIT ( ) NAMED_UNIT ( * ) SI_UNIT ( .MILLI., .METRE. ) );
#6597 = ADVANCED_FACE ( 'NONE', ( #3521 ), #9135, .T. ) ;
#6598 = VECTOR ( 'NONE', #7296, 1000.000000000000000 ) ;
#6599 = VECTOR ( 'NONE', #9045, 1000.000000000000114 ) ;
#6600 = CARTESIAN_POINT ( 'NONE',  ( -8.859999999999997655, 8.400000000000002132, 3.200000000000000622 ) ) ;
#6601 = VERTEX_POINT ( 'NONE', #6785 ) ;
#6602 = SURFACE_STYLE_USAGE ( .BOTH. , #5855 ) ;
#6603 = VECTOR ( 'NONE', #7524, 1000.000000000000000 ) ;
#6604 = DIRECTION ( 'NONE',  ( -0.0000000000000000000, 0.0000000000000000000, 1.000000000000000000 ) ) ;
#6605 = ORIENTED_EDGE ( 'NONE', *, *, #6163, .T. ) ;
#6606 = ORIENTED_EDGE ( 'NONE', *, *, #9258, .F. ) ;
#6607 = FILL_AREA_STYLE_COLOUR ( '', #3613 ) ;
#6608 = UNCERTAINTY_MEASURE_WITH_UNIT (LENGTH_MEASURE( 1.000000000000000082E-05 ), #4026, 'distance_accuracy_value', 'NONE');
#6609 = VECTOR ( 'NONE', #6927, 1000.000000000000000 ) ;
#6610 = LINE ( 'NONE', #7340, #1088 ) ;
#6611 = PRESENTATION_LAYER_ASSIGNMENT (  '', '', ( #7263 ) ) ;
#6612 = SURFACE_SIDE_STYLE ('',( #260 ) ) ;
#6613 =( GEOMETRIC_REPRESENTATION_CONTEXT ( 3 ) GLOBAL_UNCERTAINTY_ASSIGNED_CONTEXT ( ( #9160 ) ) GLOBAL_UNIT_ASSIGNED_CONTEXT ( ( #9542, #1627, #4131 ) ) REPRESENTATION_CONTEXT ( 'NONE', 'WORKASPACE' ) );
#6614 = DIRECTION ( 'NONE',  ( 0.0000000000000000000, -1.000000000000000000, 0.0000000000000000000 ) ) ;
#6615 = DIRECTION ( 'NONE',  ( 0.0000000000000000000, 0.0000000000000000000, 1.000000000000000000 ) ) ;
#6616 = PRESENTATION_LAYER_ASSIGNMENT (  '', '', ( #810 ) ) ;
#6617 = ORIENTED_EDGE ( 'NONE', *, *, #6584, .F. ) ;
#6618 = SURFACE_SIDE_STYLE ('',( #1050 ) ) ;
#6619 = LINE ( 'NONE', #3401, #9415 ) ;
#6620 = LINE ( 'NONE', #1790, #6557 ) ;
#6621 = VECTOR ( 'NONE', #9308, 1000.000000000000114 ) ;
#6622 = SURFACE_STYLE_FILL_AREA ( #8813 ) ;
#6623 = CARTESIAN_POINT ( 'NONE',  ( -5.400000000000003020, 8.800000000000000711, 1.589999999999997193 ) ) ;
#6624 =( GEOMETRIC_REPRESENTATION_CONTEXT ( 3 ) GLOBAL_UNCERTAINTY_ASSIGNED_CONTEXT ( ( #4866 ) ) GLOBAL_UNIT_ASSIGNED_CONTEXT ( ( #2113, #6793, #4458 ) ) REPRESENTATION_CONTEXT ( 'NONE', 'WORKASPACE' ) );
#6625 = AXIS2_PLACEMENT_3D ( 'NONE', #6600, #1869, #197 ) ;
#6626 = CARTESIAN_POINT ( 'NONE',  ( 4.759999999999998899, 8.371098615898084461, -1.590000000000002522 ) ) ;
#6627 = EDGE_LOOP ( 'NONE', ( #1978, #2956 ) ) ;
#6628 = VERTEX_POINT ( 'NONE', #9946 ) ;
#6629 = DIRECTION ( 'NONE',  ( -1.000000000000000000, -0.0000000000000000000, 1.906289534040446993E-16 ) ) ;
#6630 = UNCERTAINTY_MEASURE_WITH_UNIT (LENGTH_MEASURE( 1.000000000000000082E-05 ), #9874, 'distance_accuracy_value', 'NONE');
#6631 = FACE_OUTER_BOUND ( 'NONE', #852, .T. ) ;
#6632 = SURFACE_SIDE_STYLE ('',( #7363 ) ) ;
#6633 = PRESENTATION_STYLE_ASSIGNMENT (( #4303 ) ) ;
#6634 = DIRECTION ( 'NONE',  ( 0.0000000000000000000, 0.0000000000000000000, -1.000000000000000000 ) ) ;
#6635 = VECTOR ( 'NONE', #9864, 1000.000000000000000 ) ;
#6636 = ADVANCED_FACE ( 'NONE', ( #7362, #6577, #8109, #2630, #6631, #7408, #9796, #1018, #8940, #1850, #5034 ), #2216, .T. ) ;
#6637 = PRESENTATION_STYLE_ASSIGNMENT (( #1908 ) ) ;
#6638 =( GEOMETRIC_REPRESENTATION_CONTEXT ( 3 ) GLOBAL_UNCERTAINTY_ASSIGNED_CONTEXT ( ( #3838 ) ) GLOBAL_UNIT_ASSIGNED_CONTEXT ( ( #4496, #9016, #6071 ) ) REPRESENTATION_CONTEXT ( 'NONE', 'WORKASPACE' ) );
#6639 = FACE_OUTER_BOUND ( 'NONE', #9963, .T. ) ;
#6640 = ORIENTED_EDGE ( 'NONE', *, *, #8571, .T. ) ;
#6641 = ADVANCED_FACE ( 'NONE', ( #7597 ), #3770, .T. ) ;
#6642 = VERTEX_POINT ( 'NONE', #5727 ) ;
#6643 = ORIENTED_EDGE ( 'NONE', *, *, #1578, .T. ) ;
#6644 = CARTESIAN_POINT ( 'NONE',  ( 5.303014284694889113, 8.579085153560457755, 1.046985715305104758 ) ) ;
#6645 = COLOUR_RGB ( '',0.9686274509803921573, 0.8784313725490195957, 0.5999999999999999778 ) ;
#6646 = FILL_AREA_STYLE ('',( #349 ) ) ;
#6647 = FILL_AREA_STYLE ('',( #1718 ) ) ;
#6648 = PLANE ( 'NONE',  #7280 ) ;
#6649 = COLOUR_RGB ( '',0.9686274509803921573, 0.8784313725490195957, 0.5999999999999999778 ) ;
#6650 = DIRECTION ( 'NONE',  ( 0.0000000000000000000, 0.0000000000000000000, 1.000000000000000000 ) ) ;
#6651 = FILL_AREA_STYLE ('',( #1682 ) ) ;
#6652 = ADVANCED_FACE ( 'NONE', ( #997 ), #4281, .T. ) ;
#6653 = DIRECTION ( 'NONE',  ( -1.000000000000000000, 0.0000000000000000000, 0.0000000000000000000 ) ) ;
#6654 = STYLED_ITEM ( 'NONE', ( #598 ), #9352 ) ;
#6655 = ORIENTED_EDGE ( 'NONE', *, *, #9952, .F. ) ;
#6656 = ADVANCED_FACE ( 'NONE', ( #9869 ), #8036, .T. ) ;
#6657 = ORIENTED_EDGE ( 'NONE', *, *, #7381, .F. ) ;
#6658 = ORIENTED_EDGE ( 'NONE', *, *, #6422, .T. ) ;
#6659 = CARTESIAN_POINT ( 'NONE',  ( 0.3199999999999973976, 8.371098615898084461, 0.9499999999999972911 ) ) ;
#6660 =( NAMED_UNIT ( * ) SI_UNIT ( $, .STERADIAN. ) SOLID_ANGLE_UNIT ( ) );
#6661 = LINE ( 'NONE', #9825, #2717 ) ;
#6662 = FACE_OUTER_BOUND ( 'NONE', #6355, .T. ) ;
#6663 = CARTESIAN_POINT ( 'NONE',  ( 0.3199999999999982303, -2.600000000000000089, -0.9500000000000022871 ) ) ;
#6664 = DIRECTION ( 'NONE',  ( 1.000000000000000000, 0.0000000000000000000, 0.0000000000000000000 ) ) ;
#6665 = MECHANICAL_DESIGN_GEOMETRIC_PRESENTATION_REPRESENTATION (  '', ( #6148 ), #5164 ) ;
#6666 =( GEOMETRIC_REPRESENTATION_CONTEXT ( 3 ) GLOBAL_UNCERTAINTY_ASSIGNED_CONTEXT ( ( #2031 ) ) GLOBAL_UNIT_ASSIGNED_CONTEXT ( ( #7040, #9343, #2106 ) ) REPRESENTATION_CONTEXT ( 'NONE', 'WORKASPACE' ) );
#6667 = FACE_OUTER_BOUND ( 'NONE', #574, .T. ) ;
#6668 = DIRECTION ( 'NONE',  ( -0.0000000000000000000, 1.000000000000000000, 2.098455817713879812E-16 ) ) ;
#6669 = STYLED_ITEM ( 'NONE', ( #5568 ), #9801 ) ;
#6670 = DIRECTION ( 'NONE',  ( 0.0000000000000000000, -1.000000000000000000, 0.0000000000000000000 ) ) ;
#6671 = LINE ( 'NONE', #2715, #9460 ) ;
#6672 = CARTESIAN_POINT ( 'NONE',  ( 7.850000000000001421, 9.000000000000000000, -4.450000000000000178 ) ) ;
#6673 = SURFACE_STYLE_USAGE ( .BOTH. , #5740 ) ;
#6674 = ORIENTED_EDGE ( 'NONE', *, *, #3906, .T. ) ;
#6675 = ORIENTED_EDGE ( 'NONE', *, *, #5499, .F. ) ;
#6676 =( LENGTH_UNIT ( ) NAMED_UNIT ( * ) SI_UNIT ( .MILLI., .METRE. ) );
#6677 = FILL_AREA_STYLE_COLOUR ( '', #3104 ) ;
#6678 = FILL_AREA_STYLE ('',( #3627 ) ) ;
#6679 = CARTESIAN_POINT ( 'NONE',  ( 8.859999999999999432, 6.199999999999999289, 1.750000000000000222 ) ) ;
#6680 = CARTESIAN_POINT ( 'NONE',  ( 7.500000000000000000, -0.1000000000000000056, -3.700000000000001066 ) ) ;
#6681 = FILL_AREA_STYLE ('',( #338 ) ) ;
#6682 = DIRECTION ( 'NONE',  ( 0.0000000000000000000, 0.0000000000000000000, -1.000000000000000000 ) ) ;
#6683 = CARTESIAN_POINT ( 'NONE',  ( -5.204906964573656758, -3.000000000000000000, 0.0000000000000000000 ) ) ;
#6684 = PLANE ( 'NONE',  #4140 ) ;
#6685 = ADVANCED_FACE ( 'NONE', ( #2917 ), #4543, .F. ) ;
#6686 = EDGE_LOOP ( 'NONE', ( #5181, #4523, #6115, #7575 ) ) ;
#6687 = ORIENTED_EDGE ( 'NONE', *, *, #5739, .F. ) ;
#6688 = ORIENTED_EDGE ( 'NONE', *, *, #4698, .T. ) ;
#6689 = FILL_AREA_STYLE_COLOUR ( '', #3456 ) ;
#6690 = CARTESIAN_POINT ( 'NONE',  ( -4.760000000000003340, 0.0000000000000000000, 0.9499999999999972911 ) ) ;
#6691 = DIRECTION ( 'NONE',  ( 1.000000000000000000, 0.0000000000000000000, 1.694065894508600925E-16 ) ) ;
#6692 =( NAMED_UNIT ( * ) PLANE_ANGLE_UNIT ( ) SI_UNIT ( $, .RADIAN. ) );
#6693 = FILL_AREA_STYLE_COLOUR ( '', #10206 ) ;
#6694 = DIRECTION ( 'NONE',  ( 1.000000000000000000, -0.0000000000000000000, 3.388131789017201849E-16 ) ) ;
#6695 =( NAMED_UNIT ( * ) SI_UNIT ( $, .STERADIAN. ) SOLID_ANGLE_UNIT ( ) );
#6696 = VERTEX_POINT ( 'NONE', #1567 ) ;
#6697 = CARTESIAN_POINT ( 'NONE',  ( 7.850000000000001421, 0.0000000000000000000, -4.549999999999999822 ) ) ;
#6698 = ORIENTED_EDGE ( 'NONE', *, *, #1562, .F. ) ;
#6700 = ORIENTED_EDGE ( 'NONE', *, *, #7968, .F. ) ;
#6699 =( LENGTH_UNIT ( ) NAMED_UNIT ( * ) SI_UNIT ( .MILLI., .METRE. ) );
#6701 = DIRECTION ( 'NONE',  ( 1.000000000000000000, 0.0000000000000000000, 1.694065894508600925E-16 ) ) ;
#6702 = EDGE_CURVE ( 'NONE', #5946, #5662, #4744, .T. ) ;
#6703 = UNCERTAINTY_MEASURE_WITH_UNIT (LENGTH_MEASURE( 1.000000000000000082E-05 ), #3131, 'distance_accuracy_value', 'NONE');
#6704 =( GEOMETRIC_REPRESENTATION_CONTEXT ( 3 ) GLOBAL_UNCERTAINTY_ASSIGNED_CONTEXT ( ( #1017 ) ) GLOBAL_UNIT_ASSIGNED_CONTEXT ( ( #628, #3711, #10018 ) ) REPRESENTATION_CONTEXT ( 'NONE', 'WORKASPACE' ) );
#6705 = LINE ( 'NONE', #9828, #77 ) ;
#6706 = EDGE_CURVE ( 'NONE', #2607, #9724, #5699, .T. ) ;
#6707 = EDGE_CURVE ( 'NONE', #5560, #5828, #963, .T. ) ;
#6708 = CARTESIAN_POINT ( 'NONE',  ( 5.399999999999998579, 8.800000000000000711, -0.9500000000000022871 ) ) ;
#6709 = VECTOR ( 'NONE', #664, 1000.000000000000000 ) ;
#6710 = SURFACE_SIDE_STYLE ('',( #415 ) ) ;
#6711 = DIRECTION ( 'NONE',  ( 0.0000000000000000000, 0.0000000000000000000, -1.000000000000000000 ) ) ;
#6712 = FILL_AREA_STYLE ('',( #9067 ) ) ;
#6713 =( GEOMETRIC_REPRESENTATION_CONTEXT ( 3 ) GLOBAL_UNCERTAINTY_ASSIGNED_CONTEXT ( ( #5141 ) ) GLOBAL_UNIT_ASSIGNED_CONTEXT ( ( #7606, #9987, #8395 ) ) REPRESENTATION_CONTEXT ( 'NONE', 'WORKASPACE' ) );
#6714 = ORIENTED_EDGE ( 'NONE', *, *, #9055, .T. ) ;
#6715 = VECTOR ( 'NONE', #4302, 1000.000000000000000 ) ;
#6716 = DIRECTION ( 'NONE',  ( 0.0000000000000000000, 0.0000000000000000000, 1.000000000000000000 ) ) ;
#6717 = DIRECTION ( 'NONE',  ( 0.0000000000000000000, 0.0000000000000000000, -1.000000000000000000 ) ) ;
#6718 = PRESENTATION_LAYER_ASSIGNMENT (  '', '', ( #9012 ) ) ;
#6719 =( GEOMETRIC_REPRESENTATION_CONTEXT ( 3 ) GLOBAL_UNCERTAINTY_ASSIGNED_CONTEXT ( ( #7623 ) ) GLOBAL_UNIT_ASSIGNED_CONTEXT ( ( #9214, #7794, #8534 ) ) REPRESENTATION_CONTEXT ( 'NONE', 'WORKASPACE' ) );
#6720 = CARTESIAN_POINT ( 'NONE',  ( -4.760000000000002451, 1.299999999999999156, 0.0000000000000000000 ) ) ;
#6721 = SURFACE_STYLE_FILL_AREA ( #4389 ) ;
#6722 = FILL_AREA_STYLE ('',( #6570 ) ) ;
#6723 = VERTEX_POINT ( 'NONE', #2349 ) ;
#6724 =( LENGTH_UNIT ( ) NAMED_UNIT ( * ) SI_UNIT ( .MILLI., .METRE. ) );
#6725 = ORIENTED_EDGE ( 'NONE', *, *, #2973, .T. ) ;
#6726 = UNCERTAINTY_MEASURE_WITH_UNIT (LENGTH_MEASURE( 1.000000000000000082E-05 ), #1103, 'distance_accuracy_value', 'NONE');
#6727 = MECHANICAL_DESIGN_GEOMETRIC_PRESENTATION_REPRESENTATION (  '', ( #10204 ), #3758 ) ;
#6728 = CARTESIAN_POINT ( 'NONE',  ( -5.204906964573655870, -3.000000000000000000, 0.0000000000000000000 ) ) ;
#6729 =( NAMED_UNIT ( * ) PLANE_ANGLE_UNIT ( ) SI_UNIT ( $, .RADIAN. ) );
#6730 = LINE ( 'NONE', #9891, #5388 ) ;
#6731 = CARTESIAN_POINT ( 'NONE',  ( 0.3199999999999973976, -2.600000000000000089, 1.589999999999997415 ) ) ;
#6732 = FACE_OUTER_BOUND ( 'NONE', #2692, .T. ) ;
#6733 = LINE ( 'NONE', #6086, #2157 ) ;
#6734 = VECTOR ( 'NONE', #3487, 1000.000000000000000 ) ;
#6735 =( LENGTH_UNIT ( ) NAMED_UNIT ( * ) SI_UNIT ( .MILLI., .METRE. ) );
#6736 = FILL_AREA_STYLE_COLOUR ( '', #9068 ) ;
#6737 = MECHANICAL_DESIGN_GEOMETRIC_PRESENTATION_REPRESENTATION (  '', ( #1584 ), #4244 ) ;
#6738 = ORIENTED_EDGE ( 'NONE', *, *, #1858, .F. ) ;
#6739 =( LENGTH_UNIT ( ) NAMED_UNIT ( * ) SI_UNIT ( .MILLI., .METRE. ) );
#6740 = ORIENTED_EDGE ( 'NONE', *, *, #7901, .T. ) ;
#6741 = VERTEX_POINT ( 'NONE', #182 ) ;
#6742 = DIRECTION ( 'NONE',  ( 0.0000000000000000000, -0.0000000000000000000, 1.000000000000000000 ) ) ;
#6743 = SURFACE_STYLE_FILL_AREA ( #4410 ) ;
#6744 = SURFACE_STYLE_FILL_AREA ( #3793 ) ;
#6745 = CARTESIAN_POINT ( 'NONE',  ( 0.3199999999999982303, 1.299999999999999156, -0.9500000000000022871 ) ) ;
#6746 = CARTESIAN_POINT ( 'NONE',  ( -2.860000000000001652, 8.371098615898084461, -0.9500000000000025091 ) ) ;
#6747 =( GEOMETRIC_REPRESENTATION_CONTEXT ( 3 ) GLOBAL_UNCERTAINTY_ASSIGNED_CONTEXT ( ( #770 ) ) GLOBAL_UNIT_ASSIGNED_CONTEXT ( ( #10185, #9446, #5561 ) ) REPRESENTATION_CONTEXT ( 'NONE', 'WORKASPACE' ) );
#6748 = DIRECTION ( 'NONE',  ( 0.0000000000000000000, 0.0000000000000000000, 1.000000000000000000 ) ) ;
#6749 = FILL_AREA_STYLE_COLOUR ( '', #6645 ) ;
#6750 = EDGE_CURVE ( 'NONE', #5798, #9273, #3370, .T. ) ;
#6751 =( NAMED_UNIT ( * ) PLANE_ANGLE_UNIT ( ) SI_UNIT ( $, .RADIAN. ) );
#6752 = DIRECTION ( 'NONE',  ( 0.0000000000000000000, 0.0000000000000000000, -1.000000000000000000 ) ) ;
#6753 = VECTOR ( 'NONE', #8479, 1000.000000000000000 ) ;
#6754 = ORIENTED_EDGE ( 'NONE', *, *, #7781, .F. ) ;
#6755 = SURFACE_SIDE_STYLE ('',( #9054 ) ) ;
#6756 = CARTESIAN_POINT ( 'NONE',  ( 2.249999999999999112, 9.000000000000000000, 3.200000000000000622 ) ) ;
#6757 = EDGE_LOOP ( 'NONE', ( #3497, #6324, #7369, #3051 ) ) ;
#6759 = EDGE_LOOP ( 'NONE', ( #8106, #2082, #9439, #7275 ) ) ;
#6758 = FILL_AREA_STYLE_COLOUR ( '', #9428 ) ;
#6760 =( GEOMETRIC_REPRESENTATION_CONTEXT ( 3 ) GLOBAL_UNCERTAINTY_ASSIGNED_CONTEXT ( ( #7831 ) ) GLOBAL_UNIT_ASSIGNED_CONTEXT ( ( #4716, #1641, #3719 ) ) REPRESENTATION_CONTEXT ( 'NONE', 'WORKASPACE' ) );
#6761 = SURFACE_STYLE_FILL_AREA ( #1368 ) ;
#6762 = DIRECTION ( 'NONE',  ( 0.0000000000000000000, 0.0000000000000000000, 1.000000000000000000 ) ) ;
#6763 = VECTOR ( 'NONE', #1716, 1000.000000000000227 ) ;
#6764 = ADVANCED_FACE ( 'NONE', ( #8594 ), #3180, .T. ) ;
#6765 = DIRECTION ( 'NONE',  ( -0.0000000000000000000, 1.000000000000000000, -0.0000000000000000000 ) ) ;
#6766 = EDGE_LOOP ( 'NONE', ( #5805, #838, #7357, #1207 ) ) ;
#6767 = PLANE ( 'NONE',  #834 ) ;
#6768 = DIRECTION ( 'NONE',  ( -0.0000000000000000000, 0.0000000000000000000, 1.000000000000000000 ) ) ;
#6769 = ADVANCED_FACE ( 'NONE', ( #6472 ), #7027, .T. ) ;
#6770 = VECTOR ( 'NONE', #7692, 1000.000000000000000 ) ;
#6771 = ADVANCED_FACE ( 'NONE', ( #8513 ), #1449, .F. ) ;
#6772 = VERTEX_POINT ( 'NONE', #9189 ) ;
#6773 = FILL_AREA_STYLE_COLOUR ( '', #2390 ) ;
#6774 = VECTOR ( 'NONE', #4909, 1000.000000000000000 ) ;
#6775 = STYLED_ITEM ( 'NONE', ( #5609 ), #7015 ) ;
#6776 = FACE_OUTER_BOUND ( 'NONE', #9081, .T. ) ;
#6777 = COLOUR_RGB ( '',0.9686274509803921573, 0.8784313725490195957, 0.5999999999999999778 ) ;
#6778 = DIRECTION ( 'NONE',  ( -0.4014883995042268783, 0.8231732078530421548, -0.4014883995042279330 ) ) ;
#6779 = COLOUR_RGB ( '',0.9686274509803921573, 0.8784313725490195957, 0.5999999999999999778 ) ;
#6780 = ADVANCED_FACE ( 'NONE', ( #3004 ), #1237, .T. ) ;
#6781 = ADVANCED_FACE ( 'NONE', ( #9499 ), #5571, .T. ) ;
#6782 = CARTESIAN_POINT ( 'NONE',  ( -10.16000000000000192, 9.000000000000000000, -4.549999999999999822 ) ) ;
#6783 = VERTEX_POINT ( 'NONE', #9551 ) ;
#6784 = STYLED_ITEM ( 'NONE', ( #6593 ), #3452 ) ;
#6785 = CARTESIAN_POINT ( 'NONE',  ( -2.860000000000001652, 8.371098615898084461, -1.590000000000002522 ) ) ;
#6786 = DIRECTION ( 'NONE',  ( -0.0000000000000000000, 0.0000000000000000000, -1.000000000000000000 ) ) ;
#6787 =( NAMED_UNIT ( * ) SI_UNIT ( $, .STERADIAN. ) SOLID_ANGLE_UNIT ( ) );
#6788 = PRESENTATION_STYLE_ASSIGNMENT (( #6940 ) ) ;
#6789 = VECTOR ( 'NONE', #5374, 1000.000000000000000 ) ;
#6790 = FILL_AREA_STYLE ('',( #6087 ) ) ;
#6791 = FACE_OUTER_BOUND ( 'NONE', #9766, .T. ) ;
#6792 = MECHANICAL_DESIGN_GEOMETRIC_PRESENTATION_REPRESENTATION (  '', ( #8744 ), #824 ) ;
#6793 =( NAMED_UNIT ( * ) PLANE_ANGLE_UNIT ( ) SI_UNIT ( $, .RADIAN. ) );
#6794 = ORIENTED_EDGE ( 'NONE', *, *, #6128, .T. ) ;
#6795 = PRESENTATION_LAYER_ASSIGNMENT (  '', '', ( #3481 ) ) ;
#6796 = VERTEX_POINT ( 'NONE', #1633 ) ;
#6797 = ORIENTED_EDGE ( 'NONE', *, *, #6137, .T. ) ;
#6798 = LINE ( 'NONE', #8468, #6599 ) ;
#6799 = LINE ( 'NONE', #9103, #9856 ) ;
#6800 = SURFACE_SIDE_STYLE ('',( #8411 ) ) ;
#6801 =( GEOMETRIC_REPRESENTATION_CONTEXT ( 3 ) GLOBAL_UNCERTAINTY_ASSIGNED_CONTEXT ( ( #5967 ) ) GLOBAL_UNIT_ASSIGNED_CONTEXT ( ( #4657, #4425, #4334 ) ) REPRESENTATION_CONTEXT ( 'NONE', 'WORKASPACE' ) );
#6802 = UNCERTAINTY_MEASURE_WITH_UNIT (LENGTH_MEASURE( 1.000000000000000082E-05 ), #2565, 'distance_accuracy_value', 'NONE');
#6803 = STYLED_ITEM ( 'NONE', ( #2204 ), #3805 ) ;
#6804 = PRESENTATION_STYLE_ASSIGNMENT (( #613 ) ) ;
#6805 = LINE ( 'NONE', #558, #2502 ) ;
#6806 = PRESENTATION_LAYER_ASSIGNMENT (  '', '', ( #7947 ) ) ;
#6807 = VECTOR ( 'NONE', #4117, 1000.000000000000000 ) ;
#6808 = ORIENTED_EDGE ( 'NONE', *, *, #3680, .T. ) ;
#6809 =( NAMED_UNIT ( * ) PLANE_ANGLE_UNIT ( ) SI_UNIT ( $, .RADIAN. ) );
#6810 = EDGE_CURVE ( 'NONE', #4391, #4994, #941, .T. ) ;
#6811 =( NAMED_UNIT ( * ) PLANE_ANGLE_UNIT ( ) SI_UNIT ( $, .RADIAN. ) );
#6812 = VERTEX_POINT ( 'NONE', #891 ) ;
#6814 = ORIENTED_EDGE ( 'NONE', *, *, #4876, .F. ) ;
#6813 = CARTESIAN_POINT ( 'NONE',  ( 2.659999999999997478, 8.800000000000000711, 1.389999999999998570 ) ) ;
#6815 = PRESENTATION_STYLE_ASSIGNMENT (( #7632 ) ) ;
#6816 = UNCERTAINTY_MEASURE_WITH_UNIT (LENGTH_MEASURE( 1.000000000000000082E-05 ), #8310, 'distance_accuracy_value', 'NONE');
#6817 = DIRECTION ( 'NONE',  ( 0.0000000000000000000, -1.000000000000000000, 0.0000000000000000000 ) ) ;
#6818 = LINE ( 'NONE', #8371, #563 ) ;
#6819 =( LENGTH_UNIT ( ) NAMED_UNIT ( * ) SI_UNIT ( .MILLI., .METRE. ) );
#6820 =( NAMED_UNIT ( * ) PLANE_ANGLE_UNIT ( ) SI_UNIT ( $, .RADIAN. ) );
#6821 = ORIENTED_EDGE ( 'NONE', *, *, #4305, .T. ) ;
#6822 =( LENGTH_UNIT ( ) NAMED_UNIT ( * ) SI_UNIT ( .MILLI., .METRE. ) );
#6823 = LINE ( 'NONE', #5661, #3834 ) ;
#6824 = ADVANCED_FACE ( 'NONE', ( #2617 ), #106, .F. ) ;
#6825 = CARTESIAN_POINT ( 'NONE',  ( 8.150000000000002132, 0.0000000000000000000, -4.549999999999999822 ) ) ;
#6826 = SURFACE_STYLE_USAGE ( .BOTH. , #10139 ) ;
#6827 = AXIS2_PLACEMENT_3D ( 'NONE', #3884, #8608, #698 ) ;
#6828 = VECTOR ( 'NONE', #4167, 1000.000000000000114 ) ;
#6829 = LINE ( 'NONE', #3557, #8247 ) ;
#6830 = SURFACE_STYLE_USAGE ( .BOTH. , #1996 ) ;
#6831 = CARTESIAN_POINT ( 'NONE',  ( 10.15999999999999837, 6.199999999999999289, -1.650000000000000133 ) ) ;
#6832 = COLOUR_RGB ( '',0.9686274509803921573, 0.8784313725490195957, 0.5999999999999999778 ) ;
#6833 = DIRECTION ( 'NONE',  ( 0.0000000000000000000, 0.0000000000000000000, -1.000000000000000000 ) ) ;
#6834 = SURFACE_STYLE_FILL_AREA ( #2165 ) ;
#6835 = DIRECTION ( 'NONE',  ( -1.000000000000000000, -0.0000000000000000000, -0.0000000000000000000 ) ) ;
#6836 = ORIENTED_EDGE ( 'NONE', *, *, #1324, .F. ) ;
#6837 = UNCERTAINTY_MEASURE_WITH_UNIT (LENGTH_MEASURE( 1.000000000000000082E-05 ), #6174, 'distance_accuracy_value', 'NONE');
#6838 = EDGE_CURVE ( 'NONE', #3532, #9586, #8864, .T. ) ;
#6839 = DIRECTION ( 'NONE',  ( -0.4014883995042275999, 0.8231732078530419328, -0.4014883995042277665 ) ) ;
#6840 =( LENGTH_UNIT ( ) NAMED_UNIT ( * ) SI_UNIT ( .MILLI., .METRE. ) );
#6841 = VECTOR ( 'NONE', #5411, 1000.000000000000000 ) ;
#6842 =( NAMED_UNIT ( * ) SI_UNIT ( $, .STERADIAN. ) SOLID_ANGLE_UNIT ( ) );
#6843 =( NAMED_UNIT ( * ) PLANE_ANGLE_UNIT ( ) SI_UNIT ( $, .RADIAN. ) );
#6844 = ADVANCED_FACE ( 'NONE', ( #6451 ), #8144, .T. ) ;
#6845 = ADVANCED_FACE ( 'NONE', ( #5919 ), #4500, .F. ) ;
#6846 = FILL_AREA_STYLE_COLOUR ( '', #2499 ) ;
#6847 = FILL_AREA_STYLE_COLOUR ( '', #2778 ) ;
#6848 = ORIENTED_EDGE ( 'NONE', *, *, #2214, .T. ) ;
#6849 = VERTEX_POINT ( 'NONE', #8381 ) ;
#6850 = EDGE_LOOP ( 'NONE', ( #6304, #7790, #9554, #1414 ) ) ;
#6851 = DIRECTION ( 'NONE',  ( 0.0000000000000000000, -0.0000000000000000000, -1.000000000000000000 ) ) ;
#6852 =( NAMED_UNIT ( * ) PLANE_ANGLE_UNIT ( ) SI_UNIT ( $, .RADIAN. ) );
#6853 = DIRECTION ( 'NONE',  ( 0.0000000000000000000, 0.0000000000000000000, 1.000000000000000000 ) ) ;
#6854 = FACE_OUTER_BOUND ( 'NONE', #9043, .T. ) ;
#6855 = LINE ( 'NONE', #10055, #6972 ) ;
#6856 =( NAMED_UNIT ( * ) SI_UNIT ( $, .STERADIAN. ) SOLID_ANGLE_UNIT ( ) );
#6857 = EDGE_CURVE ( 'NONE', #1560, #9053, #5255, .T. ) ;
#6858 = FACE_OUTER_BOUND ( 'NONE', #2435, .T. ) ;
#6859 = ORIENTED_EDGE ( 'NONE', *, *, #8290, .F. ) ;
#6860 = ORIENTED_EDGE ( 'NONE', *, *, #10124, .T. ) ;
#6862 = ORIENTED_EDGE ( 'NONE', *, *, #2640, .T. ) ;
#6861 = DIRECTION ( 'NONE',  ( -1.906289534040446993E-16, -1.049227908856939783E-16, -1.000000000000000000 ) ) ;
#6863 = PLANE ( 'NONE',  #612 ) ;
#6864 = CARTESIAN_POINT ( 'NONE',  ( -8.859999999999997655, 8.400000000000000355, 3.200000000000000622 ) ) ;
#6865 = DIRECTION ( 'NONE',  ( 0.0000000000000000000, 0.0000000000000000000, -1.000000000000000000 ) ) ;
#6866 = PLANE ( 'NONE',  #8558 ) ;
#6867 = FACE_OUTER_BOUND ( 'NONE', #9967, .T. ) ;
#6868 = DIRECTION ( 'NONE',  ( 3.388131789017201849E-16, 0.0000000000000000000, -1.000000000000000000 ) ) ;
#6869 = CARTESIAN_POINT ( 'NONE',  ( 7.500000000000000000, -0.1000000000000000056, -3.200000000000000178 ) ) ;
#6870 = ORIENTED_EDGE ( 'NONE', *, *, #5290, .F. ) ;
#6871 =( NAMED_UNIT ( * ) PLANE_ANGLE_UNIT ( ) SI_UNIT ( $, .RADIAN. ) );
#6872 =( NAMED_UNIT ( * ) PLANE_ANGLE_UNIT ( ) SI_UNIT ( $, .RADIAN. ) );
#6873 =( GEOMETRIC_REPRESENTATION_CONTEXT ( 3 ) GLOBAL_UNCERTAINTY_ASSIGNED_CONTEXT ( ( #9183 ) ) GLOBAL_UNIT_ASSIGNED_CONTEXT ( ( #4540, #7734, #6122 ) ) REPRESENTATION_CONTEXT ( 'NONE', 'WORKASPACE' ) );
#6874 = EDGE_CURVE ( 'NONE', #6347, #10021, #320, .T. ) ;
#6875 = CARTESIAN_POINT ( 'NONE',  ( -2.220000000000001972, 8.800000000000000711, -0.9500000000000022871 ) ) ;
#6876 = LINE ( 'NONE', #8292, #1525 ) ;
#6877 = FILL_AREA_STYLE ('',( #3721 ) ) ;
#6878 = STYLED_ITEM ( 'NONE', ( #4485 ), #220 ) ;
#6879 =( GEOMETRIC_REPRESENTATION_CONTEXT ( 3 ) GLOBAL_UNCERTAINTY_ASSIGNED_CONTEXT ( ( #3316 ) ) GLOBAL_UNIT_ASSIGNED_CONTEXT ( ( #8942, #5036, #3420 ) ) REPRESENTATION_CONTEXT ( 'NONE', 'WORKASPACE' ) );
#6880 = SURFACE_SIDE_STYLE ('',( #1337 ) ) ;
#6881 =( NAMED_UNIT ( * ) SI_UNIT ( $, .STERADIAN. ) SOLID_ANGLE_UNIT ( ) );
#6882 = ORIENTED_EDGE ( 'NONE', *, *, #3043, .F. ) ;
#6883 = SURFACE_STYLE_FILL_AREA ( #10039 ) ;
#6884 = CARTESIAN_POINT ( 'NONE',  ( -7.500000000000000000, 0.0000000000000000000, 3.700000000000001066 ) ) ;
#6885 = VECTOR ( 'NONE', #1843, 1000.000000000000114 ) ;
#6886 = LINE ( 'NONE', #3631, #9773 ) ;
#6887 = PRESENTATION_LAYER_ASSIGNMENT (  '', '', ( #8496 ) ) ;
#6888 = CARTESIAN_POINT ( 'NONE',  ( 2.540000000000000036, 8.800000000000000711, 0.0000000000000000000 ) ) ;
#6889 = LINE ( 'NONE', #2937, #7633 ) ;
#6890 = DIRECTION ( 'NONE',  ( -1.126443815569355400E-16, 1.000000000000000000, 0.0000000000000000000 ) ) ;
#6891 = EDGE_CURVE ( 'NONE', #6951, #293, #9832, .T. ) ;
#6892 = SURFACE_SIDE_STYLE ('',( #9142 ) ) ;
#6893 = VECTOR ( 'NONE', #8422, 1000.000000000000000 ) ;
#6894 = VERTEX_POINT ( 'NONE', #9124 ) ;
#6895 = VECTOR ( 'NONE', #4642, 1000.000000000000000 ) ;
#6896 = CARTESIAN_POINT ( 'NONE',  ( 4.759999999999997122, 8.800000000000000711, 1.589999999999997193 ) ) ;
#6897 = VERTEX_POINT ( 'NONE', #9066 ) ;
#6898 = VERTEX_POINT ( 'NONE', #2765 ) ;
#6899 = ADVANCED_FACE ( 'NONE', ( #5869 ), #1218, .F. ) ;
#6900 =( LENGTH_UNIT ( ) NAMED_UNIT ( * ) SI_UNIT ( .MILLI., .METRE. ) );
#6901 = ADVANCED_FACE ( 'NONE', ( #8540, #2921, #738, #4595, #6983, #9443, #2354, #1573, #1475, #3083, #3929, #5356, #5406, #2980, #8648, #2246, #4751 ), #7742, .F. ) ;
#6902 = VECTOR ( 'NONE', #1984, 1000.000000000000000 ) ;
#6903 = PRESENTATION_STYLE_ASSIGNMENT (( #552 ) ) ;
#6904 = CARTESIAN_POINT ( 'NONE',  ( 7.619999999999999218, 1.299999999999999156, 1.589999999999998970 ) ) ;
#6905 = CARTESIAN_POINT ( 'NONE',  ( 4.955093035426345160, -3.000000000000000000, -1.145093035426348660 ) ) ;
#6906 = SURFACE_STYLE_FILL_AREA ( #506 ) ;
#6907 = FILL_AREA_STYLE_COLOUR ( '', #4837 ) ;
#6908 =( NAMED_UNIT ( * ) PLANE_ANGLE_UNIT ( ) SI_UNIT ( $, .RADIAN. ) );
#6909 = VERTEX_POINT ( 'NONE', #7688 ) ;
#6910 = ORIENTED_EDGE ( 'NONE', *, *, #7397, .F. ) ;
#6911 = ORIENTED_EDGE ( 'NONE', *, *, #909, .T. ) ;
#6912 = STYLED_ITEM ( 'NONE', ( #1219 ), #2146 ) ;
#6913 = EDGE_CURVE ( 'NONE', #1439, #1664, #578, .T. ) ;
#6914 = UNCERTAINTY_MEASURE_WITH_UNIT (LENGTH_MEASURE( 1.000000000000000082E-05 ), #6900, 'distance_accuracy_value', 'NONE');
#6915 = CARTESIAN_POINT ( 'NONE',  ( -4.760000000000002451, 8.371098615898084461, -1.590000000000002300 ) ) ;
#6916 = SURFACE_STYLE_FILL_AREA ( #3661 ) ;
#6917 = CARTESIAN_POINT ( 'NONE',  ( -10.16000000000000014, 9.000000000000000000, 4.549999999999999822 ) ) ;
#6918 = DIRECTION ( 'NONE',  ( -1.000000000000000000, 0.0000000000000000000, -1.694065894508600925E-16 ) ) ;
#6919 = VECTOR ( 'NONE', #4812, 1000.000000000000000 ) ;
#6920 = ORIENTED_EDGE ( 'NONE', *, *, #2762, .T. ) ;
#6921 = DIRECTION ( 'NONE',  ( 0.0000000000000000000, 0.0000000000000000000, 1.000000000000000000 ) ) ;
#6922 = PRESENTATION_STYLE_ASSIGNMENT (( #525 ) ) ;
#6923 =( GEOMETRIC_REPRESENTATION_CONTEXT ( 3 ) GLOBAL_UNCERTAINTY_ASSIGNED_CONTEXT ( ( #6726 ) ) GLOBAL_UNIT_ASSIGNED_CONTEXT ( ( #1103, #9063, #7286 ) ) REPRESENTATION_CONTEXT ( 'NONE', 'WORKASPACE' ) );
#6924 = LINE ( 'NONE', #10077, #1628 ) ;
#6925 = ORIENTED_EDGE ( 'NONE', *, *, #865, .T. ) ;
#6926 = SURFACE_STYLE_USAGE ( .BOTH. , #3768 ) ;
#6927 = DIRECTION ( 'NONE',  ( 0.0000000000000000000, -1.000000000000000000, 0.0000000000000000000 ) ) ;
#6928 =( GEOMETRIC_REPRESENTATION_CONTEXT ( 3 ) GLOBAL_UNCERTAINTY_ASSIGNED_CONTEXT ( ( #3903 ) ) GLOBAL_UNIT_ASSIGNED_CONTEXT ( ( #7433, #5774, #9008 ) ) REPRESENTATION_CONTEXT ( 'NONE', 'WORKASPACE' ) );
#6929 = FACE_OUTER_BOUND ( 'NONE', #4841, .T. ) ;
#6930 = DIRECTION ( 'NONE',  ( -0.0000000000000000000, -0.0000000000000000000, 1.000000000000000000 ) ) ;
#6931 = DIRECTION ( 'NONE',  ( 1.000000000000000000, -0.0000000000000000000, -1.906289534040446993E-16 ) ) ;
#6932 = VECTOR ( 'NONE', #6181, 1000.000000000000000 ) ;
#6933 = EDGE_CURVE ( 'NONE', #3964, #5342, #6924, .T. ) ;
#6934 = PLANE ( 'NONE',  #3688 ) ;
#6935 = PRESENTATION_STYLE_ASSIGNMENT (( #3779 ) ) ;
#6936 = ORIENTED_EDGE ( 'NONE', *, *, #7288, .T. ) ;
#6937 = UNCERTAINTY_MEASURE_WITH_UNIT (LENGTH_MEASURE( 1.000000000000000082E-05 ), #3633, 'distance_accuracy_value', 'NONE');
#6938 = SURFACE_STYLE_FILL_AREA ( #8456 ) ;
#6939 = CARTESIAN_POINT ( 'NONE',  ( -4.960000000000002629, 8.800000000000000711, -1.390000000000001901 ) ) ;
#6940 = SURFACE_STYLE_USAGE ( .BOTH. , #1184 ) ;
#6941 = MECHANICAL_DESIGN_GEOMETRIC_PRESENTATION_REPRESENTATION (  '', ( #10245 ), #7592 ) ;
#6942 = SURFACE_STYLE_USAGE ( .BOTH. , #5213 ) ;
#6943 =( GEOMETRIC_REPRESENTATION_CONTEXT ( 3 ) GLOBAL_UNCERTAINTY_ASSIGNED_CONTEXT ( ( #6520 ) ) GLOBAL_UNIT_ASSIGNED_CONTEXT ( ( #9247, #2064, #6042 ) ) REPRESENTATION_CONTEXT ( 'NONE', 'WORKASPACE' ) );
#6944 = LINE ( 'NONE', #10103, #6789 ) ;
#6945 = PRESENTATION_LAYER_ASSIGNMENT (  '', '', ( #290 ) ) ;
#6946 =( NAMED_UNIT ( * ) PLANE_ANGLE_UNIT ( ) SI_UNIT ( $, .RADIAN. ) );
#6947 = ORIENTED_EDGE ( 'NONE', *, *, #3782, .F. ) ;
#6948 = EDGE_CURVE ( 'NONE', #7404, #9155, #10137, .T. ) ;
#6949 = CARTESIAN_POINT ( 'NONE',  ( 9.459999999999997300, 9.000000000000000000, 3.200000000000000622 ) ) ;
#6950 = EDGE_LOOP ( 'NONE', ( #3545, #8914, #5105, #3636 ) ) ;
#6951 = VERTEX_POINT ( 'NONE', #3873 ) ;
#6952 =( NAMED_UNIT ( * ) PLANE_ANGLE_UNIT ( ) SI_UNIT ( $, .RADIAN. ) );
#6953 = VECTOR ( 'NONE', #5474, 1000.000000000000000 ) ;
#6954 = PLANE ( 'NONE',  #2268 ) ;
#6955 = FACE_OUTER_BOUND ( 'NONE', #1109, .T. ) ;
#6956 = SURFACE_STYLE_USAGE ( .BOTH. , #10210 ) ;
#6957 = CARTESIAN_POINT ( 'NONE',  ( 2.219999999999997531, 1.299999999999999156, -1.590000000000002522 ) ) ;
#6958 =( NAMED_UNIT ( * ) SI_UNIT ( $, .STERADIAN. ) SOLID_ANGLE_UNIT ( ) );
#6959 = PLANE ( 'NONE',  #8014 ) ;
#6960 = EDGE_CURVE ( 'NONE', #8154, #7228, #6233, .T. ) ;
#6961 = VECTOR ( 'NONE', #6266, 1000.000000000000000 ) ;
#6962 = LINE ( 'NONE', #7572, #4530 ) ;
#6963 = STYLED_ITEM ( 'NONE', ( #7652 ), #8385 ) ;
#6964 = EDGE_CURVE ( 'NONE', #9445, #4109, #8600, .T. ) ;
#6965 = EDGE_LOOP ( 'NONE', ( #2012, #2324, #4168, #66 ) ) ;
#6966 = DIRECTION ( 'NONE',  ( 0.0000000000000000000, 0.0000000000000000000, -1.000000000000000000 ) ) ;
#6967 = PRESENTATION_STYLE_ASSIGNMENT (( #3807 ) ) ;
#6968 = ORIENTED_EDGE ( 'NONE', *, *, #5797, .F. ) ;
#6970 = ORIENTED_EDGE ( 'NONE', *, *, #8146, .T. ) ;
#6969 = SURFACE_STYLE_USAGE ( .BOTH. , #1608 ) ;
#6971 = LINE ( 'NONE', #4586, #7421 ) ;
#6972 = VECTOR ( 'NONE', #2125, 1000.000000000000000 ) ;
#6973 = DIRECTION ( 'NONE',  ( -0.0000000000000000000, 0.0000000000000000000, 1.000000000000000000 ) ) ;
#6974 = FILL_AREA_STYLE_COLOUR ( '', #2716 ) ;
#6975 = CARTESIAN_POINT ( 'NONE',  ( 10.16000000000000014, 8.800000000000000711, 0.0000000000000000000 ) ) ;
#6976 = COLOUR_RGB ( '',0.3137254901960784270, 0.3137254901960784270, 0.3137254901960784270 ) ;
#6977 = PLANE ( 'NONE',  #760 ) ;
#6978 = EDGE_CURVE ( 'NONE', #862, #2923, #7334, .T. ) ;
#6979 = MECHANICAL_DESIGN_GEOMETRIC_PRESENTATION_REPRESENTATION (  '', ( #9433 ), #8414 ) ;
#6980 = ORIENTED_EDGE ( 'NONE', *, *, #8194, .T. ) ;
#6981 = ORIENTED_EDGE ( 'NONE', *, *, #7534, .F. ) ;
#6982 = SURFACE_SIDE_STYLE ('',( #8436 ) ) ;
#6983 = FACE_BOUND ( 'NONE', #5101, .T. ) ;
#6984 = ORIENTED_EDGE ( 'NONE', *, *, #3543, .F. ) ;
#6985 = DIRECTION ( 'NONE',  ( 1.000000000000000000, 0.0000000000000000000, 3.388131789017201849E-16 ) ) ;
#6986 = DIRECTION ( 'NONE',  ( -1.906289534040447240E-16, -0.0000000000000000000, -1.000000000000000000 ) ) ;
#6987 = SURFACE_STYLE_FILL_AREA ( #2924 ) ;
#6988 = VECTOR ( 'NONE', #8462, 1000.000000000000000 ) ;
#6989 = PLANE ( 'NONE',  #4860 ) ;
#6990 = SURFACE_STYLE_USAGE ( .BOTH. , #2304 ) ;
#6991 = CARTESIAN_POINT ( 'NONE',  ( -8.150000000000000355, 9.000000000000000000, -4.450000000000000178 ) ) ;
#6992 = LINE ( 'NONE', #3040, #5569 ) ;
#6993 = FILL_AREA_STYLE ('',( #2260 ) ) ;
#6994 = CARTESIAN_POINT ( 'NONE',  ( -2.860000000000001652, 8.371098615898084461, -0.9500000000000025091 ) ) ;
#6995 = VERTEX_POINT ( 'NONE', #3235 ) ;
#6996 = DIRECTION ( 'NONE',  ( -1.000000000000000000, -0.0000000000000000000, -0.0000000000000000000 ) ) ;
#6997 = DIRECTION ( 'NONE',  ( 1.000000000000000000, 0.0000000000000000000, 0.0000000000000000000 ) ) ;
#6998 =( LENGTH_UNIT ( ) NAMED_UNIT ( * ) SI_UNIT ( .MILLI., .METRE. ) );
#6999 = PLANE ( 'NONE',  #5794 ) ;
#7000 = DIRECTION ( 'NONE',  ( -1.000000000000000000, 0.0000000000000000000, -1.694065894508600925E-16 ) ) ;
#7001 = VECTOR ( 'NONE', #7451, 1000.000000000000000 ) ;
#7002 = AXIS2_PLACEMENT_3D ( 'NONE', #3859, #6370, #4784 ) ;
#7003 = FILL_AREA_STYLE ('',( #2173 ) ) ;
#7004 =( LENGTH_UNIT ( ) NAMED_UNIT ( * ) SI_UNIT ( .MILLI., .METRE. ) );
#7005 = ORIENTED_EDGE ( 'NONE', *, *, #2245, .F. ) ;
#7006 = VERTEX_POINT ( 'NONE', #1 ) ;
#7007 = LINE ( 'NONE', #817, #8727 ) ;
#7008 = VECTOR ( 'NONE', #10143, 1000.000000000000000 ) ;
#7009 = CARTESIAN_POINT ( 'NONE',  ( 0.0000000000000000000, -0.1000000000000000056, -3.200000000000000178 ) ) ;
#7010 = CARTESIAN_POINT ( 'NONE',  ( -0.3200000000000025602, 8.371098615898084461, 1.589999999999997193 ) ) ;
#7011 =( NAMED_UNIT ( * ) PLANE_ANGLE_UNIT ( ) SI_UNIT ( $, .RADIAN. ) );
#7012 = UNCERTAINTY_MEASURE_WITH_UNIT (LENGTH_MEASURE( 1.000000000000000082E-05 ), #1224, 'distance_accuracy_value', 'NONE');
#7013 = PLANE ( 'NONE',  #3568 ) ;
#7014 = CARTESIAN_POINT ( 'NONE',  ( -2.860000000000001652, -2.600000000000000089, -1.590000000000002522 ) ) ;
#7015 = ADVANCED_FACE ( 'NONE', ( #2397 ), #5667, .T. ) ;
#7016 = ORIENTED_EDGE ( 'NONE', *, *, #7571, .F. ) ;
#7017 = FILL_AREA_STYLE ('',( #5392 ) ) ;
#7018 = VERTEX_POINT ( 'NONE', #2606 ) ;
#7019 = VERTEX_POINT ( 'NONE', #6337 ) ;
#7020 =( LENGTH_UNIT ( ) NAMED_UNIT ( * ) SI_UNIT ( .MILLI., .METRE. ) );
#7021 = UNCERTAINTY_MEASURE_WITH_UNIT (LENGTH_MEASURE( 1.000000000000000082E-05 ), #10209, 'distance_accuracy_value', 'NONE');
#7022 = PRESENTATION_STYLE_ASSIGNMENT (( #3070 ) ) ;
#7023 = DIRECTION ( 'NONE',  ( -0.0000000000000000000, 1.000000000000000000, -0.0000000000000000000 ) ) ;
#7024 = PRESENTATION_STYLE_ASSIGNMENT (( #5599 ) ) ;
#7025 = SURFACE_STYLE_FILL_AREA ( #3814 ) ;
#7026 = CARTESIAN_POINT ( 'NONE',  ( -8.860000000000002984, 6.199999999999999289, -1.649999999999999911 ) ) ;
#7027 = PLANE ( 'NONE',  #5429 ) ;
#7028 = ORIENTED_EDGE ( 'NONE', *, *, #25, .F. ) ;
#7029 = ORIENTED_EDGE ( 'NONE', *, *, #9584, .F. ) ;
#7030 = ADVANCED_FACE ( 'NONE', ( #4222 ), #7182, .F. ) ;
#7031 = SURFACE_SIDE_STYLE ('',( #9537 ) ) ;
#7032 = CARTESIAN_POINT ( 'NONE',  ( -5.204906964573656758, -3.000000000000000000, 1.394906964573650932 ) ) ;
#7033 = ORIENTED_EDGE ( 'NONE', *, *, #3134, .F. ) ;
#7034 = PRESENTATION_STYLE_ASSIGNMENT (( #3981 ) ) ;
#7035 = LINE ( 'NONE', #6342, #731 ) ;
#7036 = PRESENTATION_STYLE_ASSIGNMENT (( #10140 ) ) ;
#7037 = ADVANCED_FACE ( 'NONE', ( #2507 ), #8800, .F. ) ;
#7038 = CARTESIAN_POINT ( 'NONE',  ( 5.080000000000000959, 1.299999999999999156, -1.590000000000000746 ) ) ;
#7039 = AXIS2_PLACEMENT_3D ( 'NONE', #6548, #8087, #8035 ) ;
#7040 =( LENGTH_UNIT ( ) NAMED_UNIT ( * ) SI_UNIT ( .MILLI., .METRE. ) );
#7041 = CARTESIAN_POINT ( 'NONE',  ( 2.219999999999997531, -2.599999999999996536, -0.9500000000000025091 ) ) ;
#7042 = ORIENTED_EDGE ( 'NONE', *, *, #340, .F. ) ;
#7043 = UNCERTAINTY_MEASURE_WITH_UNIT (LENGTH_MEASURE( 1.000000000000000082E-05 ), #7767, 'distance_accuracy_value', 'NONE');
#7044 = EDGE_CURVE ( 'NONE', #5965, #1477, #308, .T. ) ;
#7045 = STYLED_ITEM ( 'NONE', ( #1983 ), #5311 ) ;
#7046 = CARTESIAN_POINT ( 'NONE',  ( -2.250000000000000444, 8.400000000000002132, 3.200000000000000622 ) ) ;
#7047 = SURFACE_SIDE_STYLE ('',( #4820 ) ) ;
#7048 = CARTESIAN_POINT ( 'NONE',  ( 5.399999999999998579, 8.371098615898084461, -1.590000000000002300 ) ) ;
#7049 = STYLED_ITEM ( 'NONE', ( #6010 ), #259 ) ;
#7050 = CARTESIAN_POINT ( 'NONE',  ( -2.860000000000002540, 1.299999999999999156, 0.0000000000000000000 ) ) ;
#7051 = VECTOR ( 'NONE', #1197, 1000.000000000000000 ) ;
#7052 = ORIENTED_EDGE ( 'NONE', *, *, #2245, .T. ) ;
#7053 = CARTESIAN_POINT ( 'NONE',  ( 4.759999999999998899, 0.0000000000000000000, 0.0000000000000000000 ) ) ;
#7054 = COLOUR_RGB ( '',0.3137254901960784270, 0.3137254901960784270, 0.3137254901960784270 ) ;
#7055 = MECHANICAL_DESIGN_GEOMETRIC_PRESENTATION_REPRESENTATION (  '', ( #580 ), #6035 ) ;
#7056 = CARTESIAN_POINT ( 'NONE',  ( -5.400000000000003020, 8.371098615898084461, 1.589999999999997193 ) ) ;
#7057 = CARTESIAN_POINT ( 'NONE',  ( 4.759999999999997122, 0.0000000000000000000, 1.589999999999997193 ) ) ;
#7058 = SURFACE_STYLE_FILL_AREA ( #9418 ) ;
#7059 = LINE ( 'NONE', #8732, #4323 ) ;
#7060 = COLOUR_RGB ( '',0.9686274509803921573, 0.8784313725490195957, 0.5999999999999999778 ) ;
#7061 = VECTOR ( 'NONE', #3877, 1000.000000000000000 ) ;
#7062 = SURFACE_SIDE_STYLE ('',( #7166 ) ) ;
#7063 = PRESENTATION_LAYER_ASSIGNMENT (  '', '', ( #1429 ) ) ;
#7064 = AXIS2_PLACEMENT_3D ( 'NONE', #4090, #9556, #111 ) ;
#7065 = EDGE_LOOP ( 'NONE', ( #6862, #4762, #4852, #9536 ) ) ;
#7066 = MECHANICAL_DESIGN_GEOMETRIC_PRESENTATION_REPRESENTATION (  '', ( #9871 ), #5085 ) ;
#7067 = CARTESIAN_POINT ( 'NONE',  ( -2.860000000000002540, 8.800000000000000711, 1.589999999999997193 ) ) ;
#7068 = ORIENTED_EDGE ( 'NONE', *, *, #7093, .F. ) ;
#7070 = ORIENTED_EDGE ( 'NONE', *, *, #7556, .F. ) ;
#7069 = CARTESIAN_POINT ( 'NONE',  ( 4.759999999999998899, 8.371098615898084461, -1.590000000000002522 ) ) ;
#7071 = SURFACE_STYLE_USAGE ( .BOTH. , #725 ) ;
#7072 = CARTESIAN_POINT ( 'NONE',  ( -5.200000000000001954, 8.800000000000000711, 1.149999999999997913 ) ) ;
#7073 =( NAMED_UNIT ( * ) PLANE_ANGLE_UNIT ( ) SI_UNIT ( $, .RADIAN. ) );
#7074 = EDGE_CURVE ( 'NONE', #8353, #5381, #2864, .T. ) ;
#7075 = SURFACE_STYLE_USAGE ( .BOTH. , #7980 ) ;
#7076 = AXIS2_PLACEMENT_3D ( 'NONE', #3977, #7134, #3186 ) ;
#7077 = LINE ( 'NONE', #4849, #1336 ) ;
#7078 = PRESENTATION_LAYER_ASSIGNMENT (  '', '', ( #3259 ) ) ;
#7079 = VECTOR ( 'NONE', #7805, 1000.000000000000000 ) ;
#7080 = ORIENTED_EDGE ( 'NONE', *, *, #8132, .F. ) ;
#7081 =( NAMED_UNIT ( * ) SI_UNIT ( $, .STERADIAN. ) SOLID_ANGLE_UNIT ( ) );
#7082 = STYLED_ITEM ( 'NONE', ( #8628 ), #1129 ) ;
#7083 = SURFACE_STYLE_USAGE ( .BOTH. , #9277 ) ;
#7084 = SURFACE_STYLE_USAGE ( .BOTH. , #3285 ) ;
#7085 = CARTESIAN_POINT ( 'NONE',  ( 4.955093035426343384, -3.000000000000000000, 1.145093035426343553 ) ) ;
#7086 = PLANE ( 'NONE',  #6356 ) ;
#7087 = MECHANICAL_DESIGN_GEOMETRIC_PRESENTATION_REPRESENTATION (  '', ( #6069 ), #6241 ) ;
#7088 = EDGE_CURVE ( 'NONE', #5009, #1750, #1092, .T. ) ;
#7089 = LINE ( 'NONE', #7802, #7008 ) ;
#7090 =( GEOMETRIC_REPRESENTATION_CONTEXT ( 3 ) GLOBAL_UNCERTAINTY_ASSIGNED_CONTEXT ( ( #3520 ) ) GLOBAL_UNIT_ASSIGNED_CONTEXT ( ( #9718, #370, #1834 ) ) REPRESENTATION_CONTEXT ( 'NONE', 'WORKASPACE' ) );
#7091 = CARTESIAN_POINT ( 'NONE',  ( 8.150000000000002132, 0.0000000000000000000, -4.450000000000000178 ) ) ;
#7092 = SURFACE_STYLE_USAGE ( .BOTH. , #4808 ) ;
#7093 = EDGE_CURVE ( 'NONE', #3895, #9876, #7578, .T. ) ;
#7094 = LINE ( 'NONE', #9606, #8860 ) ;
#7095 =( GEOMETRIC_REPRESENTATION_CONTEXT ( 3 ) GLOBAL_UNCERTAINTY_ASSIGNED_CONTEXT ( ( #1097 ) ) GLOBAL_UNIT_ASSIGNED_CONTEXT ( ( #9526, #6276, #8530 ) ) REPRESENTATION_CONTEXT ( 'NONE', 'WORKASPACE' ) );
#7096 = ORIENTED_EDGE ( 'NONE', *, *, #7836, .F. ) ;
#7097 =( LENGTH_UNIT ( ) NAMED_UNIT ( * ) SI_UNIT ( .MILLI., .METRE. ) );
#7098 = DIRECTION ( 'NONE',  ( -0.0000000000000000000, 1.000000000000000000, -0.0000000000000000000 ) ) ;
#7099 = VECTOR ( 'NONE', #3534, 1000.000000000000000 ) ;
#7100 = CARTESIAN_POINT ( 'NONE',  ( 2.219999999999996643, 8.800000000000000711, 0.9499999999999971800 ) ) ;
#7101 = EDGE_CURVE ( 'NONE', #7432, #275, #458, .T. ) ;
#7102 =( LENGTH_UNIT ( ) NAMED_UNIT ( * ) SI_UNIT ( .MILLI., .METRE. ) );
#7103 = ADVANCED_FACE ( 'NONE', ( #5146 ), #9862, .F. ) ;
#7104 = MECHANICAL_DESIGN_GEOMETRIC_PRESENTATION_REPRESENTATION (  '', ( #4954 ), #1130 ) ;
#7105 = ORIENTED_EDGE ( 'NONE', *, *, #4508, .T. ) ;
#7106 = LINE ( 'NONE', #662, #4623 ) ;
#7107 = CARTESIAN_POINT ( 'NONE',  ( -8.150000000000000355, 0.0000000000000000000, -4.549999999999999822 ) ) ;
#7108 = SURFACE_SIDE_STYLE ('',( #8728 ) ) ;
#7109 = SURFACE_SIDE_STYLE ('',( #1705 ) ) ;
#7110 = SURFACE_STYLE_FILL_AREA ( #10262 ) ;
#7111 = UNCERTAINTY_MEASURE_WITH_UNIT (LENGTH_MEASURE( 1.000000000000000082E-05 ), #9170, 'distance_accuracy_value', 'NONE');
#7112 = STYLED_ITEM ( 'NONE', ( #5443 ), #7954 ) ;
#7113 = CARTESIAN_POINT ( 'NONE',  ( -7.500000000000000000, -0.1000000000000000056, -2.699999999999999289 ) ) ;
#7114 = STYLED_ITEM ( 'NONE', ( #3757 ), #3348 ) ;
#7115 = EDGE_LOOP ( 'NONE', ( #6097, #8030, #10217, #3124 ) ) ;
#7116 = AXIS2_PLACEMENT_3D ( 'NONE', #4916, #1006, #5829 ) ;
#7117 = ORIENTED_EDGE ( 'NONE', *, *, #9546, .T. ) ;
#7119 = ORIENTED_EDGE ( 'NONE', *, *, #7467, .T. ) ;
#7118 = PLANE ( 'NONE',  #9964 ) ;
#7120 = DIRECTION ( 'NONE',  ( 0.0000000000000000000, 0.0000000000000000000, 1.000000000000000000 ) ) ;
#7121 = DIRECTION ( 'NONE',  ( -1.000000000000000000, 0.0000000000000000000, -3.388131789017201849E-16 ) ) ;
#7122 = FILL_AREA_STYLE_COLOUR ( '', #4235 ) ;
#7123 = STYLED_ITEM ( 'NONE', ( #3917 ), #3408 ) ;
#7124 = CARTESIAN_POINT ( 'NONE',  ( 2.249999999999999112, 9.000000000000000000, -4.551000000000001044 ) ) ;
#7125 = CARTESIAN_POINT ( 'NONE',  ( 0.3199999999999982303, 1.299999999999999156, 0.0000000000000000000 ) ) ;
#7126 = VECTOR ( 'NONE', #9462, 1000.000000000000000 ) ;
#7127 = STYLED_ITEM ( 'NONE', ( #10272 ), #7637 ) ;
#7128 = VERTEX_POINT ( 'NONE', #2749 ) ;
#7129 = EDGE_CURVE ( 'NONE', #6642, #7926, #9056, .T. ) ;
#7130 = STYLED_ITEM ( 'NONE', ( #7505 ), #4358 ) ;
#7131 = LINE ( 'NONE', #3926, #2984 ) ;
#7132 =( GEOMETRIC_REPRESENTATION_CONTEXT ( 3 ) GLOBAL_UNCERTAINTY_ASSIGNED_CONTEXT ( ( #2662 ) ) GLOBAL_UNIT_ASSIGNED_CONTEXT ( ( #4304, #337, #3525 ) ) REPRESENTATION_CONTEXT ( 'NONE', 'WORKASPACE' ) );
#7133 = ORIENTED_EDGE ( 'NONE', *, *, #5677, .F. ) ;
#7134 = DIRECTION ( 'NONE',  ( 0.9063077870366511579, 0.4226182617406970543, 0.0000000000000000000 ) ) ;
#7135 = ORIENTED_EDGE ( 'NONE', *, *, #7347, .F. ) ;
#7136 = SURFACE_STYLE_USAGE ( .BOTH. , #8651 ) ;
#7137 = PRESENTATION_LAYER_ASSIGNMENT (  '', '', ( #3494 ) ) ;
#7138 =( NAMED_UNIT ( * ) PLANE_ANGLE_UNIT ( ) SI_UNIT ( $, .RADIAN. ) );
#7139 =( NAMED_UNIT ( * ) PLANE_ANGLE_UNIT ( ) SI_UNIT ( $, .RADIAN. ) );
#7140 = CARTESIAN_POINT ( 'NONE',  ( 8.859999999999999432, 0.0000000000000000000, 1.749999999999999334 ) ) ;
#7141 = DIRECTION ( 'NONE',  ( -1.000000000000000000, 0.0000000000000000000, -1.694065894508600925E-16 ) ) ;
#7142 = EDGE_CURVE ( 'NONE', #10021, #8306, #4374, .T. ) ;
#7143 =( NAMED_UNIT ( * ) PLANE_ANGLE_UNIT ( ) SI_UNIT ( $, .RADIAN. ) );
#7144 = CARTESIAN_POINT ( 'NONE',  ( 7.500000000000000000, -0.1000000000000000056, 3.200000000000000178 ) ) ;
#7145 =( LENGTH_UNIT ( ) NAMED_UNIT ( * ) SI_UNIT ( .MILLI., .METRE. ) );
#7146 = AXIS2_PLACEMENT_3D ( 'NONE', #6050, #400, #452 ) ;
#7147 = EDGE_LOOP ( 'NONE', ( #2867, #8338, #2822, #7225 ) ) ;
#7148 = FACE_OUTER_BOUND ( 'NONE', #478, .T. ) ;
#7149 = ORIENTED_EDGE ( 'NONE', *, *, #6874, .F. ) ;
#7150 = PRESENTATION_LAYER_ASSIGNMENT (  '', '', ( #4671 ) ) ;
#7151 = UNCERTAINTY_MEASURE_WITH_UNIT (LENGTH_MEASURE( 1.000000000000000082E-05 ), #7188, 'distance_accuracy_value', 'NONE');
#7152 = DIRECTION ( 'NONE',  ( 1.000000000000000000, 0.0000000000000000000, 0.0000000000000000000 ) ) ;
#7153 = SURFACE_STYLE_FILL_AREA ( #1544 ) ;
#7154 = CARTESIAN_POINT ( 'NONE',  ( 2.219999999999996643, 8.371098615898088013, 0.9499999999999971800 ) ) ;
#7155 = LINE ( 'NONE', #62, #693 ) ;
#7156 = AXIS2_PLACEMENT_3D ( 'NONE', #3000, #2936, #7663 ) ;
#7157 = DIRECTION ( 'NONE',  ( 0.0000000000000000000, 0.0000000000000000000, 1.000000000000000000 ) ) ;
#7158 = VERTEX_POINT ( 'NONE', #3595 ) ;
#7159 = ADVANCED_FACE ( 'NONE', ( #9819 ), #2702, .T. ) ;
#7160 = ORIENTED_EDGE ( 'NONE', *, *, #3552, .F. ) ;
#7161 = SURFACE_STYLE_FILL_AREA ( #957 ) ;
#7162 = CARTESIAN_POINT ( 'NONE',  ( 2.219999999999996643, 8.800000000000000711, 0.9499999999999971800 ) ) ;
#7163 = LINE ( 'NONE', #1069, #708 ) ;
#7164 = VECTOR ( 'NONE', #9732, 1000.000000000000000 ) ;
#7165 = EDGE_CURVE ( 'NONE', #4620, #764, #5501, .T. ) ;
#7166 = SURFACE_STYLE_FILL_AREA ( #5543 ) ;
#7167 = LINE ( 'NONE', #28, #962 ) ;
#7168 = VECTOR ( 'NONE', #8524, 1000.000000000000000 ) ;
#7169 = EDGE_LOOP ( 'NONE', ( #5815, #10106, #9098, #210 ) ) ;
#7170 =( GEOMETRIC_REPRESENTATION_CONTEXT ( 3 ) GLOBAL_UNCERTAINTY_ASSIGNED_CONTEXT ( ( #8320 ) ) GLOBAL_UNIT_ASSIGNED_CONTEXT ( ( #3887, #805, #4814 ) ) REPRESENTATION_CONTEXT ( 'NONE', 'WORKASPACE' ) );
#7171 = EDGE_LOOP ( 'NONE', ( #2723, #6518, #6740, #5485 ) ) ;
#7172 = ORIENTED_EDGE ( 'NONE', *, *, #3731, .F. ) ;
#7173 =( NAMED_UNIT ( * ) SI_UNIT ( $, .STERADIAN. ) SOLID_ANGLE_UNIT ( ) );
#7174 = LINE ( 'NONE', #2289, #5885 ) ;
#7175 = DIRECTION ( 'NONE',  ( 0.9063077870366511579, 0.4226182617406970543, 0.0000000000000000000 ) ) ;
#7176 = ADVANCED_FACE ( 'NONE', ( #7629 ), #512, .T. ) ;
#7177 = MECHANICAL_DESIGN_GEOMETRIC_PRESENTATION_REPRESENTATION (  '', ( #4204 ), #6165 ) ;
#7178 = ORIENTED_EDGE ( 'NONE', *, *, #2622, .F. ) ;
#7179 =( NAMED_UNIT ( * ) PLANE_ANGLE_UNIT ( ) SI_UNIT ( $, .RADIAN. ) );
#7180 = ORIENTED_EDGE ( 'NONE', *, *, #4434, .T. ) ;
#7181 = CARTESIAN_POINT ( 'NONE',  ( -2.860000000000002540, 8.371098615898084461, 1.589999999999997193 ) ) ;
#7182 = PLANE ( 'NONE',  #117 ) ;
#7183 = FILL_AREA_STYLE_COLOUR ( '', #579 ) ;
#7184 = ORIENTED_EDGE ( 'NONE', *, *, #3862, .F. ) ;
#7185 = DIRECTION ( 'NONE',  ( 0.0000000000000000000, 0.0000000000000000000, -1.000000000000000000 ) ) ;
#7186 = SURFACE_STYLE_USAGE ( .BOTH. , #4035 ) ;
#7187 = SURFACE_STYLE_FILL_AREA ( #7893 ) ;
#7188 =( LENGTH_UNIT ( ) NAMED_UNIT ( * ) SI_UNIT ( .MILLI., .METRE. ) );
#7189 = FILL_AREA_STYLE ('',( #7343 ) ) ;
#7190 = CARTESIAN_POINT ( 'NONE',  ( 2.219999999999996643, 8.800000000000000711, 0.9499999999999971800 ) ) ;
#7191 = ORIENTED_EDGE ( 'NONE', *, *, #8054, .F. ) ;
#7192 = DIRECTION ( 'NONE',  ( -3.388131789017201849E-16, 0.0000000000000000000, 1.000000000000000000 ) ) ;
#7193 = LINE ( 'NONE', #9728, #3576 ) ;
#7194 = EDGE_CURVE ( 'NONE', #5196, #8423, #1712, .T. ) ;
#7195 = CARTESIAN_POINT ( 'NONE',  ( 0.0000000000000000000, 0.0000000000000000000, 3.200000000000000178 ) ) ;
#7196 = FACE_OUTER_BOUND ( 'NONE', #6333, .T. ) ;
#7197 = CARTESIAN_POINT ( 'NONE',  ( -2.220000000000002860, 1.299999999999999156, 0.0000000000000000000 ) ) ;
#7198 = LINE ( 'NONE', #2231, #7712 ) ;
#7199 = ORIENTED_EDGE ( 'NONE', *, *, #8766, .T. ) ;
#7200 = COLOUR_RGB ( '',0.9686274509803921573, 0.8784313725490195957, 0.5999999999999999778 ) ;
#7201 = EDGE_LOOP ( 'NONE', ( #6369, #1347 ) ) ;
#7202 = PRESENTATION_STYLE_ASSIGNMENT (( #4154 ) ) ;
#7203 = CARTESIAN_POINT ( 'NONE',  ( -0.1499999999999990785, 0.0000000000000000000, -4.549999999999999822 ) ) ;
#7204 = CARTESIAN_POINT ( 'NONE',  ( -4.760000000000003340, 1.299999999999999156, 0.9499999999999972911 ) ) ;
#7205 =( LENGTH_UNIT ( ) NAMED_UNIT ( * ) SI_UNIT ( .MILLI., .METRE. ) );
#7206 = MECHANICAL_DESIGN_GEOMETRIC_PRESENTATION_REPRESENTATION (  '', ( #1413 ), #5372 ) ;
#7207 = EDGE_CURVE ( 'NONE', #249, #3480, #8835, .T. ) ;
#7208 = AXIS2_PLACEMENT_3D ( 'NONE', #2068, #2741, #5901 ) ;
#7209 = EDGE_CURVE ( 'NONE', #4126, #956, #2010, .T. ) ;
#7210 = ORIENTED_EDGE ( 'NONE', *, *, #2903, .F. ) ;
#7211 = EDGE_CURVE ( 'NONE', #1829, #8586, #4406, .T. ) ;
#7212 = CARTESIAN_POINT ( 'NONE',  ( 0.0000000000000000000, -3.000000000000000000, 0.0000000000000000000 ) ) ;
#7213 = VERTEX_POINT ( 'NONE', #9749 ) ;
#7215 = EDGE_LOOP ( 'NONE', ( #3549, #8017, #2548, #7332 ) ) ;
#7214 = DIRECTION ( 'NONE',  ( -0.0000000000000000000, 0.0000000000000000000, 1.000000000000000000 ) ) ;
#7216 = LINE ( 'NONE', #6221, #9903 ) ;
#7217 = SURFACE_SIDE_STYLE ('',( #872 ) ) ;
#7218 =( LENGTH_UNIT ( ) NAMED_UNIT ( * ) SI_UNIT ( .MILLI., .METRE. ) );
#7219 = CARTESIAN_POINT ( 'NONE',  ( 0.1500000000000003275, 0.0000000000000000000, -4.450000000000000178 ) ) ;
#7220 =( GEOMETRIC_REPRESENTATION_CONTEXT ( 3 ) GLOBAL_UNCERTAINTY_ASSIGNED_CONTEXT ( ( #8845 ) ) GLOBAL_UNIT_ASSIGNED_CONTEXT ( ( #6509, #8870, #4975 ) ) REPRESENTATION_CONTEXT ( 'NONE', 'WORKASPACE' ) );
#7221 = MECHANICAL_DESIGN_GEOMETRIC_PRESENTATION_REPRESENTATION (  '', ( #1754 ), #9870 ) ;
#7222 = MECHANICAL_DESIGN_GEOMETRIC_PRESENTATION_REPRESENTATION (  '', ( #9695 ), #751 ) ;
#7223 = ADVANCED_FACE ( 'NONE', ( #1133 ), #5040, .T. ) ;
#7224 = SURFACE_STYLE_FILL_AREA ( #7274 ) ;
#7225 = ORIENTED_EDGE ( 'NONE', *, *, #6002, .T. ) ;
#7226 = EDGE_CURVE ( 'NONE', #5502, #7128, #603, .T. ) ;
#7227 = PLANE ( 'NONE',  #9867 ) ;
#7228 = VERTEX_POINT ( 'NONE', #6095 ) ;
#7229 = PLANE ( 'NONE',  #437 ) ;
#7230 = COLOUR_RGB ( '',0.9686274509803921573, 0.8784313725490195957, 0.5999999999999999778 ) ;
#7231 = VECTOR ( 'NONE', #2183, 1000.000000000000000 ) ;
#7232 = DIRECTION ( 'NONE',  ( 5.421010862427507971E-15, -0.0000000000000000000, -1.000000000000000000 ) ) ;
#7233 = DIRECTION ( 'NONE',  ( -0.8987940462991671486, 0.4383711467890771263, -0.0000000000000000000 ) ) ;
#7234 = AXIS2_PLACEMENT_3D ( 'NONE', #1998, #9791, #8248 ) ;
#7235 = MECHANICAL_DESIGN_GEOMETRIC_PRESENTATION_REPRESENTATION (  '', ( #6231 ), #5214 ) ;
#7236 = SURFACE_SIDE_STYLE ('',( #1733 ) ) ;
#7237 = DIRECTION ( 'NONE',  ( -1.000000000000000000, 0.0000000000000000000, -0.0000000000000000000 ) ) ;
#7238 = ORIENTED_EDGE ( 'NONE', *, *, #219, .F. ) ;
#7239 = UNCERTAINTY_MEASURE_WITH_UNIT (LENGTH_MEASURE( 1.000000000000000082E-05 ), #2406, 'distance_accuracy_value', 'NONE');
#7240 = DIRECTION ( 'NONE',  ( 0.0000000000000000000, 0.0000000000000000000, 1.000000000000000000 ) ) ;
#7241 = LINE ( 'NONE', #4919, #2580 ) ;
#7242 = VECTOR ( 'NONE', #7819, 1000.000000000000000 ) ;
#7243 = PRESENTATION_STYLE_ASSIGNMENT (( #857 ) ) ;
#7244 = DIRECTION ( 'NONE',  ( -0.0000000000000000000, 1.000000000000000000, 2.098455817713879812E-16 ) ) ;
#7245 = EDGE_CURVE ( 'NONE', #510, #6642, #5431, .T. ) ;
#7246 = ORIENTED_EDGE ( 'NONE', *, *, #9990, .T. ) ;
#7247 = AXIS2_PLACEMENT_3D ( 'NONE', #680, #8536, #10278 ) ;
#7248 = VERTEX_POINT ( 'NONE', #1293 ) ;
#7249 = DIRECTION ( 'NONE',  ( 0.0000000000000000000, 0.0000000000000000000, -1.000000000000000000 ) ) ;
#7250 = UNCERTAINTY_MEASURE_WITH_UNIT (LENGTH_MEASURE( 1.000000000000000082E-05 ), #5863, 'distance_accuracy_value', 'NONE');
#7251 = CARTESIAN_POINT ( 'NONE',  ( 10.16000000000000014, -3.000000000000000000, 1.394906964573652708 ) ) ;
#7252 = FILL_AREA_STYLE ('',( #1067 ) ) ;
#7253 = DIRECTION ( 'NONE',  ( -0.4014883995042277109, -0.8231732078530418217, 0.4014883995042277109 ) ) ;
#7254 = FILL_AREA_STYLE_COLOUR ( '', #4648 ) ;
#7255 =( NAMED_UNIT ( * ) PLANE_ANGLE_UNIT ( ) SI_UNIT ( $, .RADIAN. ) );
#7256 =( GEOMETRIC_REPRESENTATION_CONTEXT ( 3 ) GLOBAL_UNCERTAINTY_ASSIGNED_CONTEXT ( ( #9375 ) ) GLOBAL_UNIT_ASSIGNED_CONTEXT ( ( #4191, #262, #8923 ) ) REPRESENTATION_CONTEXT ( 'NONE', 'WORKASPACE' ) );
#7257 = LINE ( 'NONE', #4779, #3671 ) ;
#7258 = SURFACE_STYLE_FILL_AREA ( #1710 ) ;
#7259 = VERTEX_POINT ( 'NONE', #1501 ) ;
#7260 = ORIENTED_EDGE ( 'NONE', *, *, #7596, .T. ) ;
#7262 = ORIENTED_EDGE ( 'NONE', *, *, #5566, .T. ) ;
#7261 = LINE ( 'NONE', #6532, #9120 ) ;
#7263 = STYLED_ITEM ( 'NONE', ( #5340 ), #7846 ) ;
#7264 = ADVANCED_FACE ( 'NONE', ( #5329 ), #8404, .T. ) ;
#7265 = COLOUR_RGB ( '',0.3137254901960784270, 0.3137254901960784270, 0.3137254901960784270 ) ;
#7266 = CARTESIAN_POINT ( 'NONE',  ( -4.760000000000003340, 1.299999999999999156, 0.0000000000000000000 ) ) ;
#7267 = DIRECTION ( 'NONE',  ( 0.0000000000000000000, 0.0000000000000000000, -1.000000000000000000 ) ) ;
#7268 = SURFACE_STYLE_FILL_AREA ( #4114 ) ;
#7269 = SURFACE_STYLE_FILL_AREA ( #1918 ) ;
#7270 = DIRECTION ( 'NONE',  ( 0.0000000000000000000, -1.000000000000000000, 1.049227908856939906E-16 ) ) ;
#7271 = LINE ( 'NONE', #3385, #1175 ) ;
#7272 = COLOUR_RGB ( '',0.9686274509803921573, 0.8784313725490195957, 0.5999999999999999778 ) ;
#7273 = VECTOR ( 'NONE', #8279, 1000.000000000000000 ) ;
#7274 = FILL_AREA_STYLE ('',( #5663 ) ) ;
#7275 = ORIENTED_EDGE ( 'NONE', *, *, #1767, .F. ) ;
#7276 = SURFACE_STYLE_FILL_AREA ( #5719 ) ;
#7277 = ORIENTED_EDGE ( 'NONE', *, *, #2453, .T. ) ;
#7278 = ORIENTED_EDGE ( 'NONE', *, *, #9584, .T. ) ;
#7279 = FACE_OUTER_BOUND ( 'NONE', #3821, .T. ) ;
#7280 = AXIS2_PLACEMENT_3D ( 'NONE', #8902, #5002, #7375 ) ;
#7281 = FILL_AREA_STYLE_COLOUR ( '', #3905 ) ;
#7282 = PLANE ( 'NONE',  #5126 ) ;
#7283 = VECTOR ( 'NONE', #8286, 1000.000000000000000 ) ;
#7284 =( NAMED_UNIT ( * ) SI_UNIT ( $, .STERADIAN. ) SOLID_ANGLE_UNIT ( ) );
#7285 = CIRCLE ( 'NONE', #2806, 0.5000000000000008882 ) ;
#7286 =( NAMED_UNIT ( * ) SI_UNIT ( $, .STERADIAN. ) SOLID_ANGLE_UNIT ( ) );
#7287 = EDGE_CURVE ( 'NONE', #9512, #1778, #1402, .T. ) ;
#7288 = EDGE_CURVE ( 'NONE', #3532, #1637, #5379, .T. ) ;
#7289 = MECHANICAL_DESIGN_GEOMETRIC_PRESENTATION_REPRESENTATION (  '', ( #7936 ), #980 ) ;
#7290 = PRESENTATION_STYLE_ASSIGNMENT (( #5144 ) ) ;
#7291 = PRESENTATION_LAYER_ASSIGNMENT (  '', '', ( #2814 ) ) ;
#7292 = CARTESIAN_POINT ( 'NONE',  ( 0.1500000000000003275, 0.0000000000000000000, -4.450000000000000178 ) ) ;
#7293 = CARTESIAN_POINT ( 'NONE',  ( 2.859999999999996767, -2.600000000000000089, 1.589999999999997415 ) ) ;
#7294 = MECHANICAL_DESIGN_GEOMETRIC_PRESENTATION_REPRESENTATION (  '', ( #9770 ), #2482 ) ;
#7295 =( GEOMETRIC_REPRESENTATION_CONTEXT ( 3 ) GLOBAL_UNCERTAINTY_ASSIGNED_CONTEXT ( ( #2579 ) ) GLOBAL_UNIT_ASSIGNED_CONTEXT ( ( #878, #8130, #6435 ) ) REPRESENTATION_CONTEXT ( 'NONE', 'WORKASPACE' ) );
#7296 = DIRECTION ( 'NONE',  ( 1.000000000000000000, -0.0000000000000000000, 3.388131789017201849E-16 ) ) ;
#7297 = DIRECTION ( 'NONE',  ( -1.000000000000000000, 0.0000000000000000000, -1.694065894508600925E-16 ) ) ;
#7298 = ORIENTED_EDGE ( 'NONE', *, *, #3035, .T. ) ;
#7299 = FILL_AREA_STYLE ('',( #9877 ) ) ;
#7300 =( NAMED_UNIT ( * ) SI_UNIT ( $, .STERADIAN. ) SOLID_ANGLE_UNIT ( ) );
#7301 = VECTOR ( 'NONE', #1151, 1000.000000000000000 ) ;
#7302 = CARTESIAN_POINT ( 'NONE',  ( -4.760000000000002451, 8.800000000000000711, -1.590000000000002300 ) ) ;
#7303 = AXIS2_PLACEMENT_3D ( 'NONE', #4236, #208, #2823 ) ;
#7304 = ADVANCED_FACE ( 'NONE', ( #7910 ), #9411, .T. ) ;
#7305 = DIRECTION ( 'NONE',  ( 0.0000000000000000000, 0.0000000000000000000, -1.000000000000000000 ) ) ;
#7306 = DIRECTION ( 'NONE',  ( -0.0000000000000000000, 1.000000000000000000, -0.0000000000000000000 ) ) ;
#7307 = SURFACE_STYLE_FILL_AREA ( #9029 ) ;
#7308 = STYLED_ITEM ( 'NONE', ( #3216 ), #8717 ) ;
#7309 = ORIENTED_EDGE ( 'NONE', *, *, #1329, .T. ) ;
#7310 = ORIENTED_EDGE ( 'NONE', *, *, #8451, .F. ) ;
#7311 = DIRECTION ( 'NONE',  ( 0.0000000000000000000, 0.0000000000000000000, -1.000000000000000000 ) ) ;
#7312 = LINE ( 'NONE', #2537, #2927 ) ;
#7313 = FILL_AREA_STYLE_COLOUR ( '', #4906 ) ;
#7314 = DIRECTION ( 'NONE',  ( 0.0000000000000000000, 0.0000000000000000000, 1.000000000000000000 ) ) ;
#7315 = FILL_AREA_STYLE ('',( #3368 ) ) ;
#7316 = DIRECTION ( 'NONE',  ( -0.4014883995042277109, -0.8231732078530420438, 0.4014883995042273779 ) ) ;
#7317 = AXIS2_PLACEMENT_3D ( 'NONE', #6309, #3106, #9028 ) ;
#7318 = FILL_AREA_STYLE_COLOUR ( '', #4173 ) ;
#7319 =( NAMED_UNIT ( * ) PLANE_ANGLE_UNIT ( ) SI_UNIT ( $, .RADIAN. ) );
#7320 = ORIENTED_EDGE ( 'NONE', *, *, #4401, .T. ) ;
#7322 = ORIENTED_EDGE ( 'NONE', *, *, #7287, .T. ) ;
#7321 =( NAMED_UNIT ( * ) SI_UNIT ( $, .STERADIAN. ) SOLID_ANGLE_UNIT ( ) );
#7323 = CARTESIAN_POINT ( 'NONE',  ( 2.859999999999996767, 8.371098615898088013, 1.589999999999997415 ) ) ;
#7324 =( GEOMETRIC_REPRESENTATION_CONTEXT ( 3 ) GLOBAL_UNCERTAINTY_ASSIGNED_CONTEXT ( ( #3402 ) ) GLOBAL_UNIT_ASSIGNED_CONTEXT ( ( #1793, #8935, #4979 ) ) REPRESENTATION_CONTEXT ( 'NONE', 'WORKASPACE' ) );
#7325 = SURFACE_STYLE_FILL_AREA ( #3434 ) ;
#7326 =( NAMED_UNIT ( * ) SI_UNIT ( $, .STERADIAN. ) SOLID_ANGLE_UNIT ( ) );
#7327 = UNCERTAINTY_MEASURE_WITH_UNIT (LENGTH_MEASURE( 1.000000000000000082E-05 ), #8676, 'distance_accuracy_value', 'NONE');
#7328 = PLANE ( 'NONE',  #7146 ) ;
#7329 = ADVANCED_FACE ( 'NONE', ( #9887 ), #6517, .F. ) ;
#7330 = PRESENTATION_LAYER_ASSIGNMENT (  '', '', ( #1012 ) ) ;
#7331 = PRESENTATION_STYLE_ASSIGNMENT (( #5767 ) ) ;
#7332 = ORIENTED_EDGE ( 'NONE', *, *, #10243, .F. ) ;
#7333 = SURFACE_SIDE_STYLE ('',( #1926 ) ) ;
#7334 = LINE ( 'NONE', #4125, #3966 ) ;
#7335 = ORIENTED_EDGE ( 'NONE', *, *, #718, .T. ) ;
#7336 = ORIENTED_EDGE ( 'NONE', *, *, #10041, .T. ) ;
#7337 = DIRECTION ( 'NONE',  ( -0.0000000000000000000, 0.0000000000000000000, 1.000000000000000000 ) ) ;
#7338 = UNCERTAINTY_MEASURE_WITH_UNIT (LENGTH_MEASURE( 1.000000000000000082E-05 ), #10274, 'distance_accuracy_value', 'NONE');
#7339 = AXIS2_PLACEMENT_3D ( 'NONE', #1201, #7520, #402 ) ;
#7340 = CARTESIAN_POINT ( 'NONE',  ( 2.415093035426344237, -3.000000000000000000, 0.0000000000000000000 ) ) ;
#7341 = COLOUR_RGB ( '',0.9686274509803921573, 0.8784313725490195957, 0.5999999999999999778 ) ;
#7342 = EDGE_CURVE ( 'NONE', #275, #3484, #3622, .T. ) ;
#7343 = FILL_AREA_STYLE_COLOUR ( '', #5779 ) ;
#7344 = AXIS2_PLACEMENT_3D ( 'NONE', #2947, #5488, #714 ) ;
#7345 = DIRECTION ( 'NONE',  ( 0.0000000000000000000, 0.0000000000000000000, -1.000000000000000000 ) ) ;
#7346 = DIRECTION ( 'NONE',  ( 1.000000000000000000, 0.0000000000000000000, 3.388131789017201849E-16 ) ) ;
#7347 = EDGE_CURVE ( 'NONE', #1557, #3531, #7285, .T. ) ;
#7348 = EDGE_LOOP ( 'NONE', ( #3817, #2133, #3789, #4581 ) ) ;
#7349 = PLANE ( 'NONE',  #3307 ) ;
#7350 = UNCERTAINTY_MEASURE_WITH_UNIT (LENGTH_MEASURE( 1.000000000000000082E-05 ), #3885, 'distance_accuracy_value', 'NONE');
#7351 = LINE ( 'NONE', #1791, #6885 ) ;
#7352 = SURFACE_STYLE_FILL_AREA ( #6510 ) ;
#7353 = CARTESIAN_POINT ( 'NONE',  ( 5.399999999999996803, 0.0000000000000000000, 0.9499999999999972911 ) ) ;
#7354 = CARTESIAN_POINT ( 'NONE',  ( 0.3199999999999973976, 8.800000000000000711, 1.589999999999997415 ) ) ;
#7355 = FILL_AREA_STYLE_COLOUR ( '', #5792 ) ;
#7356 = CARTESIAN_POINT ( 'NONE',  ( -2.860000000000002540, 8.800000000000000711, 0.9499999999999971800 ) ) ;
#7357 = ORIENTED_EDGE ( 'NONE', *, *, #413, .T. ) ;
#7358 = EDGE_CURVE ( 'NONE', #2166, #4408, #7549, .T. ) ;
#7359 = ORIENTED_EDGE ( 'NONE', *, *, #9848, .F. ) ;
#7360 = LINE ( 'NONE', #225, #3630 ) ;
#7361 = UNCERTAINTY_MEASURE_WITH_UNIT (LENGTH_MEASURE( 1.000000000000000082E-05 ), #1102, 'distance_accuracy_value', 'NONE');
#7362 = FACE_BOUND ( 'NONE', #5534, .T. ) ;
#7363 = SURFACE_STYLE_FILL_AREA ( #8009 ) ;
#7364 =( NAMED_UNIT ( * ) PLANE_ANGLE_UNIT ( ) SI_UNIT ( $, .RADIAN. ) );
#7365 = CARTESIAN_POINT ( 'NONE',  ( -4.955093035426348713, -3.000000000000000000, 0.0000000000000000000 ) ) ;
#7366 = SURFACE_STYLE_USAGE ( .BOTH. , #6583 ) ;
#7367 =( GEOMETRIC_REPRESENTATION_CONTEXT ( 3 ) GLOBAL_UNCERTAINTY_ASSIGNED_CONTEXT ( ( #7250 ) ) GLOBAL_UNIT_ASSIGNED_CONTEXT ( ( #5863, #1934, #312 ) ) REPRESENTATION_CONTEXT ( 'NONE', 'WORKASPACE' ) );
#7368 = ORIENTED_EDGE ( 'NONE', *, *, #1708, .F. ) ;
#7369 = ORIENTED_EDGE ( 'NONE', *, *, #4471, .T. ) ;
#7370 = CARTESIAN_POINT ( 'NONE',  ( -2.860000000000001652, 8.371098615898084461, -1.590000000000002522 ) ) ;
#7371 = VECTOR ( 'NONE', #3191, 1000.000000000000000 ) ;
#7372 = LINE ( 'NONE', #7978, #244 ) ;
#7373 = DIRECTION ( 'NONE',  ( 1.734723475976802361E-14, 0.0000000000000000000, 1.000000000000000000 ) ) ;
#7374 = SURFACE_SIDE_STYLE ('',( #7268 ) ) ;
#7375 = DIRECTION ( 'NONE',  ( 0.0000000000000000000, -0.0000000000000000000, -1.000000000000000000 ) ) ;
#7376 = FILL_AREA_STYLE ('',( #1820 ) ) ;
#7377 = COLOUR_RGB ( '',0.9686274509803921573, 0.8784313725490195957, 0.5999999999999999778 ) ;
#7378 = EDGE_LOOP ( 'NONE', ( #5511, #4238, #10160, #332 ) ) ;
#7379 = DIRECTION ( 'NONE',  ( 0.0000000000000000000, -1.000000000000000000, 0.0000000000000000000 ) ) ;
#7380 =( GEOMETRIC_REPRESENTATION_CONTEXT ( 3 ) GLOBAL_UNCERTAINTY_ASSIGNED_CONTEXT ( ( #277 ) ) GLOBAL_UNIT_ASSIGNED_CONTEXT ( ( #2378, #3850, #8518 ) ) REPRESENTATION_CONTEXT ( 'NONE', 'WORKASPACE' ) );
#7381 = EDGE_CURVE ( 'NONE', #1560, #5196, #2048, .T. ) ;
#7382 = DIRECTION ( 'NONE',  ( -0.0000000000000000000, -0.0000000000000000000, -1.000000000000000000 ) ) ;
#7383 = ORIENTED_EDGE ( 'NONE', *, *, #5617, .T. ) ;
#7384 = EDGE_LOOP ( 'NONE', ( #9359, #2049, #6984, #7739 ) ) ;
#7385 = DIRECTION ( 'NONE',  ( 0.3892816206350230845, -0.8348171294789894503, -0.3892816206350231401 ) ) ;
#7386 = PRESENTATION_STYLE_ASSIGNMENT (( #3393 ) ) ;
#7387 = CARTESIAN_POINT ( 'NONE',  ( -0.3200000000000025602, 8.371098615898084461, 1.589999999999997193 ) ) ;
#7388 = COLOUR_RGB ( '',0.3137254901960784270, 0.3137254901960784270, 0.3137254901960784270 ) ;
#7389 = CARTESIAN_POINT ( 'NONE',  ( -8.860000000000002984, 6.199999999999999289, 1.750000000000000222 ) ) ;
#7390 = COLOUR_RGB ( '',0.9686274509803921573, 0.8784313725490195957, 0.5999999999999999778 ) ;
#7391 = STYLED_ITEM ( 'NONE', ( #9595 ), #5183 ) ;
#7392 =( NAMED_UNIT ( * ) PLANE_ANGLE_UNIT ( ) SI_UNIT ( $, .RADIAN. ) );
#7393 = COLOUR_RGB ( '',0.9686274509803921573, 0.8784313725490195957, 0.5999999999999999778 ) ;
#7394 = AXIS2_PLACEMENT_3D ( 'NONE', #3713, #9164, #8373 ) ;
#7395 = ORIENTED_EDGE ( 'NONE', *, *, #5496, .T. ) ;
#7396 = DIRECTION ( 'NONE',  ( -0.4014883995042283771, -0.8231732078530414887, -0.4014883995042278775 ) ) ;
#7397 = EDGE_CURVE ( 'NONE', #1061, #9248, #7656, .T. ) ;
#7398 = VECTOR ( 'NONE', #4221, 1000.000000000000000 ) ;
#7399 = PRESENTATION_LAYER_ASSIGNMENT (  '', '', ( #9357 ) ) ;
#7400 = EDGE_CURVE ( 'NONE', #2215, #3028, #428, .T. ) ;
#7401 = FILL_AREA_STYLE ('',( #5878 ) ) ;
#7402 = LINE ( 'NONE', #3464, #3647 ) ;
#7403 = VECTOR ( 'NONE', #2213, 1000.000000000000000 ) ;
#7404 = VERTEX_POINT ( 'NONE', #591 ) ;
#7405 = EDGE_LOOP ( 'NONE', ( #135, #6111, #4585, #5641 ) ) ;
#7406 = PLANE ( 'NONE',  #8549 ) ;
#7407 = VECTOR ( 'NONE', #551, 1000.000000000000000 ) ;
#7408 = FACE_BOUND ( 'NONE', #461, .T. ) ;
#7409 = SURFACE_STYLE_USAGE ( .BOTH. , #3319 ) ;
#7410 = DIRECTION ( 'NONE',  ( 0.0000000000000000000, -0.0000000000000000000, -1.000000000000000000 ) ) ;
#7411 =( LENGTH_UNIT ( ) NAMED_UNIT ( * ) SI_UNIT ( .MILLI., .METRE. ) );
#7412 = CARTESIAN_POINT ( 'NONE',  ( 6.123233995736772199E-17, -0.1000000000000000056, 2.699999999999999289 ) ) ;
#7413 = EDGE_CURVE ( 'NONE', #293, #7666, #536, .T. ) ;
#7414 = EDGE_CURVE ( 'NONE', #2700, #2704, #4450, .T. ) ;
#7415 = DIRECTION ( 'NONE',  ( -0.0000000000000000000, 1.000000000000000000, -0.0000000000000000000 ) ) ;
#7416 = ORIENTED_EDGE ( 'NONE', *, *, #5012, .T. ) ;
#7417 = FILL_AREA_STYLE ('',( #1075 ) ) ;
#7418 = ORIENTED_EDGE ( 'NONE', *, *, #2903, .T. ) ;
#7419 = ORIENTED_EDGE ( 'NONE', *, *, #4764, .T. ) ;
#7420 = LINE ( 'NONE', #4998, #9558 ) ;
#7421 = VECTOR ( 'NONE', #7731, 1000.000000000000000 ) ;
#7422 =( NAMED_UNIT ( * ) PLANE_ANGLE_UNIT ( ) SI_UNIT ( $, .RADIAN. ) );
#7423 =( NAMED_UNIT ( * ) PLANE_ANGLE_UNIT ( ) SI_UNIT ( $, .RADIAN. ) );
#7424 = UNCERTAINTY_MEASURE_WITH_UNIT (LENGTH_MEASURE( 1.000000000000000082E-05 ), #2450, 'distance_accuracy_value', 'NONE');
#7425 =( LENGTH_UNIT ( ) NAMED_UNIT ( * ) SI_UNIT ( .MILLI., .METRE. ) );
#7426 =( NAMED_UNIT ( * ) SI_UNIT ( $, .STERADIAN. ) SOLID_ANGLE_UNIT ( ) );
#7427 =( GEOMETRIC_REPRESENTATION_CONTEXT ( 3 ) GLOBAL_UNCERTAINTY_ASSIGNED_CONTEXT ( ( #8856 ) ) GLOBAL_UNIT_ASSIGNED_CONTEXT ( ( #2944, #5226, #1969 ) ) REPRESENTATION_CONTEXT ( 'NONE', 'WORKASPACE' ) );
#7428 = CARTESIAN_POINT ( 'NONE',  ( -2.220000000000002860, 8.800000000000000711, 0.9499999999999972911 ) ) ;
#7429 = VERTEX_POINT ( 'NONE', #6028 ) ;
#7430 = VECTOR ( 'NONE', #2714, 1000.000000000000000 ) ;
#7431 = ORIENTED_EDGE ( 'NONE', *, *, #10193, .T. ) ;
#7432 = VERTEX_POINT ( 'NONE', #9181 ) ;
#7433 =( LENGTH_UNIT ( ) NAMED_UNIT ( * ) SI_UNIT ( .MILLI., .METRE. ) );
#7434 = UNCERTAINTY_MEASURE_WITH_UNIT (LENGTH_MEASURE( 1.000000000000000082E-05 ), #6596, 'distance_accuracy_value', 'NONE');
#7435 = FILL_AREA_STYLE_COLOUR ( '', #5541 ) ;
#7436 = DIRECTION ( 'NONE',  ( 0.4924820969728085363, 0.8703225747740117590, 0.0000000000000000000 ) ) ;
#7437 = DIRECTION ( 'NONE',  ( 0.0000000000000000000, -1.000000000000000000, 0.0000000000000000000 ) ) ;
#7438 = VECTOR ( 'NONE', #5077, 1000.000000000000000 ) ;
#7439 = CARTESIAN_POINT ( 'NONE',  ( -5.400000000000002132, 0.0000000000000000000, 0.0000000000000000000 ) ) ;
#7440 =( GEOMETRIC_REPRESENTATION_CONTEXT ( 3 ) GLOBAL_UNCERTAINTY_ASSIGNED_CONTEXT ( ( #7953 ) ) GLOBAL_UNIT_ASSIGNED_CONTEXT ( ( #8324, #2763, #9166 ) ) REPRESENTATION_CONTEXT ( 'NONE', 'WORKASPACE' ) );
#7441 = MECHANICAL_DESIGN_GEOMETRIC_PRESENTATION_REPRESENTATION (  '', ( #2797 ), #6943 ) ;
#7442 = SURFACE_STYLE_USAGE ( .BOTH. , #7586 ) ;
#7443 = CARTESIAN_POINT ( 'NONE',  ( -2.220000000000001972, 0.0000000000000000000, -0.9500000000000022871 ) ) ;
#7444 = PRESENTATION_LAYER_ASSIGNMENT (  '', '', ( #3634 ) ) ;
#7445 = MECHANICAL_DESIGN_GEOMETRIC_PRESENTATION_REPRESENTATION (  '', ( #1483 ), #6624 ) ;
#7446 = VECTOR ( 'NONE', #10172, 1000.000000000000000 ) ;
#7447 =( NAMED_UNIT ( * ) PLANE_ANGLE_UNIT ( ) SI_UNIT ( $, .RADIAN. ) );
#7448 = PRESENTATION_STYLE_ASSIGNMENT (( #9322 ) ) ;
#7449 = MECHANICAL_DESIGN_GEOMETRIC_PRESENTATION_REPRESENTATION (  '', ( #3303 ), #7605 ) ;
#7450 = ADVANCED_FACE ( 'NONE', ( #2107 ), #5266, .T. ) ;
#7451 = DIRECTION ( 'NONE',  ( 1.000000000000000000, 0.0000000000000000000, 3.388131789017201849E-16 ) ) ;
#7452 =( GEOMETRIC_REPRESENTATION_CONTEXT ( 3 ) GLOBAL_UNCERTAINTY_ASSIGNED_CONTEXT ( ( #9401 ) ) GLOBAL_UNIT_ASSIGNED_CONTEXT ( ( #6464, #172, #6513 ) ) REPRESENTATION_CONTEXT ( 'NONE', 'WORKASPACE' ) );
#7453 = DIRECTION ( 'NONE',  ( -0.3892816206350230845, 0.8348171294789893393, -0.3892816206350233621 ) ) ;
#7454 = PRESENTATION_STYLE_ASSIGNMENT (( #9734 ) ) ;
#7455 = VERTEX_POINT ( 'NONE', #6303 ) ;
#7456 = DIRECTION ( 'NONE',  ( -1.000000000000000000, 0.0000000000000000000, -0.0000000000000000000 ) ) ;
#7457 = ORIENTED_EDGE ( 'NONE', *, *, #3906, .F. ) ;
#7458 = UNCERTAINTY_MEASURE_WITH_UNIT (LENGTH_MEASURE( 1.000000000000000082E-05 ), #779, 'distance_accuracy_value', 'NONE');
#7459 = DIRECTION ( 'NONE',  ( -0.9063077870366516020, 0.4226182617406961106, 0.0000000000000000000 ) ) ;
#7460 = PRESENTATION_STYLE_ASSIGNMENT (( #432 ) ) ;
#7461 = CARTESIAN_POINT ( 'NONE',  ( -2.860000000000001652, 8.800000000000000711, -0.9500000000000025091 ) ) ;
#7462 = CARTESIAN_POINT ( 'NONE',  ( 0.0000000000000000000, 9.000000000000000000, 0.0000000000000000000 ) ) ;
#7463 = FACE_OUTER_BOUND ( 'NONE', #877, .T. ) ;
#7464 = PRESENTATION_LAYER_ASSIGNMENT (  '', '', ( #2654 ) ) ;
#7465 = SURFACE_SIDE_STYLE ('',( #1963 ) ) ;
#7466 =( GEOMETRIC_REPRESENTATION_CONTEXT ( 3 ) GLOBAL_UNCERTAINTY_ASSIGNED_CONTEXT ( ( #2262 ) ) GLOBAL_UNIT_ASSIGNED_CONTEXT ( ( #2433, #10215, #8684 ) ) REPRESENTATION_CONTEXT ( 'NONE', 'WORKASPACE' ) );
#7467 = EDGE_CURVE ( 'NONE', #7926, #8131, #3888, .T. ) ;
#7468 = ORIENTED_EDGE ( 'NONE', *, *, #4185, .T. ) ;
#7469 = ORIENTED_EDGE ( 'NONE', *, *, #273, .T. ) ;
#7470 = ORIENTED_EDGE ( 'NONE', *, *, #6948, .T. ) ;
#7471 = EDGE_CURVE ( 'NONE', #8305, #9539, #6249, .T. ) ;
#7472 = DIRECTION ( 'NONE',  ( 0.0000000000000000000, 0.0000000000000000000, -1.000000000000000000 ) ) ;
#7473 = VECTOR ( 'NONE', #9517, 1000.000000000000000 ) ;
#7474 = ADVANCED_FACE ( 'NONE', ( #3659 ), #4484, .T. ) ;
#7475 = LINE ( 'NONE', #296, #914 ) ;
#7476 = DIRECTION ( 'NONE',  ( -1.000000000000000000, 0.0000000000000000000, -0.0000000000000000000 ) ) ;
#7477 = DIRECTION ( 'NONE',  ( 3.045232680045606804E-16, 0.4383711467890774038, -0.8987940462991671486 ) ) ;
#7478 = COLOUR_RGB ( '',0.9686274509803921573, 0.8784313725490195957, 0.5999999999999999778 ) ;
#7479 = DIRECTION ( 'NONE',  ( 0.0000000000000000000, 0.0000000000000000000, -1.000000000000000000 ) ) ;
#7480 = DIRECTION ( 'NONE',  ( -1.000000000000000000, 0.0000000000000000000, -3.388131789017201849E-16 ) ) ;
#7481 = VERTEX_POINT ( 'NONE', #8042 ) ;
#7482 = DIRECTION ( 'NONE',  ( 0.0000000000000000000, 0.0000000000000000000, 1.000000000000000000 ) ) ;
#7483 = CARTESIAN_POINT ( 'NONE',  ( -2.664906964573657167, -3.000000000000000000, 0.0000000000000000000 ) ) ;
#7484 = ORIENTED_EDGE ( 'NONE', *, *, #8299, .F. ) ;
#7486 = VERTEX_POINT ( 'NONE', #945 ) ;
#7485 = CARTESIAN_POINT ( 'NONE',  ( 10.16000000000000014, 1.299999999999999156, 0.9499999999999980682 ) ) ;
#7487 = LINE ( 'NONE', #5819, #8315 ) ;
#7488 = FACE_OUTER_BOUND ( 'NONE', #360, .T. ) ;
#7489 = DIRECTION ( 'NONE',  ( 0.0000000000000000000, 0.0000000000000000000, -1.000000000000000000 ) ) ;
#7490 =( NAMED_UNIT ( * ) SI_UNIT ( $, .STERADIAN. ) SOLID_ANGLE_UNIT ( ) );
#7491 = DIRECTION ( 'NONE',  ( -1.000000000000000000, 0.0000000000000000000, -3.388131789017201849E-16 ) ) ;
#7492 = FACE_OUTER_BOUND ( 'NONE', #3338, .T. ) ;
#7493 = FILL_AREA_STYLE ('',( #8976 ) ) ;
#7494 = MECHANICAL_DESIGN_GEOMETRIC_PRESENTATION_REPRESENTATION (  '', ( #1202 ), #2199 ) ;
#7495 = CARTESIAN_POINT ( 'NONE',  ( 3.463632953837271877, -1.362369035843579379, 0.3463670461627237906 ) ) ;
#7496 = CARTESIAN_POINT ( 'NONE',  ( 4.759999999999997122, 8.371098615898084461, 0.9499999999999971800 ) ) ;
#7497 = PLANE ( 'NONE',  #3827 ) ;
#7498 = CARTESIAN_POINT ( 'NONE',  ( -4.760000000000002451, 8.800000000000000711, -1.150000000000003020 ) ) ;
#7499 = CARTESIAN_POINT ( 'NONE',  ( 5.399999999999996803, 1.299999999999999156, 1.589999999999997415 ) ) ;
#7500 =( NAMED_UNIT ( * ) PLANE_ANGLE_UNIT ( ) SI_UNIT ( $, .RADIAN. ) );
#7501 = EDGE_LOOP ( 'NONE', ( #9652, #6920 ) ) ;
#7502 = EDGE_CURVE ( 'NONE', #5626, #5798, #212, .T. ) ;
#7503 = DIRECTION ( 'NONE',  ( 0.3892816206350230845, 0.8348171294789894503, 0.3892816206350232511 ) ) ;
#7504 = ORIENTED_EDGE ( 'NONE', *, *, #2404, .F. ) ;
#7505 = PRESENTATION_STYLE_ASSIGNMENT (( #4356 ) ) ;
#7506 = CARTESIAN_POINT ( 'NONE',  ( -2.220000000000001972, -2.600000000000000089, -0.9500000000000022871 ) ) ;
#7507 = SURFACE_STYLE_FILL_AREA ( #3573 ) ;
#7508 = EDGE_CURVE ( 'NONE', #8068, #7481, #265, .T. ) ;
#7509 = VERTEX_POINT ( 'NONE', #4239 ) ;
#7510 = EDGE_CURVE ( 'NONE', #79, #3895, #8978, .T. ) ;
#7511 = ORIENTED_EDGE ( 'NONE', *, *, #2576, .T. ) ;
#7512 = EDGE_LOOP ( 'NONE', ( #8585, #4333, #6273, #9706 ) ) ;
#7513 = FILL_AREA_STYLE ('',( #6689 ) ) ;
#7514 = DIRECTION ( 'NONE',  ( -0.9063077870366511579, 0.4226182617406970543, 0.0000000000000000000 ) ) ;
#7515 = SURFACE_STYLE_USAGE ( .BOTH. , #5997 ) ;
#7516 = UNCERTAINTY_MEASURE_WITH_UNIT (LENGTH_MEASURE( 1.000000000000000082E-05 ), #517, 'distance_accuracy_value', 'NONE');
#7517 = PRESENTATION_STYLE_ASSIGNMENT (( #9702 ) ) ;
#7518 = PLANE ( 'NONE',  #9260 ) ;
#7519 = EDGE_CURVE ( 'NONE', #8586, #4700, #6619, .T. ) ;
#7520 = DIRECTION ( 'NONE',  ( 0.9063077870366511579, 0.4226182617406970543, 0.0000000000000000000 ) ) ;
#7521 = ADVANCED_FACE ( 'NONE', ( #8097 ), #4194, .T. ) ;
#7522 = VERTEX_POINT ( 'NONE', #6864 ) ;
#7523 =( GEOMETRIC_REPRESENTATION_CONTEXT ( 3 ) GLOBAL_UNCERTAINTY_ASSIGNED_CONTEXT ( ( #1299 ) ) GLOBAL_UNIT_ASSIGNED_CONTEXT ( ( #5670, #7138, #7842 ) ) REPRESENTATION_CONTEXT ( 'NONE', 'WORKASPACE' ) );
#7524 = DIRECTION ( 'NONE',  ( -1.000000000000000000, -0.0000000000000000000, -0.0000000000000000000 ) ) ;
#7525 = ORIENTED_EDGE ( 'NONE', *, *, #6328, .T. ) ;
#7527 = ORIENTED_EDGE ( 'NONE', *, *, #5223, .F. ) ;
#7526 = LINE ( 'NONE', #2866, #3666 ) ;
#7528 = FILL_AREA_STYLE_COLOUR ( '', #7574 ) ;
#7529 = UNCERTAINTY_MEASURE_WITH_UNIT (LENGTH_MEASURE( 1.000000000000000082E-05 ), #189, 'distance_accuracy_value', 'NONE');
#7530 = DIRECTION ( 'NONE',  ( 1.000000000000000000, 0.0000000000000000000, 0.0000000000000000000 ) ) ;
#7531 = DIRECTION ( 'NONE',  ( 1.000000000000000000, 0.0000000000000000000, 3.388131789017201849E-16 ) ) ;
#7532 = DIRECTION ( 'NONE',  ( -1.000000000000000000, 0.0000000000000000000, -1.694065894508600925E-16 ) ) ;
#7533 = ADVANCED_FACE ( 'NONE', ( #10016 ), #7349, .T. ) ;
#7534 = EDGE_CURVE ( 'NONE', #8852, #5662, #10126, .T. ) ;
#7535 = STYLED_ITEM ( 'NONE', ( #179 ), #5686 ) ;
#7536 = VECTOR ( 'NONE', #231, 1000.000000000000000 ) ;
#7537 = PRESENTATION_LAYER_ASSIGNMENT (  '', '', ( #6207 ) ) ;
#7538 = ORIENTED_EDGE ( 'NONE', *, *, #2576, .F. ) ;
#7539 = COLOUR_RGB ( '',0.9686274509803921573, 0.8784313725490195957, 0.5999999999999999778 ) ;
#7540 = DIRECTION ( 'NONE',  ( 0.0000000000000000000, -1.000000000000000000, 0.0000000000000000000 ) ) ;
#7541 = CARTESIAN_POINT ( 'NONE',  ( 0.1199999999999977196, 8.800000000000000711, -1.590000000000002300 ) ) ;
#7542 = STYLED_ITEM ( 'NONE', ( #324 ), #802 ) ;
#7543 = CARTESIAN_POINT ( 'NONE',  ( 5.399999999999998579, 8.371098615898084461, -0.9500000000000022871 ) ) ;
#7544 = LINE ( 'NONE', #3776, #2805 ) ;
#7545 =( GEOMETRIC_REPRESENTATION_CONTEXT ( 3 ) GLOBAL_UNCERTAINTY_ASSIGNED_CONTEXT ( ( #7361 ) ) GLOBAL_UNIT_ASSIGNED_CONTEXT ( ( #1102, #6820, #2916 ) ) REPRESENTATION_CONTEXT ( 'NONE', 'WORKASPACE' ) );
#7546 = CARTESIAN_POINT ( 'NONE',  ( -10.16000000000000192, 9.000000000000000000, -4.549999999999999822 ) ) ;
#7547 = ORIENTED_EDGE ( 'NONE', *, *, #1267, .T. ) ;
#7548 = FACE_OUTER_BOUND ( 'NONE', #4286, .T. ) ;
#7549 = LINE ( 'NONE', #2931, #1144 ) ;
#7550 = ORIENTED_EDGE ( 'NONE', *, *, #1636, .T. ) ;
#7551 = UNCERTAINTY_MEASURE_WITH_UNIT (LENGTH_MEASURE( 1.000000000000000082E-05 ), #7218, 'distance_accuracy_value', 'NONE');
#7552 = PRESENTATION_LAYER_ASSIGNMENT (  '', '', ( #10204 ) ) ;
#7553 = DIRECTION ( 'NONE',  ( -1.000000000000000000, 0.0000000000000000000, -3.388131789017201849E-16 ) ) ;
#7554 = PLANE ( 'NONE',  #4399 ) ;
#7555 = CARTESIAN_POINT ( 'NONE',  ( 6.003632953837269248, -1.362369035843581377, -2.193632953837272748 ) ) ;
#7556 = EDGE_CURVE ( 'NONE', #4620, #7628, #3967, .T. ) ;
#7557 = SURFACE_STYLE_USAGE ( .BOTH. , #2218 ) ;
#7558 = PRESENTATION_LAYER_ASSIGNMENT (  '', '', ( #5894 ) ) ;
#7559 = PRESENTATION_LAYER_ASSIGNMENT (  '', '', ( #1773 ) ) ;
#7560 = FILL_AREA_STYLE ('',( #4402 ) ) ;
#7561 = ORIENTED_EDGE ( 'NONE', *, *, #6486, .F. ) ;
#7562 = AXIS2_PLACEMENT_3D ( 'NONE', #4257, #431, #278 ) ;
#7563 = EDGE_LOOP ( 'NONE', ( #198, #549, #2338, #7016 ) ) ;
#7564 = ORIENTED_EDGE ( 'NONE', *, *, #9282, .T. ) ;
#7565 = SURFACE_STYLE_FILL_AREA ( #7513 ) ;
#7566 = FILL_AREA_STYLE_COLOUR ( '', #5215 ) ;
#7567 =( NAMED_UNIT ( * ) PLANE_ANGLE_UNIT ( ) SI_UNIT ( $, .RADIAN. ) );
#7568 = AXIS2_PLACEMENT_3D ( 'NONE', #4708, #8757, #7185 ) ;
#7569 = LINE ( 'NONE', #2859, #3077 ) ;
#7570 = DIRECTION ( 'NONE',  ( 1.000000000000000000, 0.0000000000000000000, 3.388131789017201849E-16 ) ) ;
#7571 = EDGE_CURVE ( 'NONE', #8634, #1560, #6278, .T. ) ;
#7572 = CARTESIAN_POINT ( 'NONE',  ( 4.759999999999998899, 8.800000000000000711, -0.9500000000000025091 ) ) ;
#7573 = CARTESIAN_POINT ( 'NONE',  ( 2.859999999999996767, 8.800000000000000711, 1.589999999999997415 ) ) ;
#7574 = COLOUR_RGB ( '',0.3137254901960784270, 0.3137254901960784270, 0.3137254901960784270 ) ;
#7575 = ORIENTED_EDGE ( 'NONE', *, *, #7781, .T. ) ;
#7576 = EDGE_CURVE ( 'NONE', #510, #1240, #726, .T. ) ;
#7577 = SURFACE_STYLE_FILL_AREA ( #1256 ) ;
#7578 = LINE ( 'NONE', #1206, #6603 ) ;
#7579 = ORIENTED_EDGE ( 'NONE', *, *, #4565, .T. ) ;
#7581 = ORIENTED_EDGE ( 'NONE', *, *, #861, .F. ) ;
#7580 = LINE ( 'NONE', #7485, #147 ) ;
#7582 = FACE_OUTER_BOUND ( 'NONE', #7512, .T. ) ;
#7583 = DIRECTION ( 'NONE',  ( 1.000000000000000000, 0.0000000000000000000, 3.388131789017201849E-16 ) ) ;
#7584 =( NAMED_UNIT ( * ) SI_UNIT ( $, .STERADIAN. ) SOLID_ANGLE_UNIT ( ) );
#7585 = PRESENTATION_LAYER_ASSIGNMENT (  '', '', ( #4285 ) ) ;
#7586 = SURFACE_SIDE_STYLE ('',( #4437 ) ) ;
#7587 = MECHANICAL_DESIGN_GEOMETRIC_PRESENTATION_REPRESENTATION (  '', ( #4449 ), #5770 ) ;
#7588 = ORIENTED_EDGE ( 'NONE', *, *, #7502, .T. ) ;
#7589 = FILL_AREA_STYLE_COLOUR ( '', #7793 ) ;
#7590 = PLANE ( 'NONE',  #6129 ) ;
#7591 = DIRECTION ( 'NONE',  ( 0.8987940462991675927, 0.4383711467890764046, 0.0000000000000000000 ) ) ;
#7592 =( GEOMETRIC_REPRESENTATION_CONTEXT ( 3 ) GLOBAL_UNCERTAINTY_ASSIGNED_CONTEXT ( ( #10014 ) ) GLOBAL_UNIT_ASSIGNED_CONTEXT ( ( #9304, #6952, #1551 ) ) REPRESENTATION_CONTEXT ( 'NONE', 'WORKASPACE' ) );
#7593 = FILL_AREA_STYLE ('',( #3674 ) ) ;
#7594 = EDGE_CURVE ( 'NONE', #8983, #6642, #3812, .T. ) ;
#7595 = PRESENTATION_LAYER_ASSIGNMENT (  '', '', ( #9754 ) ) ;
#7596 = EDGE_CURVE ( 'NONE', #1477, #3578, #8590, .T. ) ;
#7597 = FACE_OUTER_BOUND ( 'NONE', #9521, .T. ) ;
#7598 = DIRECTION ( 'NONE',  ( -0.0000000000000000000, -1.000000000000000000, -0.0000000000000000000 ) ) ;
#7599 = DIRECTION ( 'NONE',  ( 0.0000000000000000000, 0.0000000000000000000, -1.000000000000000000 ) ) ;
#7600 = PRESENTATION_LAYER_ASSIGNMENT (  '', '', ( #1802 ) ) ;
#7601 = VECTOR ( 'NONE', #2887, 1000.000000000000000 ) ;
#7602 =( NAMED_UNIT ( * ) SI_UNIT ( $, .STERADIAN. ) SOLID_ANGLE_UNIT ( ) );
#7603 = FILL_AREA_STYLE_COLOUR ( '', #184 ) ;
#7604 = ORIENTED_EDGE ( 'NONE', *, *, #3072, .T. ) ;
#7605 =( GEOMETRIC_REPRESENTATION_CONTEXT ( 3 ) GLOBAL_UNCERTAINTY_ASSIGNED_CONTEXT ( ( #4337 ) ) GLOBAL_UNIT_ASSIGNED_CONTEXT ( ( #2346, #6279, #1613 ) ) REPRESENTATION_CONTEXT ( 'NONE', 'WORKASPACE' ) );
#7606 =( LENGTH_UNIT ( ) NAMED_UNIT ( * ) SI_UNIT ( .MILLI., .METRE. ) );
#7607 = LINE ( 'NONE', #1183, #4249 ) ;
#7608 = COLOUR_RGB ( '',0.9686274509803921573, 0.8784313725490195957, 0.5999999999999999778 ) ;
#7609 =( NAMED_UNIT ( * ) SI_UNIT ( $, .STERADIAN. ) SOLID_ANGLE_UNIT ( ) );
#7610 =( NAMED_UNIT ( * ) PLANE_ANGLE_UNIT ( ) SI_UNIT ( $, .RADIAN. ) );
#7611 = PRESENTATION_LAYER_ASSIGNMENT (  '', '', ( #7130 ) ) ;
#7612 = STYLED_ITEM ( 'NONE', ( #7777 ), #3614 ) ;
#7613 =( NAMED_UNIT ( * ) PLANE_ANGLE_UNIT ( ) SI_UNIT ( $, .RADIAN. ) );
#7614 = VERTEX_POINT ( 'NONE', #7733 ) ;
#7615 = ORIENTED_EDGE ( 'NONE', *, *, #5926, .F. ) ;
#7616 = VERTEX_POINT ( 'NONE', #6121 ) ;
#7617 = SURFACE_STYLE_USAGE ( .BOTH. , #501 ) ;
#7618 = LINE ( 'NONE', #9904, #1451 ) ;
#7619 = DIRECTION ( 'NONE',  ( -0.0000000000000000000, -1.000000000000000000, -0.0000000000000000000 ) ) ;
#7620 = DIRECTION ( 'NONE',  ( 0.0000000000000000000, -1.000000000000000000, 0.0000000000000000000 ) ) ;
#7621 =( LENGTH_UNIT ( ) NAMED_UNIT ( * ) SI_UNIT ( .MILLI., .METRE. ) );
#7622 = CARTESIAN_POINT ( 'NONE',  ( -7.500000000000000000, 0.0000000000000000000, -3.700000000000001066 ) ) ;
#7623 = UNCERTAINTY_MEASURE_WITH_UNIT (LENGTH_MEASURE( 1.000000000000000082E-05 ), #9214, 'distance_accuracy_value', 'NONE');
#7624 = PRESENTATION_LAYER_ASSIGNMENT (  '', '', ( #667 ) ) ;
#7625 = PLANE ( 'NONE',  #2976 ) ;
#7626 = DIRECTION ( 'NONE',  ( -0.0000000000000000000, 0.0000000000000000000, 1.000000000000000000 ) ) ;
#7627 = DIRECTION ( 'NONE',  ( 3.045232680045606804E-16, 0.4383711467890774038, -0.8987940462991671486 ) ) ;
#7628 = VERTEX_POINT ( 'NONE', #7072 ) ;
#7629 = FACE_OUTER_BOUND ( 'NONE', #190, .T. ) ;
#7630 = ORIENTED_EDGE ( 'NONE', *, *, #897, .T. ) ;
#7631 = ORIENTED_EDGE ( 'NONE', *, *, #10193, .F. ) ;
#7632 = SURFACE_STYLE_USAGE ( .BOTH. , #5241 ) ;
#7633 = VECTOR ( 'NONE', #1446, 1000.000000000000000 ) ;
#7634 = UNCERTAINTY_MEASURE_WITH_UNIT (LENGTH_MEASURE( 1.000000000000000082E-05 ), #4308, 'distance_accuracy_value', 'NONE');
#7635 = FILL_AREA_STYLE ('',( #6009 ) ) ;
#7636 = SURFACE_SIDE_STYLE ('',( #3660 ) ) ;
#7637 = ADVANCED_FACE ( 'NONE', ( #3021 ), #1420, .T. ) ;
#7638 =( LENGTH_UNIT ( ) NAMED_UNIT ( * ) SI_UNIT ( .MILLI., .METRE. ) );
#7639 = CARTESIAN_POINT ( 'NONE',  ( -0.3200000000000017275, 8.800000000000000711, -1.590000000000002522 ) ) ;
#7640 = VECTOR ( 'NONE', #6930, 1000.000000000000000 ) ;
#7641 = ORIENTED_EDGE ( 'NONE', *, *, #6960, .T. ) ;
#7642 = SURFACE_STYLE_FILL_AREA ( #3608 ) ;
#7643 = SURFACE_SIDE_STYLE ('',( #8238 ) ) ;
#7644 = VERTEX_POINT ( 'NONE', #3135 ) ;
#7645 = FILL_AREA_STYLE_COLOUR ( '', #9496 ) ;
#7646 = DIRECTION ( 'NONE',  ( 0.0000000000000000000, 1.000000000000000000, 0.0000000000000000000 ) ) ;
#7647 = VECTOR ( 'NONE', #7503, 1000.000000000000227 ) ;
#7648 = SURFACE_STYLE_FILL_AREA ( #9174 ) ;
#7649 = EDGE_CURVE ( 'NONE', #4650, #510, #7131, .T. ) ;
#7650 = FILL_AREA_STYLE_COLOUR ( '', #3026 ) ;
#7651 = CARTESIAN_POINT ( 'NONE',  ( 10.15999999999999837, 6.199999999999999289, 1.750000000000000000 ) ) ;
#7652 = PRESENTATION_STYLE_ASSIGNMENT (( #1223 ) ) ;
#7653 = ADVANCED_FACE ( 'NONE', ( #1619 ), #4030, .F. ) ;
#7654 = COLOUR_RGB ( '',0.3137254901960784270, 0.3137254901960784270, 0.3137254901960784270 ) ;
#7655 = FACE_OUTER_BOUND ( 'NONE', #4633, .T. ) ;
#7656 = LINE ( 'NONE', #8337, #4978 ) ;
#7657 = EDGE_LOOP ( 'NONE', ( #8891, #7631, #4481, #3804 ) ) ;
#7658 = UNCERTAINTY_MEASURE_WITH_UNIT (LENGTH_MEASURE( 1.000000000000000082E-05 ), #8805, 'distance_accuracy_value', 'NONE');
#7659 = PLANE ( 'NONE',  #3078 ) ;
#7660 =( NAMED_UNIT ( * ) SI_UNIT ( $, .STERADIAN. ) SOLID_ANGLE_UNIT ( ) );
#7661 = PRESENTATION_STYLE_ASSIGNMENT (( #433 ) ) ;
#7662 = FACE_OUTER_BOUND ( 'NONE', #513, .T. ) ;
#7663 = DIRECTION ( 'NONE',  ( 0.0000000000000000000, 0.0000000000000000000, -1.000000000000000000 ) ) ;
#7664 = ADVANCED_FACE ( 'NONE', ( #5354 ), #839, .F. ) ;
#7665 = PRESENTATION_LAYER_ASSIGNMENT (  '', '', ( #2870 ) ) ;
#7666 = VERTEX_POINT ( 'NONE', #9440 ) ;
#7667 = DIRECTION ( 'NONE',  ( -1.000000000000000000, 0.0000000000000000000, -3.388131789017201849E-16 ) ) ;
#7668 = ORIENTED_EDGE ( 'NONE', *, *, #9719, .T. ) ;
#7669 = EDGE_LOOP ( 'NONE', ( #4662, #7983, #4461, #46 ) ) ;
#7670 = SURFACE_SIDE_STYLE ('',( #5486 ) ) ;
#7671 = FILL_AREA_STYLE_COLOUR ( '', #572 ) ;
#7672 = LINE ( 'NONE', #6904, #5874 ) ;
#7673 = DIRECTION ( 'NONE',  ( -1.000000000000000000, 0.0000000000000000000, -3.388131789017201849E-16 ) ) ;
#7674 = LINE ( 'NONE', #2069, #1322 ) ;
#7675 = PRESENTATION_STYLE_ASSIGNMENT (( #9908 ) ) ;
#7676 = SURFACE_SIDE_STYLE ('',( #8419 ) ) ;
#7677 = ORIENTED_EDGE ( 'NONE', *, *, #10104, .T. ) ;
#7678 = FILL_AREA_STYLE ('',( #2957 ) ) ;
#7679 =( NAMED_UNIT ( * ) SI_UNIT ( $, .STERADIAN. ) SOLID_ANGLE_UNIT ( ) );
#7680 = ORIENTED_EDGE ( 'NONE', *, *, #1767, .T. ) ;
#7681 = ORIENTED_EDGE ( 'NONE', *, *, #735, .F. ) ;
#7682 = CARTESIAN_POINT ( 'NONE',  ( 2.249999999999998668, 9.000000000000000000, 3.799999999999996714 ) ) ;
#7683 = FILL_AREA_STYLE ('',( #4539 ) ) ;
#7684 = DIRECTION ( 'NONE',  ( 0.0000000000000000000, -1.000000000000000000, 0.0000000000000000000 ) ) ;
#7685 = SURFACE_STYLE_USAGE ( .BOTH. , #2145 ) ;
#7686 = ORIENTED_EDGE ( 'NONE', *, *, #8078, .T. ) ;
#7687 = PRESENTATION_STYLE_ASSIGNMENT (( #5973 ) ) ;
#7688 = CARTESIAN_POINT ( 'NONE',  ( -8.860000000000002984, 0.0000000000000000000, 1.750000000000000888 ) ) ;
#7689 = DIRECTION ( 'NONE',  ( -0.3892816206350231401, -0.8348171294789894503, 0.3892816206350231956 ) ) ;
#7690 = ORIENTED_EDGE ( 'NONE', *, *, #7649, .F. ) ;
#7691 = SURFACE_STYLE_FILL_AREA ( #1381 ) ;
#7692 = DIRECTION ( 'NONE',  ( 0.0000000000000000000, 0.0000000000000000000, -1.000000000000000000 ) ) ;
#7693 = STYLED_ITEM ( 'NONE', ( #8900 ), #269 ) ;
#7694 = CARTESIAN_POINT ( 'NONE',  ( -2.220000000000002860, 1.299999999999999156, 1.589999999999997415 ) ) ;
#7695 =( NAMED_UNIT ( * ) SI_UNIT ( $, .STERADIAN. ) SOLID_ANGLE_UNIT ( ) );
#7696 = CARTESIAN_POINT ( 'NONE',  ( -8.860000000000002984, 0.0000000000000000000, -1.649999999999999245 ) ) ;
#7697 = DIRECTION ( 'NONE',  ( -3.070690223892710032E-16, 0.4226182617406969988, 0.9063077870366511579 ) ) ;
#7698 = CARTESIAN_POINT ( 'NONE',  ( -0.3200000000000017275, 8.800000000000000711, -1.590000000000002522 ) ) ;
#7699 = ADVANCED_FACE ( 'NONE', ( #2243 ), #9274, .T. ) ;
#7700 = CARTESIAN_POINT ( 'NONE',  ( -10.16000000000000014, 9.000000000000000000, 4.549999999999999822 ) ) ;
#7701 = EDGE_LOOP ( 'NONE', ( #4006, #6117, #6725, #1597, #3249, #9275, #3005, #2230 ) ) ;
#7702 = SURFACE_STYLE_USAGE ( .BOTH. , #4665 ) ;
#7703 =( LENGTH_UNIT ( ) NAMED_UNIT ( * ) SI_UNIT ( .MILLI., .METRE. ) );
#7704 = FILL_AREA_STYLE_COLOUR ( '', #5142 ) ;
#7705 = CARTESIAN_POINT ( 'NONE',  ( 2.219999999999997531, 0.0000000000000000000, -0.9500000000000025091 ) ) ;
#7706 = CARTESIAN_POINT ( 'NONE',  ( -5.204906964573656758, -3.000000000000000000, 0.0000000000000000000 ) ) ;
#7707 = EDGE_CURVE ( 'NONE', #2437, #152, #9705, .T. ) ;
#7708 = PRESENTATION_LAYER_ASSIGNMENT (  '', '', ( #1912 ) ) ;
#7709 = DIRECTION ( 'NONE',  ( 0.0000000000000000000, 0.0000000000000000000, 1.000000000000000000 ) ) ;
#7710 = AXIS2_PLACEMENT_3D ( 'NONE', #1879, #9657, #7489 ) ;
#7711 =( NAMED_UNIT ( * ) PLANE_ANGLE_UNIT ( ) SI_UNIT ( $, .RADIAN. ) );
#7712 = VECTOR ( 'NONE', #6410, 1000.000000000000000 ) ;
#7713 = ORIENTED_EDGE ( 'NONE', *, *, #6022, .T. ) ;
#7714 = ORIENTED_EDGE ( 'NONE', *, *, #2201, .T. ) ;
#7715 = ORIENTED_EDGE ( 'NONE', *, *, #543, .T. ) ;
#7716 = DIRECTION ( 'NONE',  ( 0.0000000000000000000, 0.0000000000000000000, 1.000000000000000000 ) ) ;
#7717 = DIRECTION ( 'NONE',  ( 1.000000000000000000, 0.0000000000000000000, 3.388131789017201849E-16 ) ) ;
#7718 = DIRECTION ( 'NONE',  ( -0.4014883995042277109, 0.8231732078530417107, -0.4014883995042278220 ) ) ;
#7719 = UNCERTAINTY_MEASURE_WITH_UNIT (LENGTH_MEASURE( 1.000000000000000082E-05 ), #8903, 'distance_accuracy_value', 'NONE');
#7720 = ADVANCED_FACE ( 'NONE', ( #4950 ), #2653, .F. ) ;
#7721 = LINE ( 'NONE', #4529, #2255 ) ;
#7722 = DIRECTION ( 'NONE',  ( 0.0000000000000000000, 0.0000000000000000000, -1.000000000000000000 ) ) ;
#7723 = EDGE_CURVE ( 'NONE', #8107, #775, #3665, .T. ) ;
#7724 = COLOUR_RGB ( '',0.9686274509803921573, 0.8784313725490195957, 0.5999999999999999778 ) ;
#7725 = ORIENTED_EDGE ( 'NONE', *, *, #36, .F. ) ;
#7726 = CARTESIAN_POINT ( 'NONE',  ( -0.1249069645736580747, -3.000000000000000000, 0.0000000000000000000 ) ) ;
#7727 = FILL_AREA_STYLE_COLOUR ( '', #9756 ) ;
#7728 = VERTEX_POINT ( 'NONE', #5049 ) ;
#7730 = ORIENTED_EDGE ( 'NONE', *, *, #3107, .F. ) ;
#7729 = PRESENTATION_STYLE_ASSIGNMENT (( #7876 ) ) ;
#7731 = DIRECTION ( 'NONE',  ( 0.0000000000000000000, 0.0000000000000000000, -1.000000000000000000 ) ) ;
#7732 = UNCERTAINTY_MEASURE_WITH_UNIT (LENGTH_MEASURE( 1.000000000000000082E-05 ), #4736, 'distance_accuracy_value', 'NONE');
#7733 = CARTESIAN_POINT ( 'NONE',  ( 10.16000000000000014, 0.0000000000000000000, 4.549999999999999822 ) ) ;
#7734 =( NAMED_UNIT ( * ) PLANE_ANGLE_UNIT ( ) SI_UNIT ( $, .RADIAN. ) );
#7735 = SURFACE_STYLE_USAGE ( .BOTH. , #4590 ) ;
#7737 = MECHANICAL_DESIGN_GEOMETRIC_PRESENTATION_REPRESENTATION (  '', ( #3604 ), #5247 ) ;
#7736 =( NAMED_UNIT ( * ) SI_UNIT ( $, .STERADIAN. ) SOLID_ANGLE_UNIT ( ) );
#7738 = PRESENTATION_LAYER_ASSIGNMENT (  '', '', ( #8874 ) ) ;
#7739 = ORIENTED_EDGE ( 'NONE', *, *, #5531, .F. ) ;
#7740 = PRESENTATION_STYLE_ASSIGNMENT (( #9485 ) ) ;
#7741 = STYLED_ITEM ( 'NONE', ( #1590 ), #6636 ) ;
#7742 = PLANE ( 'NONE',  #6427 ) ;
#7743 = ORIENTED_EDGE ( 'NONE', *, *, #7508, .F. ) ;
#7744 =( LENGTH_UNIT ( ) NAMED_UNIT ( * ) SI_UNIT ( .MILLI., .METRE. ) );
#7745 =( LENGTH_UNIT ( ) NAMED_UNIT ( * ) SI_UNIT ( .MILLI., .METRE. ) );
#7746 = AXIS2_PLACEMENT_3D ( 'NONE', #9640, #5761, #4319 ) ;
#7747 = SURFACE_STYLE_USAGE ( .BOTH. , #9284 ) ;
#7748 = CARTESIAN_POINT ( 'NONE',  ( 8.150000000000002132, 0.0000000000000000000, -4.450000000000000178 ) ) ;
#7749 = STYLED_ITEM ( 'NONE', ( #6038 ), #6780 ) ;
#7750 = PLANE ( 'NONE',  #10144 ) ;
#7751 =( NAMED_UNIT ( * ) SI_UNIT ( $, .STERADIAN. ) SOLID_ANGLE_UNIT ( ) );
#7752 =( LENGTH_UNIT ( ) NAMED_UNIT ( * ) SI_UNIT ( .MILLI., .METRE. ) );
#7753 =( GEOMETRIC_REPRESENTATION_CONTEXT ( 3 ) GLOBAL_UNCERTAINTY_ASSIGNED_CONTEXT ( ( #5860 ) ) GLOBAL_UNIT_ASSIGNED_CONTEXT ( ( #3261, #2535, #4985 ) ) REPRESENTATION_CONTEXT ( 'NONE', 'WORKASPACE' ) );
#7754 = SURFACE_STYLE_FILL_AREA ( #9179 ) ;
#7755 = STYLED_ITEM ( 'NONE', ( #3591 ), #7813 ) ;
#7756 = MECHANICAL_DESIGN_GEOMETRIC_PRESENTATION_REPRESENTATION (  '', ( #7908 ), #966 ) ;
#7757 = PRESENTATION_STYLE_ASSIGNMENT (( #1438 ) ) ;
#7758 =( NAMED_UNIT ( * ) PLANE_ANGLE_UNIT ( ) SI_UNIT ( $, .RADIAN. ) );
#7759 = ORIENTED_EDGE ( 'NONE', *, *, #6256, .T. ) ;
#7760 = UNCERTAINTY_MEASURE_WITH_UNIT (LENGTH_MEASURE( 1.000000000000000082E-05 ), #10033, 'distance_accuracy_value', 'NONE');
#7761 = PRESENTATION_STYLE_ASSIGNMENT (( #595 ) ) ;
#7762 = EDGE_CURVE ( 'NONE', #1152, #8253, #1035, .T. ) ;
#7763 = FILL_AREA_STYLE_COLOUR ( '', #1170 ) ;
#7764 =( GEOMETRIC_REPRESENTATION_CONTEXT ( 3 ) GLOBAL_UNCERTAINTY_ASSIGNED_CONTEXT ( ( #8227 ) ) GLOBAL_UNIT_ASSIGNED_CONTEXT ( ( #7745, #3718, #884 ) ) REPRESENTATION_CONTEXT ( 'NONE', 'WORKASPACE' ) );
#7765 = DIRECTION ( 'NONE',  ( -1.000000000000000000, -0.0000000000000000000, -0.0000000000000000000 ) ) ;
#7766 = PRESENTATION_STYLE_ASSIGNMENT (( #8719 ) ) ;
#7767 =( LENGTH_UNIT ( ) NAMED_UNIT ( * ) SI_UNIT ( .MILLI., .METRE. ) );
#7768 = STYLED_ITEM ( 'NONE', ( #4420 ), #7844 ) ;
#7769 = CARTESIAN_POINT ( 'NONE',  ( -0.3200000000000025602, 0.0000000000000000000, 1.589999999999997193 ) ) ;
#7770 = VECTOR ( 'NONE', #3503, 1000.000000000000000 ) ;
#7771 = SURFACE_STYLE_FILL_AREA ( #2409 ) ;
#7772 = ORIENTED_EDGE ( 'NONE', *, *, #9476, .T. ) ;
#7773 = ORIENTED_EDGE ( 'NONE', *, *, #7209, .F. ) ;
#7774 = ORIENTED_EDGE ( 'NONE', *, *, #6512, .F. ) ;
#7775 = DIRECTION ( 'NONE',  ( 0.0000000000000000000, 0.0000000000000000000, 1.000000000000000000 ) ) ;
#7776 = LINE ( 'NONE', #6101, #7407 ) ;
#7777 = PRESENTATION_STYLE_ASSIGNMENT (( #7965 ) ) ;
#7778 = SURFACE_STYLE_USAGE ( .BOTH. , #10164 ) ;
#7779 = DIRECTION ( 'NONE',  ( -3.070690223892709539E-16, 0.4226182617406972208, 0.9063077870366510469 ) ) ;
#7780 =( GEOMETRIC_REPRESENTATION_CONTEXT ( 3 ) GLOBAL_UNCERTAINTY_ASSIGNED_CONTEXT ( ( #3811 ) ) GLOBAL_UNIT_ASSIGNED_CONTEXT ( ( #4920, #3357, #6460 ) ) REPRESENTATION_CONTEXT ( 'NONE', 'WORKASPACE' ) );
#7781 = EDGE_CURVE ( 'NONE', #248, #988, #8171, .T. ) ;
#7782 = FILL_AREA_STYLE ('',( #9259 ) ) ;
#7783 = AXIS2_PLACEMENT_3D ( 'NONE', #2772, #7697, #1334 ) ;
#7784 = AXIS2_PLACEMENT_3D ( 'NONE', #8026, #8908, #1089 ) ;
#7785 = ORIENTED_EDGE ( 'NONE', *, *, #1935, .F. ) ;
#7786 = ADVANCED_FACE ( 'NONE', ( #5005 ), #9646, .F. ) ;
#7787 = SURFACE_STYLE_USAGE ( .BOTH. , #8526 ) ;
#7788 = VERTEX_POINT ( 'NONE', #1975 ) ;
#7790 = ORIENTED_EDGE ( 'NONE', *, *, #4624, .F. ) ;
#7789 = SURFACE_SIDE_STYLE ('',( #2339 ) ) ;
#7791 = VECTOR ( 'NONE', #1342, 1000.000000000000000 ) ;
#7792 = DIRECTION ( 'NONE',  ( 1.000000000000000000, 0.0000000000000000000, 3.388131789017201849E-16 ) ) ;
#7793 = COLOUR_RGB ( '',0.9686274509803921573, 0.8784313725490195957, 0.5999999999999999778 ) ;
#7794 =( NAMED_UNIT ( * ) PLANE_ANGLE_UNIT ( ) SI_UNIT ( $, .RADIAN. ) );
#7795 = EDGE_LOOP ( 'NONE', ( #8314, #6617, #3441, #188 ) ) ;
#7796 = SURFACE_SIDE_STYLE ('',( #8645 ) ) ;
#7797 = LINE ( 'NONE', #6180, #906 ) ;
#7798 = CARTESIAN_POINT ( 'NONE',  ( -5.400000000000002132, 8.800000000000000711, -1.590000000000002522 ) ) ;
#7799 = ORIENTED_EDGE ( 'NONE', *, *, #8178, .T. ) ;
#7800 = CARTESIAN_POINT ( 'NONE',  ( -0.3200000000000025602, 8.800000000000000711, 1.589999999999997193 ) ) ;
#7801 = DIRECTION ( 'NONE',  ( 1.000000000000000000, 0.0000000000000000000, 3.388131789017201849E-16 ) ) ;
#7802 = CARTESIAN_POINT ( 'NONE',  ( 2.859999999999996767, -2.600000000000000089, 1.589999999999997415 ) ) ;
#7803 =( LENGTH_UNIT ( ) NAMED_UNIT ( * ) SI_UNIT ( .MILLI., .METRE. ) );
#7804 = VECTOR ( 'NONE', #2044, 1000.000000000000000 ) ;
#7805 = DIRECTION ( 'NONE',  ( 0.0000000000000000000, 0.0000000000000000000, -1.000000000000000000 ) ) ;
#7806 = ORIENTED_EDGE ( 'NONE', *, *, #7968, .T. ) ;
#7807 =( LENGTH_UNIT ( ) NAMED_UNIT ( * ) SI_UNIT ( .MILLI., .METRE. ) );
#7808 = FILL_AREA_STYLE_COLOUR ( '', #7539 ) ;
#7809 = DIRECTION ( 'NONE',  ( -0.0000000000000000000, 1.000000000000000000, -0.0000000000000000000 ) ) ;
#7810 = VECTOR ( 'NONE', #6406, 1000.000000000000000 ) ;
#7811 = SURFACE_SIDE_STYLE ('',( #2475 ) ) ;
#7812 =( NAMED_UNIT ( * ) PLANE_ANGLE_UNIT ( ) SI_UNIT ( $, .RADIAN. ) );
#7813 = ADVANCED_FACE ( 'NONE', ( #1358 ), #2132, .T. ) ;
#7814 = ORIENTED_EDGE ( 'NONE', *, *, #1765, .F. ) ;
#7815 = FILL_AREA_STYLE_COLOUR ( '', #6089 ) ;
#7816 = ORIENTED_EDGE ( 'NONE', *, *, #9093, .F. ) ;
#7817 = DIRECTION ( 'NONE',  ( 0.0000000000000000000, -0.0000000000000000000, -1.000000000000000000 ) ) ;
#7818 =( GEOMETRIC_REPRESENTATION_CONTEXT ( 3 ) GLOBAL_UNCERTAINTY_ASSIGNED_CONTEXT ( ( #7151 ) ) GLOBAL_UNIT_ASSIGNED_CONTEXT ( ( #7188, #6751, #9598 ) ) REPRESENTATION_CONTEXT ( 'NONE', 'WORKASPACE' ) );
#7819 = DIRECTION ( 'NONE',  ( -1.000000000000000000, 0.0000000000000000000, -3.388131789017201849E-16 ) ) ;
#7820 = PRESENTATION_LAYER_ASSIGNMENT (  '', '', ( #2023 ) ) ;
#7821 = LINE ( 'NONE', #8677, #1739 ) ;
#7822 = SURFACE_SIDE_STYLE ('',( #10211 ) ) ;
#7823 = UNCERTAINTY_MEASURE_WITH_UNIT (LENGTH_MEASURE( 1.000000000000000082E-05 ), #9763, 'distance_accuracy_value', 'NONE');
#7824 = CARTESIAN_POINT ( 'NONE',  ( 5.399999999999998579, 8.800000000000000711, -0.9500000000000022871 ) ) ;
#7825 = CARTESIAN_POINT ( 'NONE',  ( -4.760000000000002451, 1.299999999999999156, -0.9500000000000022871 ) ) ;
#7826 = ORIENTED_EDGE ( 'NONE', *, *, #1387, .T. ) ;
#7827 = ORIENTED_EDGE ( 'NONE', *, *, #5223, .T. ) ;
#7828 = ORIENTED_EDGE ( 'NONE', *, *, #5531, .T. ) ;
#7829 = LINE ( 'NONE', #1914, #795 ) ;
#7830 = EDGE_CURVE ( 'NONE', #1452, #5460, #3701, .T. ) ;
#7831 = UNCERTAINTY_MEASURE_WITH_UNIT (LENGTH_MEASURE( 1.000000000000000082E-05 ), #4716, 'distance_accuracy_value', 'NONE');
#7832 = PLANE ( 'NONE',  #1981 ) ;
#7833 =( NAMED_UNIT ( * ) PLANE_ANGLE_UNIT ( ) SI_UNIT ( $, .RADIAN. ) );
#7834 = SURFACE_STYLE_USAGE ( .BOTH. , #8747 ) ;
#7835 = DIRECTION ( 'NONE',  ( 0.3892816206350231401, -0.8348171294789895613, -0.3892816206350228625 ) ) ;
#7836 = EDGE_CURVE ( 'NONE', #5297, #1403, #9910, .T. ) ;
#7837 = ORIENTED_EDGE ( 'NONE', *, *, #206, .F. ) ;
#7838 = SURFACE_STYLE_USAGE ( .BOTH. , #2203 ) ;
#7839 = EDGE_LOOP ( 'NONE', ( #9750, #7909, #7028, #10134 ) ) ;
#7840 = CARTESIAN_POINT ( 'NONE',  ( -8.150000000000000355, 9.000000000000000000, -4.549999999999999822 ) ) ;
#7841 = DIRECTION ( 'NONE',  ( -0.0000000000000000000, -0.0000000000000000000, -1.000000000000000000 ) ) ;
#7842 =( NAMED_UNIT ( * ) SI_UNIT ( $, .STERADIAN. ) SOLID_ANGLE_UNIT ( ) );
#7843 = LINE ( 'NONE', #7140, #4300 ) ;
#7844 = ADVANCED_FACE ( 'NONE', ( #5236 ), #9051, .F. ) ;
#7845 = DIRECTION ( 'NONE',  ( 1.000000000000000000, 0.0000000000000000000, -0.0000000000000000000 ) ) ;
#7846 = ADVANCED_FACE ( 'NONE', ( #6858 ), #2909, .T. ) ;
#7847 = FILL_AREA_STYLE_COLOUR ( '', #3194 ) ;
#7848 = LINE ( 'NONE', #4039, #4845 ) ;
#7849 =( GEOMETRIC_REPRESENTATION_CONTEXT ( 3 ) GLOBAL_UNCERTAINTY_ASSIGNED_CONTEXT ( ( #556 ) ) GLOBAL_UNIT_ASSIGNED_CONTEXT ( ( #3340, #1982, #8857 ) ) REPRESENTATION_CONTEXT ( 'NONE', 'WORKASPACE' ) );
#7850 = DIRECTION ( 'NONE',  ( 0.0000000000000000000, 0.0000000000000000000, -1.000000000000000000 ) ) ;
#7851 = VERTEX_POINT ( 'NONE', #7292 ) ;
#7852 = UNCERTAINTY_MEASURE_WITH_UNIT (LENGTH_MEASURE( 1.000000000000000082E-05 ), #388, 'distance_accuracy_value', 'NONE');
#7853 = VECTOR ( 'NONE', #4066, 1000.000000000000000 ) ;
#7854 = DIRECTION ( 'NONE',  ( 0.4014883995042269338, 0.8231732078530420438, 0.4014883995042280995 ) ) ;
#7855 = COLOUR_RGB ( '',0.3137254901960784270, 0.3137254901960784270, 0.3137254901960784270 ) ;
#7856 = PRESENTATION_STYLE_ASSIGNMENT (( #18 ) ) ;
#7857 = VECTOR ( 'NONE', #3582, 1000.000000000000000 ) ;
#7858 = ORIENTED_EDGE ( 'NONE', *, *, #2767, .F. ) ;
#7859 = ORIENTED_EDGE ( 'NONE', *, *, #5739, .T. ) ;
#7860 = DIRECTION ( 'NONE',  ( -0.0000000000000000000, -1.000000000000000000, -0.0000000000000000000 ) ) ;
#7861 = AXIS2_PLACEMENT_3D ( 'NONE', #178, #8986, #2631 ) ;
#7862 = PRESENTATION_STYLE_ASSIGNMENT (( #9467 ) ) ;
#7863 = PLANE ( 'NONE',  #4580 ) ;
#7864 = DIRECTION ( 'NONE',  ( 1.000000000000000000, 0.0000000000000000000, 3.388131789017201849E-16 ) ) ;
#7865 =( NAMED_UNIT ( * ) SI_UNIT ( $, .STERADIAN. ) SOLID_ANGLE_UNIT ( ) );
#7866 = FACE_OUTER_BOUND ( 'NONE', #4480, .T. ) ;
#7867 = LINE ( 'NONE', #8681, #6113 ) ;
#7868 = VECTOR ( 'NONE', #6446, 1000.000000000000000 ) ;
#7869 = ADVANCED_FACE ( 'NONE', ( #5062 ), #8806, .T. ) ;
#7870 =( GEOMETRIC_REPRESENTATION_CONTEXT ( 3 ) GLOBAL_UNCERTAINTY_ASSIGNED_CONTEXT ( ( #5775 ) ) GLOBAL_UNIT_ASSIGNED_CONTEXT ( ( #8491, #6443, #4709 ) ) REPRESENTATION_CONTEXT ( 'NONE', 'WORKASPACE' ) );
#7871 = FILL_AREA_STYLE ('',( #3268 ) ) ;
#7872 = LINE ( 'NONE', #720, #3815 ) ;
#7873 = CIRCLE ( 'NONE', #3419, 0.5000000000000008882 ) ;
#7874 = ORIENTED_EDGE ( 'NONE', *, *, #2744, .F. ) ;
#7875 = ORIENTED_EDGE ( 'NONE', *, *, #2498, .F. ) ;
#7877 = ORIENTED_EDGE ( 'NONE', *, *, #1033, .T. ) ;
#7876 = SURFACE_STYLE_USAGE ( .BOTH. , #7789 ) ;
#7878 = DIRECTION ( 'NONE',  ( -1.000000000000000000, 0.0000000000000000000, -0.0000000000000000000 ) ) ;
#7879 = STYLED_ITEM ( 'NONE', ( #1826 ), #1568 ) ;
#7880 = CARTESIAN_POINT ( 'NONE',  ( 7.500000000000000000, -0.1000000000000000056, -3.200000000000000178 ) ) ;
#7881 = CARTESIAN_POINT ( 'NONE',  ( -8.150000000000000355, 0.0000000000000000000, -4.450000000000000178 ) ) ;
#7882 = EDGE_CURVE ( 'NONE', #8634, #6043, #6553, .T. ) ;
#7883 = MECHANICAL_DESIGN_GEOMETRIC_PRESENTATION_REPRESENTATION (  '', ( #8344 ), #256 ) ;
#7884 = ORIENTED_EDGE ( 'NONE', *, *, #9282, .F. ) ;
#7885 =( LENGTH_UNIT ( ) NAMED_UNIT ( * ) SI_UNIT ( .MILLI., .METRE. ) );
#7886 = ORIENTED_EDGE ( 'NONE', *, *, #1821, .T. ) ;
#7887 =( NAMED_UNIT ( * ) PLANE_ANGLE_UNIT ( ) SI_UNIT ( $, .RADIAN. ) );
#7888 = PRESENTATION_STYLE_ASSIGNMENT (( #7083 ) ) ;
#7889 = ORIENTED_EDGE ( 'NONE', *, *, #5677, .T. ) ;
#7890 = VECTOR ( 'NONE', #10162, 1000.000000000000000 ) ;
#7891 = LINE ( 'NONE', #3935, #5365 ) ;
#7892 = SURFACE_SIDE_STYLE ('',( #9448 ) ) ;
#7893 = FILL_AREA_STYLE ('',( #8605 ) ) ;
#7894 = COLOUR_RGB ( '',0.9686274509803921573, 0.8784313725490195957, 0.5999999999999999778 ) ;
#7895 = EDGE_CURVE ( 'NONE', #3895, #6696, #1731, .T. ) ;
#7896 = PRESENTATION_LAYER_ASSIGNMENT (  '', '', ( #2109 ) ) ;
#7897 = DIRECTION ( 'NONE',  ( 0.0000000000000000000, 0.0000000000000000000, 1.000000000000000000 ) ) ;
#7898 = DIRECTION ( 'NONE',  ( -0.0000000000000000000, 1.000000000000000000, -0.0000000000000000000 ) ) ;
#7899 = ADVANCED_FACE ( 'NONE', ( #1001 ), #888, .T. ) ;
#7900 = FILL_AREA_STYLE_COLOUR ( '', #7724 ) ;
#7901 = EDGE_CURVE ( 'NONE', #3871, #3964, #8142, .T. ) ;
#7902 = CARTESIAN_POINT ( 'NONE',  ( -6.015304598860760521, 7.922709448335786497, 4.549999999999999822 ) ) ;
#7903 = VERTEX_POINT ( 'NONE', #5825 ) ;
#7904 = STYLED_ITEM ( 'NONE', ( #8714 ), #6824 ) ;
#7905 = DIRECTION ( 'NONE',  ( 0.0000000000000000000, 0.0000000000000000000, 1.000000000000000000 ) ) ;
#7906 = CARTESIAN_POINT ( 'NONE',  ( 6.123233995736772199E-17, -0.1000000000000000056, -3.700000000000001066 ) ) ;
#7907 = STYLED_ITEM ( 'NONE', ( #9997 ), #2809 ) ;
#7908 = STYLED_ITEM ( 'NONE', ( #2657 ), #7103 ) ;
#7909 = ORIENTED_EDGE ( 'NONE', *, *, #6127, .F. ) ;
#7910 = FACE_OUTER_BOUND ( 'NONE', #5225, .T. ) ;
#7911 = ORIENTED_EDGE ( 'NONE', *, *, #92, .F. ) ;
#7912 = DIRECTION ( 'NONE',  ( -0.4014883995042277109, -0.8231732078530420438, 0.4014883995042273779 ) ) ;
#7913 = VECTOR ( 'NONE', #2578, 1000.000000000000114 ) ;
#7914 = DIRECTION ( 'NONE',  ( -1.000000000000000000, 0.0000000000000000000, -3.388131789017201849E-16 ) ) ;
#7915 = DIRECTION ( 'NONE',  ( 0.0000000000000000000, -1.000000000000000000, 0.0000000000000000000 ) ) ;
#7916 = CARTESIAN_POINT ( 'NONE',  ( -2.660000000000001474, 8.800000000000000711, -1.390000000000002123 ) ) ;
#7917 = FACE_OUTER_BOUND ( 'NONE', #4451, .T. ) ;
#7918 = UNCERTAINTY_MEASURE_WITH_UNIT (LENGTH_MEASURE( 1.000000000000000082E-05 ), #1108, 'distance_accuracy_value', 'NONE');
#7919 = VECTOR ( 'NONE', #3668, 1000.000000000000000 ) ;
#7920 =( LENGTH_UNIT ( ) NAMED_UNIT ( * ) SI_UNIT ( .MILLI., .METRE. ) );
#7921 = LINE ( 'NONE', #6211, #6961 ) ;
#7922 = DIRECTION ( 'NONE',  ( 0.0000000000000000000, 0.0000000000000000000, 1.000000000000000000 ) ) ;
#7923 =( NAMED_UNIT ( * ) SI_UNIT ( $, .STERADIAN. ) SOLID_ANGLE_UNIT ( ) );
#7924 = STYLED_ITEM ( 'NONE', ( #4359 ), #8080 ) ;
#7925 = ORIENTED_EDGE ( 'NONE', *, *, #9859, .T. ) ;
#7926 = VERTEX_POINT ( 'NONE', #8974 ) ;
#7927 = CARTESIAN_POINT ( 'NONE',  ( -0.3200000000000025602, 1.299999999999999156, 0.0000000000000000000 ) ) ;
#7928 = FILL_AREA_STYLE_COLOUR ( '', #5896 ) ;
#7929 = PLANE ( 'NONE',  #1577 ) ;
#7930 = PRESENTATION_STYLE_ASSIGNMENT (( #6172 ) ) ;
#7931 = VECTOR ( 'NONE', #3583, 1000.000000000000114 ) ;
#7932 = CARTESIAN_POINT ( 'NONE',  ( 7.500000000000000000, -0.1000000000000000056, 3.700000000000001066 ) ) ;
#7933 = AXIS2_PLACEMENT_3D ( 'NONE', #3361, #1949, #2720 ) ;
#7934 = VECTOR ( 'NONE', #5814, 1000.000000000000000 ) ;
#7935 = ORIENTED_EDGE ( 'NONE', *, *, #2846, .F. ) ;
#7936 = STYLED_ITEM ( 'NONE', ( #4104 ), #4246 ) ;
#7937 = ORIENTED_EDGE ( 'NONE', *, *, #2587, .F. ) ;
#7938 = SURFACE_STYLE_USAGE ( .BOTH. , #7031 ) ;
#7939 = EDGE_CURVE ( 'NONE', #3484, #6235, #2035, .T. ) ;
#7940 = SURFACE_STYLE_USAGE ( .BOTH. , #5008 ) ;
#7941 = SURFACE_STYLE_FILL_AREA ( #5559 ) ;
#7942 = VERTEX_POINT ( 'NONE', #6213 ) ;
#7943 =( GEOMETRIC_REPRESENTATION_CONTEXT ( 3 ) GLOBAL_UNCERTAINTY_ASSIGNED_CONTEXT ( ( #1543 ) ) GLOBAL_UNIT_ASSIGNED_CONTEXT ( ( #7752, #8713, #4713 ) ) REPRESENTATION_CONTEXT ( 'NONE', 'WORKASPACE' ) );
#7944 =( LENGTH_UNIT ( ) NAMED_UNIT ( * ) SI_UNIT ( .MILLI., .METRE. ) );
#7945 = VECTOR ( 'NONE', #6716, 1000.000000000000000 ) ;
#7946 = DIRECTION ( 'NONE',  ( 1.694065894508600925E-16, 0.0000000000000000000, -1.000000000000000000 ) ) ;
#7947 = STYLED_ITEM ( 'NONE', ( #8789 ), #8708 ) ;
#7948 = FACE_OUTER_BOUND ( 'NONE', #3669, .T. ) ;
#7949 =( LENGTH_UNIT ( ) NAMED_UNIT ( * ) SI_UNIT ( .MILLI., .METRE. ) );
#7950 = ORIENTED_EDGE ( 'NONE', *, *, #2622, .T. ) ;
#7951 = SURFACE_STYLE_USAGE ( .BOTH. , #5574 ) ;
#7952 = ORIENTED_EDGE ( 'NONE', *, *, #6913, .F. ) ;
#7953 = UNCERTAINTY_MEASURE_WITH_UNIT (LENGTH_MEASURE( 1.000000000000000082E-05 ), #8324, 'distance_accuracy_value', 'NONE');
#7954 = ADVANCED_FACE ( 'NONE', ( #2712 ), #2821, .T. ) ;
#7955 = FACE_OUTER_BOUND ( 'NONE', #1428, .T. ) ;
#7956 = EDGE_CURVE ( 'NONE', #1976, #1595, #8234, .T. ) ;
#7957 = ADVANCED_FACE ( 'NONE', ( #1939 ), #523, .T. ) ;
#7958 = AXIS2_PLACEMENT_3D ( 'NONE', #7354, #9616, #8103 ) ;
#7959 = SURFACE_STYLE_FILL_AREA ( #5483 ) ;
#7960 = CARTESIAN_POINT ( 'NONE',  ( 8.150000000000002132, 0.0000000000000000000, -4.549999999999999822 ) ) ;
#7961 = ORIENTED_EDGE ( 'NONE', *, *, #4063, .T. ) ;
#7962 = ORIENTED_EDGE ( 'NONE', *, *, #2343, .F. ) ;
#7963 = DIRECTION ( 'NONE',  ( 0.0000000000000000000, 0.0000000000000000000, -1.000000000000000000 ) ) ;
#7964 = SURFACE_SIDE_STYLE ('',( #8784 ) ) ;
#7965 = SURFACE_STYLE_USAGE ( .BOTH. , #1659 ) ;
#7966 = VECTOR ( 'NONE', #5425, 1000.000000000000000 ) ;
#7967 = SURFACE_STYLE_USAGE ( .BOTH. , #1603 ) ;
#7968 = EDGE_CURVE ( 'NONE', #713, #5995, #1989, .T. ) ;
#7969 = EDGE_CURVE ( 'NONE', #6628, #8467, #2282, .T. ) ;
#7970 = CYLINDRICAL_SURFACE ( 'NONE', #2996, 0.5000000000000008882 ) ;
#7971 = PRESENTATION_LAYER_ASSIGNMENT (  '', '', ( #6669 ) ) ;
#7972 = VERTEX_POINT ( 'NONE', #4381 ) ;
#7973 = CIRCLE ( 'NONE', #522, 0.5000000000000008882 ) ;
#7974 = ORIENTED_EDGE ( 'NONE', *, *, #9544, .F. ) ;
#7976 = ORIENTED_EDGE ( 'NONE', *, *, #742, .F. ) ;
#7975 = SURFACE_STYLE_USAGE ( .BOTH. , #2595 ) ;
#7977 = DIRECTION ( 'NONE',  ( -1.000000000000000000, 0.0000000000000000000, -1.694065894508600925E-16 ) ) ;
#7978 = CARTESIAN_POINT ( 'NONE',  ( 7.620000000000000107, 1.299999999999999156, 0.9499999999999980682 ) ) ;
#7979 =( NAMED_UNIT ( * ) PLANE_ANGLE_UNIT ( ) SI_UNIT ( $, .RADIAN. ) );
#7980 = SURFACE_SIDE_STYLE ('',( #2288 ) ) ;
#7981 = CYLINDRICAL_SURFACE ( 'NONE', #1666, 0.5000000000000008882 ) ;
#7982 =( GEOMETRIC_REPRESENTATION_CONTEXT ( 3 ) GLOBAL_UNCERTAINTY_ASSIGNED_CONTEXT ( ( #5577 ) ) GLOBAL_UNIT_ASSIGNED_CONTEXT ( ( #8060, #821, #3264 ) ) REPRESENTATION_CONTEXT ( 'NONE', 'WORKASPACE' ) );
#7983 = ORIENTED_EDGE ( 'NONE', *, *, #5178, .T. ) ;
#7984 = ORIENTED_EDGE ( 'NONE', *, *, #6706, .T. ) ;
#7985 = ORIENTED_EDGE ( 'NONE', *, *, #4283, .T. ) ;
#7986 = VECTOR ( 'NONE', #5888, 1000.000000000000000 ) ;
#7987 = SURFACE_SIDE_STYLE ('',( #4857 ) ) ;
#7988 =( NAMED_UNIT ( * ) SI_UNIT ( $, .STERADIAN. ) SOLID_ANGLE_UNIT ( ) );
#7989 = PLANE ( 'NONE',  #10194 ) ;
#7990 = EDGE_CURVE ( 'NONE', #5042, #459, #414, .T. ) ;
#7991 = SURFACE_STYLE_USAGE ( .BOTH. , #2021 ) ;
#7992 = SURFACE_STYLE_USAGE ( .BOTH. , #1582 ) ;
#7993 = DIRECTION ( 'NONE',  ( 1.000000000000000000, 0.0000000000000000000, 0.0000000000000000000 ) ) ;
#7994 = CARTESIAN_POINT ( 'NONE',  ( -5.400000000000002132, -2.599999999999996536, -0.9500000000000025091 ) ) ;
#7995 = ORIENTED_EDGE ( 'NONE', *, *, #7762, .F. ) ;
#7996 =( LENGTH_UNIT ( ) NAMED_UNIT ( * ) SI_UNIT ( .MILLI., .METRE. ) );
#7997 = CARTESIAN_POINT ( 'NONE',  ( 7.500000000000000000, 0.0000000000000000000, -3.200000000000000178 ) ) ;
#7998 = CARTESIAN_POINT ( 'NONE',  ( -4.760000000000002451, 8.800000000000000711, -0.9500000000000022871 ) ) ;
#7999 = SURFACE_STYLE_FILL_AREA ( #898 ) ;
#8000 = CARTESIAN_POINT ( 'NONE',  ( 2.539999999999999591, -3.000000000000000000, 1.394906964573652708 ) ) ;
#8001 = EDGE_CURVE ( 'NONE', #4620, #8068, #7872, .T. ) ;
#8002 = PRESENTATION_LAYER_ASSIGNMENT (  '', '', ( #2557 ) ) ;
#8003 = CARTESIAN_POINT ( 'NONE',  ( -2.415093035426346457, -3.000000000000000000, 0.0000000000000000000 ) ) ;
#8004 = VERTEX_POINT ( 'NONE', #131 ) ;
#8005 = STYLED_ITEM ( 'NONE', ( #5507 ), #5375 ) ;
#8006 = ORIENTED_EDGE ( 'NONE', *, *, #9095, .T. ) ;
#8007 = LINE ( 'NONE', #1016, #2624 ) ;
#8008 = SURFACE_SIDE_STYLE ('',( #3365 ) ) ;
#8009 = FILL_AREA_STYLE ('',( #7313 ) ) ;
#8010 = PRESENTATION_STYLE_ASSIGNMENT (( #8678 ) ) ;
#8011 = CARTESIAN_POINT ( 'NONE',  ( -2.639942183009291288, -3.461009071065142884, -1.170057816990712984 ) ) ;
#8012 =( GEOMETRIC_REPRESENTATION_CONTEXT ( 3 ) GLOBAL_UNCERTAINTY_ASSIGNED_CONTEXT ( ( #8957 ) ) GLOBAL_UNIT_ASSIGNED_CONTEXT ( ( #9808, #7422, #6592 ) ) REPRESENTATION_CONTEXT ( 'NONE', 'WORKASPACE' ) );
#8013 = SURFACE_SIDE_STYLE ('',( #7258 ) ) ;
#8014 = AXIS2_PLACEMENT_3D ( 'NONE', #9309, #1247, #4414 ) ;
#8015 = ORIENTED_EDGE ( 'NONE', *, *, #6810, .F. ) ;
#8016 = ORIENTED_EDGE ( 'NONE', *, *, #7088, .T. ) ;
#8017 = ORIENTED_EDGE ( 'NONE', *, *, #4893, .T. ) ;
#8018 = DIRECTION ( 'NONE',  ( -1.000000000000000000, 0.0000000000000000000, -1.694065894508600925E-16 ) ) ;
#8019 = ADVANCED_FACE ( 'NONE', ( #774 ), #4017, .T. ) ;
#8020 = PRESENTATION_LAYER_ASSIGNMENT (  '', '', ( #2241 ) ) ;
#8021 = CARTESIAN_POINT ( 'NONE',  ( -2.860000000000001652, 0.0000000000000000000, 0.0000000000000000000 ) ) ;
#8022 = DIRECTION ( 'NONE',  ( 0.0000000000000000000, 0.0000000000000000000, 1.000000000000000000 ) ) ;
#8023 = VECTOR ( 'NONE', #1572, 1000.000000000000000 ) ;
#8024 = AXIS2_PLACEMENT_3D ( 'NONE', #629, #5351, #10129 ) ;
#8025 = AXIS2_PLACEMENT_3D ( 'NONE', #5969, #6126, #8431 ) ;
#8026 = CARTESIAN_POINT ( 'NONE',  ( 7.620000000000000107, 8.800000000000000711, 0.0000000000000000000 ) ) ;
#8027 = ORIENTED_EDGE ( 'NONE', *, *, #913, .T. ) ;
#8028 = LINE ( 'NONE', #6438, #4589 ) ;
#8029 = SURFACE_SIDE_STYLE ('',( #7276 ) ) ;
#8030 = ORIENTED_EDGE ( 'NONE', *, *, #3553, .F. ) ;
#8031 = ORIENTED_EDGE ( 'NONE', *, *, #9815, .T. ) ;
#8032 = SURFACE_SIDE_STYLE ('',( #2609 ) ) ;
#8033 = STYLED_ITEM ( 'NONE', ( #6804 ), #1062 ) ;
#8034 = CARTESIAN_POINT ( 'NONE',  ( 0.3199999999999973976, 1.299999999999999156, 0.0000000000000000000 ) ) ;
#8035 = DIRECTION ( 'NONE',  ( 0.0000000000000000000, -0.0000000000000000000, -1.000000000000000000 ) ) ;
#8037 = VECTOR ( 'NONE', #5951, 1000.000000000000114 ) ;
#8036 = PLANE ( 'NONE',  #9202 ) ;
#8038 = COLOUR_RGB ( '',0.3137254901960784270, 0.3137254901960784270, 0.3137254901960784270 ) ;
#8039 = SURFACE_STYLE_FILL_AREA ( #7189 ) ;
#8040 = FACE_OUTER_BOUND ( 'NONE', #119, .T. ) ;
#8041 = ORIENTED_EDGE ( 'NONE', *, *, #1709, .F. ) ;
#8042 = CARTESIAN_POINT ( 'NONE',  ( -5.400000000000003020, 1.299999999999999156, 1.589999999999997193 ) ) ;
#8043 = UNCERTAINTY_MEASURE_WITH_UNIT (LENGTH_MEASURE( 1.000000000000000082E-05 ), #3851, 'distance_accuracy_value', 'NONE');
#8044 = VECTOR ( 'NONE', #165, 1000.000000000000000 ) ;
#8045 = FILL_AREA_STYLE_COLOUR ( '', #5877 ) ;
#8046 = DIRECTION ( 'NONE',  ( 0.4014883995042277109, -0.8231732078530418217, 0.4014883995042276554 ) ) ;
#8047 = COLOUR_RGB ( '',0.3137254901960784270, 0.3137254901960784270, 0.3137254901960784270 ) ;
#8048 = CARTESIAN_POINT ( 'NONE',  ( -0.3200000000000017275, -2.600000000000000089, -1.590000000000002522 ) ) ;
#8049 = FILL_AREA_STYLE ('',( #4924 ) ) ;
#8050 = MECHANICAL_DESIGN_GEOMETRIC_PRESENTATION_REPRESENTATION (  '', ( #1117 ), #6928 ) ;
#8051 = CARTESIAN_POINT ( 'NONE',  ( 4.759999999999998899, 8.371098615898084461, -1.590000000000002522 ) ) ;
#8052 = ORIENTED_EDGE ( 'NONE', *, *, #9685, .F. ) ;
#8053 = STYLED_ITEM ( 'NONE', ( #3505 ), #6652 ) ;
#8054 = EDGE_CURVE ( 'NONE', #9317, #3139, #7167, .T. ) ;
#8055 = ORIENTED_EDGE ( 'NONE', *, *, #6326, .F. ) ;
#8056 = FACE_OUTER_BOUND ( 'NONE', #7378, .T. ) ;
#8057 = UNCERTAINTY_MEASURE_WITH_UNIT (LENGTH_MEASURE( 1.000000000000000082E-05 ), #4888, 'distance_accuracy_value', 'NONE');
#8058 = SURFACE_STYLE_USAGE ( .BOTH. , #8821 ) ;
#8059 = CARTESIAN_POINT ( 'NONE',  ( 2.219999999999996643, 1.299999999999999156, 0.0000000000000000000 ) ) ;
#8060 =( LENGTH_UNIT ( ) NAMED_UNIT ( * ) SI_UNIT ( .MILLI., .METRE. ) );
#8061 = SURFACE_STYLE_USAGE ( .BOTH. , #282 ) ;
#8062 = VECTOR ( 'NONE', #8018, 1000.000000000000000 ) ;
#8063 = DIRECTION ( 'NONE',  ( 0.0000000000000000000, 0.0000000000000000000, -1.000000000000000000 ) ) ;
#8064 = SURFACE_STYLE_FILL_AREA ( #8887 ) ;
#8065 = PRESENTATION_LAYER_ASSIGNMENT (  '', '', ( #946 ) ) ;
#8066 = DIRECTION ( 'NONE',  ( 0.4014883995042284881, -0.8231732078530414887, 0.4014883995042275444 ) ) ;
#8067 = ORIENTED_EDGE ( 'NONE', *, *, #1579, .T. ) ;
#8068 = VERTEX_POINT ( 'NONE', #9425 ) ;
#8069 = ORIENTED_EDGE ( 'NONE', *, *, #9474, .T. ) ;
#8070 = CARTESIAN_POINT ( 'NONE',  ( 2.219999999999997531, 8.371098615898084461, -0.9500000000000025091 ) ) ;
#8071 = PRESENTATION_LAYER_ASSIGNMENT (  '', '', ( #7768 ) ) ;
#8072 = PRESENTATION_LAYER_ASSIGNMENT (  '', '', ( #2789 ) ) ;
#8073 = SURFACE_STYLE_USAGE ( .BOTH. , #5708 ) ;
#8074 = CARTESIAN_POINT ( 'NONE',  ( -7.500000000000000000, 0.0000000000000000000, 3.200000000000000178 ) ) ;
#8075 = LINE ( 'NONE', #978, #2564 ) ;
#8076 = SURFACE_STYLE_USAGE ( .BOTH. , #5850 ) ;
#8077 = PRESENTATION_STYLE_ASSIGNMENT (( #8904 ) ) ;
#8078 = EDGE_CURVE ( 'NONE', #2534, #3185, #3217, .T. ) ;
#8079 = MECHANICAL_DESIGN_GEOMETRIC_PRESENTATION_REPRESENTATION (  '', ( #4966 ), #6613 ) ;
#8080 = ADVANCED_FACE ( 'NONE', ( #6366 ), #4839, .T. ) ;
#8081 = ADVANCED_FACE ( 'NONE', ( #9041 ), #6527, .T. ) ;
#8082 = VECTOR ( 'NONE', #6478, 1000.000000000000000 ) ;
#8083 = ORIENTED_EDGE ( 'NONE', *, *, #2601, .F. ) ;
#8084 = EDGE_LOOP ( 'NONE', ( #3980, #5607, #9994, #4263 ) ) ;
#8085 = VERTEX_POINT ( 'NONE', #5843 ) ;
#8086 = DIRECTION ( 'NONE',  ( -0.0000000000000000000, 1.000000000000000000, -0.0000000000000000000 ) ) ;
#8087 = DIRECTION ( 'NONE',  ( 0.0000000000000000000, -1.000000000000000000, 0.0000000000000000000 ) ) ;
#8088 = DIRECTION ( 'NONE',  ( 0.0000000000000000000, 0.0000000000000000000, 1.000000000000000000 ) ) ;
#8089 = VECTOR ( 'NONE', #2562, 1000.000000000000000 ) ;
#8090 = COLOUR_RGB ( '',0.9686274509803921573, 0.8784313725490195957, 0.5999999999999999778 ) ;
#8091 = ADVANCED_FACE ( 'NONE', ( #6639 ), #6684, .T. ) ;
#8092 = CARTESIAN_POINT ( 'NONE',  ( 5.399999999999996803, 8.800000000000000711, 0.9499999999999972911 ) ) ;
#8093 = AXIS2_PLACEMENT_3D ( 'NONE', #10006, #6653, #5959 ) ;
#8094 =( NAMED_UNIT ( * ) PLANE_ANGLE_UNIT ( ) SI_UNIT ( $, .RADIAN. ) );
#8095 = ORIENTED_EDGE ( 'NONE', *, *, #6357, .F. ) ;
#8096 = PLANE ( 'NONE',  #8624 ) ;
#8097 = FACE_OUTER_BOUND ( 'NONE', #5772, .T. ) ;
#8098 = VECTOR ( 'NONE', #2960, 1000.000000000000000 ) ;
#8099 =( GEOMETRIC_REPRESENTATION_CONTEXT ( 3 ) GLOBAL_UNCERTAINTY_ASSIGNED_CONTEXT ( ( #1931 ) ) GLOBAL_UNIT_ASSIGNED_CONTEXT ( ( #2094, #4499, #1992 ) ) REPRESENTATION_CONTEXT ( 'NONE', 'WORKASPACE' ) );
#8100 = FACE_OUTER_BOUND ( 'NONE', #8478, .T. ) ;
#8101 = COLOUR_RGB ( '',0.9686274509803921573, 0.8784313725490195957, 0.5999999999999999778 ) ;
#8102 = CARTESIAN_POINT ( 'NONE',  ( 0.1500000000000008271, 0.0000000000000000000, -4.549999999999999822 ) ) ;
#8103 = DIRECTION ( 'NONE',  ( 0.0000000000000000000, 0.0000000000000000000, -1.000000000000000000 ) ) ;
#8104 = PRESENTATION_LAYER_ASSIGNMENT (  '', '', ( #5647 ) ) ;
#8105 = SURFACE_SIDE_STYLE ('',( #7307 ) ) ;
#8106 = ORIENTED_EDGE ( 'NONE', *, *, #1742, .T. ) ;
#8107 = VERTEX_POINT ( 'NONE', #9992 ) ;
#8108 = LINE ( 'NONE', #6469, #1303 ) ;
#8109 = FACE_BOUND ( 'NONE', #621, .T. ) ;
#8110 =( LENGTH_UNIT ( ) NAMED_UNIT ( * ) SI_UNIT ( .MILLI., .METRE. ) );
#8111 = FACE_OUTER_BOUND ( 'NONE', #3836, .T. ) ;
#8112 =( NAMED_UNIT ( * ) PLANE_ANGLE_UNIT ( ) SI_UNIT ( $, .RADIAN. ) );
#8113 = DIRECTION ( 'NONE',  ( 0.0000000000000000000, 0.0000000000000000000, -1.000000000000000000 ) ) ;
#8114 = STYLED_ITEM ( 'NONE', ( #5523 ), #9219 ) ;
#8115 = ADVANCED_FACE ( 'NONE', ( #439 ), #4400, .F. ) ;
#8116 = FILL_AREA_STYLE_COLOUR ( '', #1317 ) ;
#8117 = ORIENTED_EDGE ( 'NONE', *, *, #7226, .F. ) ;
#8118 = EDGE_LOOP ( 'NONE', ( #8278, #7119, #10078, #7310 ) ) ;
#8120 = ORIENTED_EDGE ( 'NONE', *, *, #7165, .F. ) ;
#8119 = CARTESIAN_POINT ( 'NONE',  ( 0.3094878717293319537, -2.621553056976519525, 0.9605121282706627905 ) ) ;
#8121 = CARTESIAN_POINT ( 'NONE',  ( 5.080000000000000959, 1.299999999999999156, -0.9500000000000006217 ) ) ;
#8122 = VECTOR ( 'NONE', #7453, 1000.000000000000114 ) ;
#8123 = PRESENTATION_STYLE_ASSIGNMENT (( #4786 ) ) ;
#8124 =( NAMED_UNIT ( * ) PLANE_ANGLE_UNIT ( ) SI_UNIT ( $, .RADIAN. ) );
#8125 = VECTOR ( 'NONE', #4842, 1000.000000000000000 ) ;
#8126 =( NAMED_UNIT ( * ) SI_UNIT ( $, .STERADIAN. ) SOLID_ANGLE_UNIT ( ) );
#8127 = UNCERTAINTY_MEASURE_WITH_UNIT (LENGTH_MEASURE( 1.000000000000000082E-05 ), #6582, 'distance_accuracy_value', 'NONE');
#8128 =( GEOMETRIC_REPRESENTATION_CONTEXT ( 3 ) GLOBAL_UNCERTAINTY_ASSIGNED_CONTEXT ( ( #5681 ) ) GLOBAL_UNIT_ASSIGNED_CONTEXT ( ( #9241, #3632, #7609 ) ) REPRESENTATION_CONTEXT ( 'NONE', 'WORKASPACE' ) );
#8129 = VECTOR ( 'NONE', #1689, 1000.000000000000114 ) ;
#8130 =( NAMED_UNIT ( * ) PLANE_ANGLE_UNIT ( ) SI_UNIT ( $, .RADIAN. ) );
#8131 = VERTEX_POINT ( 'NONE', #10047 ) ;
#8132 = EDGE_CURVE ( 'NONE', #6849, #7628, #6037, .T. ) ;
#8133 =( LENGTH_UNIT ( ) NAMED_UNIT ( * ) SI_UNIT ( .MILLI., .METRE. ) );
#8134 = ORIENTED_EDGE ( 'NONE', *, *, #3218, .T. ) ;
#8135 = ORIENTED_EDGE ( 'NONE', *, *, #4179, .T. ) ;
#8136 = CARTESIAN_POINT ( 'NONE',  ( -4.955093035426348713, -3.000000000000000000, -1.394906964573656039 ) ) ;
#8137 = UNCERTAINTY_MEASURE_WITH_UNIT (LENGTH_MEASURE( 1.000000000000000082E-05 ), #7944, 'distance_accuracy_value', 'NONE');
#8138 = FILL_AREA_STYLE ('',( #9010 ) ) ;
#8139 = ADVANCED_FACE ( 'NONE', ( #9244 ), #5992, .F. ) ;
#8140 = SURFACE_SIDE_STYLE ('',( #4186 ) ) ;
#8141 = CARTESIAN_POINT ( 'NONE',  ( 0.3199999999999973976, 8.800000000000000711, 1.589999999999997415 ) ) ;
#8142 = LINE ( 'NONE', #4234, #2292 ) ;
#8143 = PRESENTATION_LAYER_ASSIGNMENT (  '', '', ( #4204 ) ) ;
#8144 = PLANE ( 'NONE',  #2448 ) ;
#8145 = DIRECTION ( 'NONE',  ( 0.0000000000000000000, 0.7071067811865475727, -0.7071067811865475727 ) ) ;
#8146 = EDGE_CURVE ( 'NONE', #2337, #10075, #6944, .T. ) ;
#8147 = EDGE_CURVE ( 'NONE', #786, #5668, #659, .T. ) ;
#8148 = CARTESIAN_POINT ( 'NONE',  ( 4.959999999999997300, 8.800000000000000711, 1.149999999999997913 ) ) ;
#8149 = FILL_AREA_STYLE_COLOUR ( '', #2407 ) ;
#8150 = DIRECTION ( 'NONE',  ( -0.4014883995042277109, 0.8231732078530418217, -0.4014883995042276554 ) ) ;
#8151 = DIRECTION ( 'NONE',  ( -3.045232680045607297E-16, 0.4383711467890770153, 0.8987940462991672597 ) ) ;
#8152 = DIRECTION ( 'NONE',  ( 0.0000000000000000000, -1.000000000000000000, 0.0000000000000000000 ) ) ;
#8153 = ORIENTED_EDGE ( 'NONE', *, *, #5702, .F. ) ;
#8154 = VERTEX_POINT ( 'NONE', #8401 ) ;
#8155 = CARTESIAN_POINT ( 'NONE',  ( -2.316985715305109217, 8.579085153560457755, -1.493014284694895277 ) ) ;
#8156 = UNCERTAINTY_MEASURE_WITH_UNIT (LENGTH_MEASURE( 1.000000000000000082E-05 ), #8899, 'distance_accuracy_value', 'NONE');
#8157 = CARTESIAN_POINT ( 'NONE',  ( 5.080000000000000071, -3.000000000000000000, 0.0000000000000000000 ) ) ;
#8158 = FILL_AREA_STYLE ('',( #5698 ) ) ;
#8159 = CARTESIAN_POINT ( 'NONE',  ( -4.955093035426349601, -3.000000000000000000, 1.145093035426343553 ) ) ;
#8160 =( NAMED_UNIT ( * ) PLANE_ANGLE_UNIT ( ) SI_UNIT ( $, .RADIAN. ) );
#8161 =( NAMED_UNIT ( * ) SI_UNIT ( $, .STERADIAN. ) SOLID_ANGLE_UNIT ( ) );
#8162 = EDGE_LOOP ( 'NONE', ( #5267, #7641, #1702, #10138 ) ) ;
#8163 = ORIENTED_EDGE ( 'NONE', *, *, #2973, .F. ) ;
#8164 = CARTESIAN_POINT ( 'NONE',  ( 2.659999999999997478, 8.800000000000000711, 1.149999999999996136 ) ) ;
#8165 = CARTESIAN_POINT ( 'NONE',  ( 10.16000000000000014, 1.299999999999999156, -1.590000000000000746 ) ) ;
#8166 = CARTESIAN_POINT ( 'NONE',  ( 2.540000000000000480, -3.000000000000000000, -1.394906964573656261 ) ) ;
#8167 = DIRECTION ( 'NONE',  ( -1.000000000000000000, 0.0000000000000000000, -3.388131789017201849E-16 ) ) ;
#8168 = DIRECTION ( 'NONE',  ( 1.000000000000000000, 0.0000000000000000000, 3.388131789017201849E-16 ) ) ;
#8169 = VECTOR ( 'NONE', #7684, 1000.000000000000000 ) ;
#8170 = CIRCLE ( 'NONE', #6200, 0.5000000000000008882 ) ;
#8171 = LINE ( 'NONE', #3334, #5621 ) ;
#8172 = ORIENTED_EDGE ( 'NONE', *, *, #6326, .T. ) ;
#8173 = CARTESIAN_POINT ( 'NONE',  ( 0.3199999999999973976, 8.800000000000000711, 1.389999999999996794 ) ) ;
#8174 = VECTOR ( 'NONE', #280, 1000.000000000000000 ) ;
#8175 = ORIENTED_EDGE ( 'NONE', *, *, #5103, .T. ) ;
#8176 = EDGE_LOOP ( 'NONE', ( #6083, #7277, #8069, #635 ) ) ;
#8177 = CARTESIAN_POINT ( 'NONE',  ( 10.16000000000000014, 1.299999999999999156, -0.9500000000000006217 ) ) ;
#8178 = EDGE_CURVE ( 'NONE', #8406, #8838, #1346, .T. ) ;
#8179 =( NAMED_UNIT ( * ) SI_UNIT ( $, .STERADIAN. ) SOLID_ANGLE_UNIT ( ) );
#8180 = AXIS2_PLACEMENT_3D ( 'NONE', #61, #3251, #8503 ) ;
#8181 = DIRECTION ( 'NONE',  ( 0.0000000000000000000, 0.0000000000000000000, -1.000000000000000000 ) ) ;
#8182 = SURFACE_STYLE_USAGE ( .BOTH. , #4963 ) ;
#8183 = VECTOR ( 'NONE', #8859, 1000.000000000000000 ) ;
#8184 = CARTESIAN_POINT ( 'NONE',  ( 5.387129544537353115E-16, 0.0000000000000000000, -1.590000000000000746 ) ) ;
#8185 =( GEOMETRIC_REPRESENTATION_CONTEXT ( 3 ) GLOBAL_UNCERTAINTY_ASSIGNED_CONTEXT ( ( #7823 ) ) GLOBAL_UNIT_ASSIGNED_CONTEXT ( ( #9763, #6809, #2748 ) ) REPRESENTATION_CONTEXT ( 'NONE', 'WORKASPACE' ) );
#8186 = PRESENTATION_LAYER_ASSIGNMENT (  '', '', ( #7542 ) ) ;
#8187 = MECHANICAL_DESIGN_GEOMETRIC_PRESENTATION_REPRESENTATION (  '', ( #2419 ), #7545 ) ;
#8188 = ORIENTED_EDGE ( 'NONE', *, *, #1945, .T. ) ;
#8189 = FILL_AREA_STYLE_COLOUR ( '', #1484 ) ;
#8190 =( NAMED_UNIT ( * ) SI_UNIT ( $, .STERADIAN. ) SOLID_ANGLE_UNIT ( ) );
#8191 = VECTOR ( 'NONE', #851, 1000.000000000000000 ) ;
#8192 = EDGE_CURVE ( 'NONE', #7666, #7522, #64, .T. ) ;
#8193 = CARTESIAN_POINT ( 'NONE',  ( 7.500000000000000000, 0.0000000000000000000, 3.700000000000001066 ) ) ;
#8194 = EDGE_CURVE ( 'NONE', #3260, #4253, #8620, .T. ) ;
#8195 =( NAMED_UNIT ( * ) PLANE_ANGLE_UNIT ( ) SI_UNIT ( $, .RADIAN. ) );
#8196 = VECTOR ( 'NONE', #9279, 1000.000000000000227 ) ;
#8197 = EDGE_LOOP ( 'NONE', ( #8225, #6821, #14, #6882 ) ) ;
#8198 = CARTESIAN_POINT ( 'NONE',  ( -5.400000000000002132, 8.800000000000000711, -0.9500000000000025091 ) ) ;
#8199 = ORIENTED_EDGE ( 'NONE', *, *, #8640, .F. ) ;
#8200 =( NAMED_UNIT ( * ) SI_UNIT ( $, .STERADIAN. ) SOLID_ANGLE_UNIT ( ) );
#8201 = DIRECTION ( 'NONE',  ( 0.3892816206350231401, 0.8348171294789894503, -0.3892816206350231956 ) ) ;
#8202 = DIRECTION ( 'NONE',  ( 0.0000000000000000000, 1.000000000000000000, 0.0000000000000000000 ) ) ;
#8203 = CARTESIAN_POINT ( 'NONE',  ( 8.150000000000002132, 0.0000000000000000000, -4.450000000000000178 ) ) ;
#8204 = MECHANICAL_DESIGN_GEOMETRIC_PRESENTATION_REPRESENTATION (  '', ( #8874 ), #1782 ) ;
#8205 = EDGE_CURVE ( 'NONE', #3610, #2981, #10256, .T. ) ;
#8206 = VECTOR ( 'NONE', #6525, 1000.000000000000000 ) ;
#8207 = ORIENTED_EDGE ( 'NONE', *, *, #5440, .T. ) ;
#8208 = ORIENTED_EDGE ( 'NONE', *, *, #6857, .T. ) ;
#8209 = LINE ( 'NONE', #7370, #3792 ) ;
#8210 =( GEOMETRIC_REPRESENTATION_CONTEXT ( 3 ) GLOBAL_UNCERTAINTY_ASSIGNED_CONTEXT ( ( #1506 ) ) GLOBAL_UNIT_ASSIGNED_CONTEXT ( ( #10236, #792, #1625 ) ) REPRESENTATION_CONTEXT ( 'NONE', 'WORKASPACE' ) );
#8211 = FILL_AREA_STYLE_COLOUR ( '', #10044 ) ;
#8212 = CARTESIAN_POINT ( 'NONE',  ( -7.849999999999999645, 0.0000000000000000000, -4.549999999999998934 ) ) ;
#8213 =( NAMED_UNIT ( * ) SI_UNIT ( $, .STERADIAN. ) SOLID_ANGLE_UNIT ( ) );
#8214 = LINE ( 'NONE', #1919, #6566 ) ;
#8215 = SURFACE_STYLE_FILL_AREA ( #3332 ) ;
#8216 =( GEOMETRIC_REPRESENTATION_CONTEXT ( 3 ) GLOBAL_UNCERTAINTY_ASSIGNED_CONTEXT ( ( #6630 ) ) GLOBAL_UNIT_ASSIGNED_CONTEXT ( ( #9874, #373, #418 ) ) REPRESENTATION_CONTEXT ( 'NONE', 'WORKASPACE' ) );
#8217 = PLANE ( 'NONE',  #7339 ) ;
#8218 = VECTOR ( 'NONE', #4637, 1000.000000000000000 ) ;
#8219 = SURFACE_SIDE_STYLE ('',( #9002 ) ) ;
#8220 = VERTEX_POINT ( 'NONE', #5637 ) ;
#8221 = SURFACE_STYLE_FILL_AREA ( #8911 ) ;
#8222 =( GEOMETRIC_REPRESENTATION_CONTEXT ( 3 ) GLOBAL_UNCERTAINTY_ASSIGNED_CONTEXT ( ( #2682 ) ) GLOBAL_UNIT_ASSIGNED_CONTEXT ( ( #1623, #1676, #9708 ) ) REPRESENTATION_CONTEXT ( 'NONE', 'WORKASPACE' ) );
#8223 = CARTESIAN_POINT ( 'NONE',  ( 0.3199999999999982303, 8.371098615898084461, -1.590000000000002300 ) ) ;
#8224 = ORIENTED_EDGE ( 'NONE', *, *, #1194, .F. ) ;
#8225 = ORIENTED_EDGE ( 'NONE', *, *, #2018, .T. ) ;
#8226 = FILL_AREA_STYLE ('',( #9767 ) ) ;
#8227 = UNCERTAINTY_MEASURE_WITH_UNIT (LENGTH_MEASURE( 1.000000000000000082E-05 ), #7745, 'distance_accuracy_value', 'NONE');
#8228 = FACE_OUTER_BOUND ( 'NONE', #7795, .T. ) ;
#8229 = FILL_AREA_STYLE ('',( #1156 ) ) ;
#8230 = PRESENTATION_STYLE_ASSIGNMENT (( #368 ) ) ;
#8231 = DIRECTION ( 'NONE',  ( 0.0000000000000000000, 0.0000000000000000000, -1.000000000000000000 ) ) ;
#8232 = VECTOR ( 'NONE', #9857, 1000.000000000000000 ) ;
#8233 =( GEOMETRIC_REPRESENTATION_CONTEXT ( 3 ) GLOBAL_UNCERTAINTY_ASSIGNED_CONTEXT ( ( #6277 ) ) GLOBAL_UNIT_ASSIGNED_CONTEXT ( ( #5393, #4533, #7679 ) ) REPRESENTATION_CONTEXT ( 'NONE', 'WORKASPACE' ) );
#8234 = LINE ( 'NONE', #1268, #7919 ) ;
#8235 = EDGE_CURVE ( 'NONE', #6339, #9261, #8723, .T. ) ;
#8236 = SURFACE_STYLE_FILL_AREA ( #372 ) ;
#8237 = VECTOR ( 'NONE', #157, 1000.000000000000000 ) ;
#8238 = SURFACE_STYLE_FILL_AREA ( #1940 ) ;
#8239 = LINE ( 'NONE', #1167, #1111 ) ;
#8240 = VECTOR ( 'NONE', #6765, 1000.000000000000000 ) ;
#8241 = STYLED_ITEM ( 'NONE', ( #6506 ), #7474 ) ;
#8242 = VECTOR ( 'NONE', #7854, 1000.000000000000227 ) ;
#8243 = CIRCLE ( 'NONE', #5616, 0.5000000000000008882 ) ;
#8244 =( NAMED_UNIT ( * ) SI_UNIT ( $, .STERADIAN. ) SOLID_ANGLE_UNIT ( ) );
#8245 =( NAMED_UNIT ( * ) SI_UNIT ( $, .STERADIAN. ) SOLID_ANGLE_UNIT ( ) );
#8246 = CARTESIAN_POINT ( 'NONE',  ( 2.763014284694889522, 8.579085153560461308, 1.046985715305104536 ) ) ;
#8247 = VECTOR ( 'NONE', #420, 1000.000000000000000 ) ;
#8248 = DIRECTION ( 'NONE',  ( -1.000000000000000000, 0.0000000000000000000, -3.388131789017201849E-16 ) ) ;
#8249 = PRESENTATION_LAYER_ASSIGNMENT (  '', '', ( #7612 ) ) ;
#8250 = ORIENTED_EDGE ( 'NONE', *, *, #1509, .F. ) ;
#8251 = EDGE_CURVE ( 'NONE', #4210, #7128, #5582, .T. ) ;
#8252 =( LENGTH_UNIT ( ) NAMED_UNIT ( * ) SI_UNIT ( .MILLI., .METRE. ) );
#8253 = VERTEX_POINT ( 'NONE', #1648 ) ;
#8254 = LINE ( 'NONE', #10083, #1792 ) ;
#8255 = CIRCLE ( 'NONE', #3830, 0.5000000000000008882 ) ;
#8256 = UNCERTAINTY_MEASURE_WITH_UNIT (LENGTH_MEASURE( 1.000000000000000082E-05 ), #30, 'distance_accuracy_value', 'NONE');
#8257 = SURFACE_STYLE_USAGE ( .BOTH. , #5127 ) ;
#8258 = CARTESIAN_POINT ( 'NONE',  ( 2.659999999999997478, 8.800000000000000711, -1.390000000000001901 ) ) ;
#8259 = DIRECTION ( 'NONE',  ( -1.000000000000000000, 0.0000000000000000000, -0.0000000000000000000 ) ) ;
#8260 = ADVANCED_FACE ( 'NONE', ( #4825 ), #8670, .F. ) ;
#8261 = SURFACE_STYLE_FILL_AREA ( #2729 ) ;
#8262 = EDGE_CURVE ( 'NONE', #1875, #5460, #3894, .T. ) ;
#8263 = MECHANICAL_DESIGN_GEOMETRIC_PRESENTATION_REPRESENTATION (  '', ( #2993 ), #495 ) ;
#8264 = FACE_OUTER_BOUND ( 'NONE', #9477, .T. ) ;
#8265 = STYLED_ITEM ( 'NONE', ( #8287 ), #8630 ) ;
#8266 = EDGE_LOOP ( 'NONE', ( #9101, #8516, #8172, #6657 ) ) ;
#8267 = VERTEX_POINT ( 'NONE', #2476 ) ;
#8268 = ORIENTED_EDGE ( 'NONE', *, *, #4305, .F. ) ;
#8269 = STYLED_ITEM ( 'NONE', ( #8959 ), #3978 ) ;
#8270 = SURFACE_SIDE_STYLE ('',( #6743 ) ) ;
#8271 = FACE_OUTER_BOUND ( 'NONE', #6950, .T. ) ;
#8272 = CARTESIAN_POINT ( 'NONE',  ( -0.3200000000000025602, 8.800000000000000711, 0.9499999999999971800 ) ) ;
#8273 = CARTESIAN_POINT ( 'NONE',  ( -2.860000000000001652, 8.800000000000000711, -0.9500000000000025091 ) ) ;
#8274 = EDGE_CURVE ( 'NONE', #8553, #7614, #4003, .T. ) ;
#8275 = PRESENTATION_LAYER_ASSIGNMENT (  '', '', ( #1177 ) ) ;
#8276 = EDGE_CURVE ( 'NONE', #6812, #9206, #10203, .T. ) ;
#8277 = VECTOR ( 'NONE', #5204, 1000.000000000000000 ) ;
#8278 = ORIENTED_EDGE ( 'NONE', *, *, #9974, .T. ) ;
#8279 = DIRECTION ( 'NONE',  ( 0.0000000000000000000, 0.0000000000000000000, 1.000000000000000000 ) ) ;
#8280 = ORIENTED_EDGE ( 'NONE', *, *, #5999, .T. ) ;
#8281 = ORIENTED_EDGE ( 'NONE', *, *, #6107, .F. ) ;
#8282 = CARTESIAN_POINT ( 'NONE',  ( -8.150000000000000355, 0.0000000000000000000, -4.450000000000000178 ) ) ;
#8283 = LINE ( 'NONE', #1159, #6902 ) ;
#8284 = COLOUR_RGB ( '',0.3137254901960784270, 0.3137254901960784270, 0.3137254901960784270 ) ;
#8285 = COLOUR_RGB ( '',0.9686274509803921573, 0.8784313725490195957, 0.5999999999999999778 ) ;
#8286 = DIRECTION ( 'NONE',  ( 0.0000000000000000000, -1.000000000000000000, 0.0000000000000000000 ) ) ;
#8287 = PRESENTATION_STYLE_ASSIGNMENT (( #10022 ) ) ;
#8288 = FACE_OUTER_BOUND ( 'NONE', #93, .T. ) ;
#8289 = CIRCLE ( 'NONE', #5827, 0.5000000000000008882 ) ;
#8290 = EDGE_CURVE ( 'NONE', #6696, #4498, #2421, .T. ) ;
#8291 =( NAMED_UNIT ( * ) PLANE_ANGLE_UNIT ( ) SI_UNIT ( $, .RADIAN. ) );
#8292 = CARTESIAN_POINT ( 'NONE',  ( 4.759999999999997122, 8.800000000000000711, 1.589999999999997193 ) ) ;
#8293 = FACE_OUTER_BOUND ( 'NONE', #6183, .T. ) ;
#8294 = ORIENTED_EDGE ( 'NONE', *, *, #2072, .T. ) ;
#8295 = SURFACE_STYLE_FILL_AREA ( #4393 ) ;
#8296 = ORIENTED_EDGE ( 'NONE', *, *, #1636, .F. ) ;
#8297 = DIRECTION ( 'NONE',  ( 1.000000000000000000, 0.0000000000000000000, 0.0000000000000000000 ) ) ;
#8298 = FILL_AREA_STYLE_COLOUR ( '', #9014 ) ;
#8299 = EDGE_CURVE ( 'NONE', #4583, #8253, #4047, .T. ) ;
#8300 = SURFACE_SIDE_STYLE ('',( #5175 ) ) ;
#8301 = PLANE ( 'NONE',  #8618 ) ;
#8302 = EDGE_CURVE ( 'NONE', #9328, #2534, #6408, .T. ) ;
#8303 = ORIENTED_EDGE ( 'NONE', *, *, #9384, .T. ) ;
#8304 =( NAMED_UNIT ( * ) SI_UNIT ( $, .STERADIAN. ) SOLID_ANGLE_UNIT ( ) );
#8305 = VERTEX_POINT ( 'NONE', #9353 ) ;
#8306 = VERTEX_POINT ( 'NONE', #5428 ) ;
#8307 = LINE ( 'NONE', #8165, #6055 ) ;
#8308 =( NAMED_UNIT ( * ) PLANE_ANGLE_UNIT ( ) SI_UNIT ( $, .RADIAN. ) );
#8309 = CARTESIAN_POINT ( 'NONE',  ( -1.616367046162731302, -1.362369035843581377, 2.193632953837268751 ) ) ;
#8310 =( LENGTH_UNIT ( ) NAMED_UNIT ( * ) SI_UNIT ( .MILLI., .METRE. ) );
#8311 =( GEOMETRIC_REPRESENTATION_CONTEXT ( 3 ) GLOBAL_UNCERTAINTY_ASSIGNED_CONTEXT ( ( #2889 ) ) GLOBAL_UNIT_ASSIGNED_CONTEXT ( ( #1727, #2555, #5777 ) ) REPRESENTATION_CONTEXT ( 'NONE', 'WORKASPACE' ) );
#8312 = ADVANCED_FACE ( 'NONE', ( #5689 ), #1011, .T. ) ;
#8313 = FILL_AREA_STYLE_COLOUR ( '', #5438 ) ;
#8314 = ORIENTED_EDGE ( 'NONE', *, *, #1330, .T. ) ;
#8315 = VECTOR ( 'NONE', #3447, 1000.000000000000114 ) ;
#8316 = EDGE_LOOP ( 'NONE', ( #6540, #3007, #1952, #7828 ) ) ;
#8318 = ORIENTED_EDGE ( 'NONE', *, *, #8642, .F. ) ;
#8317 = CARTESIAN_POINT ( 'NONE',  ( -7.500000000000000000, -0.1000000000000000056, 3.700000000000001066 ) ) ;
#8319 = DIRECTION ( 'NONE',  ( 0.9063077870366511579, 0.4226182617406970543, 0.0000000000000000000 ) ) ;
#8320 = UNCERTAINTY_MEASURE_WITH_UNIT (LENGTH_MEASURE( 1.000000000000000082E-05 ), #3887, 'distance_accuracy_value', 'NONE');
#8321 = CARTESIAN_POINT ( 'NONE',  ( 2.219999999999997531, 8.800000000000000711, -0.9500000000000025091 ) ) ;
#8322 = CARTESIAN_POINT ( 'NONE',  ( -2.860000000000001652, 8.371098615898084461, -1.590000000000002522 ) ) ;
#8323 = CARTESIAN_POINT ( 'NONE',  ( -2.860000000000002540, 8.800000000000000711, 0.9499999999999971800 ) ) ;
#8324 =( LENGTH_UNIT ( ) NAMED_UNIT ( * ) SI_UNIT ( .MILLI., .METRE. ) );
#8325 = COLOUR_RGB ( '',0.9686274509803921573, 0.8784313725490195957, 0.5999999999999999778 ) ;
#8326 = ORIENTED_EDGE ( 'NONE', *, *, #8973, .T. ) ;
#8327 = DIRECTION ( 'NONE',  ( -1.000000000000000000, 0.0000000000000000000, -0.0000000000000000000 ) ) ;
#8328 = DIRECTION ( 'NONE',  ( 1.000000000000000000, 0.0000000000000000000, 1.694065894508600925E-16 ) ) ;
#8329 = VECTOR ( 'NONE', #5272, 1000.000000000000000 ) ;
#8330 = FACE_OUTER_BOUND ( 'NONE', #21, .T. ) ;
#8331 = STYLED_ITEM ( 'NONE', ( #7386 ), #5235 ) ;
#8332 = LINE ( 'NONE', #375, #7945 ) ;
#8333 = VECTOR ( 'NONE', #4075, 1000.000000000000000 ) ;
#8334 = VECTOR ( 'NONE', #4867, 1000.000000000000000 ) ;
#8335 = CARTESIAN_POINT ( 'NONE',  ( 4.759999999999998899, 8.371098615898084461, -0.9500000000000025091 ) ) ;
#8336 =( GEOMETRIC_REPRESENTATION_CONTEXT ( 3 ) GLOBAL_UNCERTAINTY_ASSIGNED_CONTEXT ( ( #1519 ) ) GLOBAL_UNIT_ASSIGNED_CONTEXT ( ( #2873, #2198, #8484 ) ) REPRESENTATION_CONTEXT ( 'NONE', 'WORKASPACE' ) );
#8337 = CARTESIAN_POINT ( 'NONE',  ( 2.219999999999996643, 0.0000000000000000000, 0.0000000000000000000 ) ) ;
#8338 = ORIENTED_EDGE ( 'NONE', *, *, #4565, .F. ) ;
#8339 = UNCERTAINTY_MEASURE_WITH_UNIT (LENGTH_MEASURE( 1.000000000000000082E-05 ), #3211, 'distance_accuracy_value', 'NONE');
#8340 = AXIS2_PLACEMENT_3D ( 'NONE', #6697, #6005, #2025 ) ;
#8341 = VECTOR ( 'NONE', #6105, 1000.000000000000000 ) ;
#8342 = DIRECTION ( 'NONE',  ( -0.0000000000000000000, -0.0000000000000000000, -1.000000000000000000 ) ) ;
#8343 = CARTESIAN_POINT ( 'NONE',  ( -2.860000000000002540, 8.800000000000000711, 1.589999999999997193 ) ) ;
#8344 = STYLED_ITEM ( 'NONE', ( #976 ), #6296 ) ;
#8345 = FACE_OUTER_BOUND ( 'NONE', #3635, .T. ) ;
#8346 = CARTESIAN_POINT ( 'NONE',  ( -5.400000000000003020, 8.800000000000000711, 1.149999999999997913 ) ) ;
#8347 = STYLED_ITEM ( 'NONE', ( #673 ), #1823 ) ;
#8348 = ADVANCED_FACE ( 'NONE', ( #3308 ), #5793, .F. ) ;
#8349 = DIRECTION ( 'NONE',  ( 0.0000000000000000000, -1.000000000000000000, 0.0000000000000000000 ) ) ;
#8350 = ORIENTED_EDGE ( 'NONE', *, *, #5290, .T. ) ;
#8351 = FILL_AREA_STYLE ('',( #7815 ) ) ;
#8352 = EDGE_LOOP ( 'NONE', ( #9463, #8296, #1654, #7962 ) ) ;
#8353 = VERTEX_POINT ( 'NONE', #1058 ) ;
#8354 = SURFACE_SIDE_STYLE ('',( #7565 ) ) ;
#8355 = CARTESIAN_POINT ( 'NONE',  ( 5.399999999999996803, -2.599999999999996536, 1.589999999999997415 ) ) ;
#8356 =( NAMED_UNIT ( * ) SI_UNIT ( $, .STERADIAN. ) SOLID_ANGLE_UNIT ( ) );
#8357 = LINE ( 'NONE', #8272, #895 ) ;
#8358 = AXIS2_PLACEMENT_3D ( 'NONE', #9662, #5920, #7346 ) ;
#8359 = DIRECTION ( 'NONE',  ( -0.0000000000000000000, -0.0000000000000000000, -1.000000000000000000 ) ) ;
#8360 = CARTESIAN_POINT ( 'NONE',  ( 4.726128629393490597E-16, -3.000000000000000000, -1.394906964573654484 ) ) ;
#8361 = COLOUR_RGB ( '',0.3137254901960784270, 0.3137254901960784270, 0.3137254901960784270 ) ;
#8362 = LINE ( 'NONE', #2130, #7168 ) ;
#8363 = EDGE_LOOP ( 'NONE', ( #1323, #1375, #8006, #5532 ) ) ;
#8364 = DIRECTION ( 'NONE',  ( 1.126443815569355400E-16, -1.000000000000000000, 0.0000000000000000000 ) ) ;
#8365 = ORIENTED_EDGE ( 'NONE', *, *, #9829, .T. ) ;
#8367 = ORIENTED_EDGE ( 'NONE', *, *, #10264, .F. ) ;
#8366 = LINE ( 'NONE', #5964, #486 ) ;
#8368 = PRESENTATION_STYLE_ASSIGNMENT (( #625 ) ) ;
#8369 = EDGE_CURVE ( 'NONE', #3172, #3499, #7402, .T. ) ;
#8370 = MECHANICAL_DESIGN_GEOMETRIC_PRESENTATION_REPRESENTATION (  '', ( #4617 ), #440 ) ;
#8371 = CARTESIAN_POINT ( 'NONE',  ( 5.080000000000000071, -3.000000000000000000, -1.145093035426345329 ) ) ;
#8372 = DIRECTION ( 'NONE',  ( 3.070690223892710525E-16, 0.4226182617406968878, -0.9063077870366512689 ) ) ;
#8373 = DIRECTION ( 'NONE',  ( 1.000000000000000000, 0.0000000000000000000, -0.0000000000000000000 ) ) ;
#8374 = EDGE_CURVE ( 'NONE', #10075, #4700, #9789, .T. ) ;
#8375 = VECTOR ( 'NONE', #4214, 1000.000000000000000 ) ;
#8376 = EDGE_CURVE ( 'NONE', #9929, #2643, #4348, .T. ) ;
#8377 = COLOUR_RGB ( '',0.9686274509803921573, 0.8784313725490195957, 0.5999999999999999778 ) ;
#8378 = ORIENTED_EDGE ( 'NONE', *, *, #1708, .T. ) ;
#8379 = CARTESIAN_POINT ( 'NONE',  ( 0.0000000000000000000, -0.1000000000000000056, 3.700000000000001066 ) ) ;
#8380 = EDGE_LOOP ( 'NONE', ( #8601, #7335, #9865, #9168 ) ) ;
#8381 = CARTESIAN_POINT ( 'NONE',  ( -4.960000000000003517, 8.800000000000000711, 1.149999999999997913 ) ) ;
#8382 = MECHANICAL_DESIGN_GEOMETRIC_PRESENTATION_REPRESENTATION (  '', ( #7112 ), #7440 ) ;
#8383 = STYLED_ITEM ( 'NONE', ( #9562 ), #7304 ) ;
#8384 =( LENGTH_UNIT ( ) NAMED_UNIT ( * ) SI_UNIT ( .MILLI., .METRE. ) );
#8385 = ADVANCED_FACE ( 'NONE', ( #9618 ), #2531, .T. ) ;
#8386 = CARTESIAN_POINT ( 'NONE',  ( 7.500000000000000000, 0.0000000000000000000, -3.200000000000000178 ) ) ;
#8387 = PRESENTATION_LAYER_ASSIGNMENT (  '', '', ( #9229 ) ) ;
#8388 = FILL_AREA_STYLE ('',( #2102 ) ) ;
#8389 = VECTOR ( 'NONE', #6476, 1000.000000000000000 ) ;
#8390 = COLOUR_RGB ( '',0.9686274509803921573, 0.8784313725490195957, 0.5999999999999999778 ) ;
#8391 = SURFACE_STYLE_USAGE ( .BOTH. , #5263 ) ;
#8392 = FACE_OUTER_BOUND ( 'NONE', #3735, .T. ) ;
#8393 = SURFACE_STYLE_USAGE ( .BOTH. , #9675 ) ;
#8394 = VERTEX_POINT ( 'NONE', #9077 ) ;
#8395 =( NAMED_UNIT ( * ) SI_UNIT ( $, .STERADIAN. ) SOLID_ANGLE_UNIT ( ) );
#8396 = SURFACE_STYLE_USAGE ( .BOTH. , #3523 ) ;
#8397 =( NAMED_UNIT ( * ) PLANE_ANGLE_UNIT ( ) SI_UNIT ( $, .RADIAN. ) );
#8398 = VECTOR ( 'NONE', #7244, 1000.000000000000000 ) ;
#8399 = DIRECTION ( 'NONE',  ( -0.0000000000000000000, -1.000000000000000000, -0.0000000000000000000 ) ) ;
#8400 = CARTESIAN_POINT ( 'NONE',  ( -0.3200000000000017275, 8.371098615898084461, -0.9500000000000025091 ) ) ;
#8401 = CARTESIAN_POINT ( 'NONE',  ( -0.3200000000000025602, 8.371098615898084461, 1.589999999999997193 ) ) ;
#8402 = FILL_AREA_STYLE_COLOUR ( '', #3121 ) ;
#8403 = VERTEX_POINT ( 'NONE', #2103 ) ;
#8404 = PLANE ( 'NONE',  #9569 ) ;
#8405 = ORIENTED_EDGE ( 'NONE', *, *, #7649, .T. ) ;
#8406 = VERTEX_POINT ( 'NONE', #5165 ) ;
#8407 =( NAMED_UNIT ( * ) SI_UNIT ( $, .STERADIAN. ) SOLID_ANGLE_UNIT ( ) );
#8408 = SURFACE_STYLE_USAGE ( .BOTH. , #5285 ) ;
#8409 = CARTESIAN_POINT ( 'NONE',  ( -4.760000000000002451, 8.371098615898084461, -0.9500000000000022871 ) ) ;
#8410 = PRESENTATION_STYLE_ASSIGNMENT (( #6210 ) ) ;
#8411 = SURFACE_STYLE_FILL_AREA ( #4365 ) ;
#8412 = STYLED_ITEM ( 'NONE', ( #2360 ), #4557 ) ;
#8413 = UNCERTAINTY_MEASURE_WITH_UNIT (LENGTH_MEASURE( 1.000000000000000082E-05 ), #5453, 'distance_accuracy_value', 'NONE');
#8414 =( GEOMETRIC_REPRESENTATION_CONTEXT ( 3 ) GLOBAL_UNCERTAINTY_ASSIGNED_CONTEXT ( ( #6703 ) ) GLOBAL_UNIT_ASSIGNED_CONTEXT ( ( #3131, #10226, #5552 ) ) REPRESENTATION_CONTEXT ( 'NONE', 'WORKASPACE' ) );
#8415 = FILL_AREA_STYLE ('',( #10056 ) ) ;
#8416 = CARTESIAN_POINT ( 'NONE',  ( -4.760000000000003340, 8.371098615898084461, 1.589999999999997415 ) ) ;
#8417 = PRESENTATION_LAYER_ASSIGNMENT (  '', '', ( #10275 ) ) ;
#8418 = CARTESIAN_POINT ( 'NONE',  ( -0.3200000000000017275, 8.371098615898084461, -1.590000000000002522 ) ) ;
#8419 = SURFACE_STYLE_FILL_AREA ( #5293 ) ;
#8420 =( GEOMETRIC_REPRESENTATION_CONTEXT ( 3 ) GLOBAL_UNCERTAINTY_ASSIGNED_CONTEXT ( ( #7434 ) ) GLOBAL_UNIT_ASSIGNED_CONTEXT ( ( #6596, #8998, #7426 ) ) REPRESENTATION_CONTEXT ( 'NONE', 'WORKASPACE' ) );
#8421 = ORIENTED_EDGE ( 'NONE', *, *, #2364, .F. ) ;
#8422 = DIRECTION ( 'NONE',  ( -1.000000000000000000, 0.0000000000000000000, -1.694065894508600925E-16 ) ) ;
#8423 = VERTEX_POINT ( 'NONE', #5315 ) ;
#8425 = EDGE_LOOP ( 'NONE', ( #6674, #2451, #2375, #5090 ) ) ;
#8424 = SURFACE_SIDE_STYLE ('',( #9264 ) ) ;
#8426 =( GEOMETRIC_REPRESENTATION_CONTEXT ( 3 ) GLOBAL_UNCERTAINTY_ASSIGNED_CONTEXT ( ( #9611 ) ) GLOBAL_UNIT_ASSIGNED_CONTEXT ( ( #811, #5530, #8669 ) ) REPRESENTATION_CONTEXT ( 'NONE', 'WORKASPACE' ) );
#8427 = UNCERTAINTY_MEASURE_WITH_UNIT (LENGTH_MEASURE( 1.000000000000000082E-05 ), #89, 'distance_accuracy_value', 'NONE');
#8428 = DIRECTION ( 'NONE',  ( 0.0000000000000000000, 0.0000000000000000000, -1.000000000000000000 ) ) ;
#8429 = LINE ( 'NONE', #3756, #2229 ) ;
#8430 = FILL_AREA_STYLE_COLOUR ( '', #6391 ) ;
#8431 = DIRECTION ( 'NONE',  ( -0.0000000000000000000, 0.0000000000000000000, 1.000000000000000000 ) ) ;
#8432 = VECTOR ( 'NONE', #4357, 1000.000000000000000 ) ;
#8433 = EDGE_CURVE ( 'NONE', #9539, #3965, #7544, .T. ) ;
#8434 = ORIENTED_EDGE ( 'NONE', *, *, #8643, .F. ) ;
#8435 = DIRECTION ( 'NONE',  ( 0.0000000000000000000, 0.0000000000000000000, 1.000000000000000000 ) ) ;
#8436 = SURFACE_STYLE_FILL_AREA ( #4439 ) ;
#8437 = DIRECTION ( 'NONE',  ( 0.0000000000000000000, 1.000000000000000000, 0.0000000000000000000 ) ) ;
#8438 = DIRECTION ( 'NONE',  ( -1.000000000000000000, 0.0000000000000000000, -3.388131789017201849E-16 ) ) ;
#8439 = ADVANCED_FACE ( 'NONE', ( #8293 ), #6077, .F. ) ;
#8440 = DIRECTION ( 'NONE',  ( 0.0000000000000000000, -1.000000000000000000, 0.0000000000000000000 ) ) ;
#8441 = CARTESIAN_POINT ( 'NONE',  ( -10.16000000000000192, 0.0000000000000000000, 1.750000000000001110 ) ) ;
#8442 =( NAMED_UNIT ( * ) SI_UNIT ( $, .STERADIAN. ) SOLID_ANGLE_UNIT ( ) );
#8443 = VECTOR ( 'NONE', #2926, 1000.000000000000000 ) ;
#8444 = STYLED_ITEM ( 'NONE', ( #9941 ), #4803 ) ;
#8445 =( NAMED_UNIT ( * ) PLANE_ANGLE_UNIT ( ) SI_UNIT ( $, .RADIAN. ) );
#8446 = PRESENTATION_STYLE_ASSIGNMENT (( #5976 ) ) ;
#8447 = CARTESIAN_POINT ( 'NONE',  ( -5.400000000000003020, -2.599999999999996536, 1.589999999999997193 ) ) ;
#8448 = VECTOR ( 'NONE', #8578, 1000.000000000000000 ) ;
#8449 =( LENGTH_UNIT ( ) NAMED_UNIT ( * ) SI_UNIT ( .MILLI., .METRE. ) );
#8450 = VECTOR ( 'NONE', #3946, 1000.000000000000000 ) ;
#8451 = EDGE_CURVE ( 'NONE', #1240, #2932, #5978, .T. ) ;
#8452 = ADVANCED_FACE ( 'NONE', ( #9132 ), #1386, .T. ) ;
#8453 = FILL_AREA_STYLE_COLOUR ( '', #9574 ) ;
#8454 = ORIENTED_EDGE ( 'NONE', *, *, #6378, .F. ) ;
#8455 = UNCERTAINTY_MEASURE_WITH_UNIT (LENGTH_MEASURE( 1.000000000000000082E-05 ), #7004, 'distance_accuracy_value', 'NONE');
#8456 = FILL_AREA_STYLE ('',( #2110 ) ) ;
#8457 =( NAMED_UNIT ( * ) PLANE_ANGLE_UNIT ( ) SI_UNIT ( $, .RADIAN. ) );
#8458 = CARTESIAN_POINT ( 'NONE',  ( 0.0000000000000000000, 0.0000000000000000000, 0.0000000000000000000 ) ) ;
#8459 = FILL_AREA_STYLE_COLOUR ( '', #2312 ) ;
#8460 = VECTOR ( 'NONE', #4009, 1000.000000000000000 ) ;
#8461 = SURFACE_STYLE_FILL_AREA ( #2845 ) ;
#8462 = DIRECTION ( 'NONE',  ( -1.000000000000000000, 0.0000000000000000000, -3.388131789017201849E-16 ) ) ;
#8463 =( LENGTH_UNIT ( ) NAMED_UNIT ( * ) SI_UNIT ( .MILLI., .METRE. ) );
#8464 = ORIENTED_EDGE ( 'NONE', *, *, #4324, .T. ) ;
#8465 = DIRECTION ( 'NONE',  ( -1.000000000000000000, 0.0000000000000000000, -0.0000000000000000000 ) ) ;
#8466 = ORIENTED_EDGE ( 'NONE', *, *, #7381, .T. ) ;
#8467 = VERTEX_POINT ( 'NONE', #9498 ) ;
#8468 = CARTESIAN_POINT ( 'NONE',  ( 0.09994218300928651988, -3.461009071065141551, 1.170057816990708099 ) ) ;
#8469 = FILL_AREA_STYLE ('',( #5333 ) ) ;
#8470 = LINE ( 'NONE', #3741, #8831 ) ;
#8471 = LINE ( 'NONE', #449, #2152 ) ;
#8472 = FILL_AREA_STYLE_COLOUR ( '', #5234 ) ;
#8473 = FILL_AREA_STYLE ('',( #6907 ) ) ;
#8474 = ORIENTED_EDGE ( 'NONE', *, *, #1383, .T. ) ;
#8475 = CARTESIAN_POINT ( 'NONE',  ( 0.0000000000000000000, 8.800000000000000711, 0.0000000000000000000 ) ) ;
#8476 = ORIENTED_EDGE ( 'NONE', *, *, #8816, .T. ) ;
#8478 = EDGE_LOOP ( 'NONE', ( #1968, #7180, #2733, #223 ) ) ;
#8477 = DIRECTION ( 'NONE',  ( 0.0000000000000000000, 0.0000000000000000000, -1.000000000000000000 ) ) ;
#8479 = DIRECTION ( 'NONE',  ( 0.0000000000000000000, 0.0000000000000000000, -1.000000000000000000 ) ) ;
#8480 = CARTESIAN_POINT ( 'NONE',  ( 5.399999999999996803, 8.371098615898084461, 1.589999999999997415 ) ) ;
#8481 =( NAMED_UNIT ( * ) PLANE_ANGLE_UNIT ( ) SI_UNIT ( $, .RADIAN. ) );
#8482 = CARTESIAN_POINT ( 'NONE',  ( -5.015304598860759633, 6.155492771579991640, 4.549999999999999822 ) ) ;
#8483 = SURFACE_STYLE_USAGE ( .BOTH. , #3074 ) ;
#8484 =( NAMED_UNIT ( * ) SI_UNIT ( $, .STERADIAN. ) SOLID_ANGLE_UNIT ( ) );
#8485 = VECTOR ( 'NONE', #5612, 1000.000000000000000 ) ;
#8486 = ORIENTED_EDGE ( 'NONE', *, *, #5548, .F. ) ;
#8487 = DIRECTION ( 'NONE',  ( -1.000000000000000000, 0.0000000000000000000, -3.388131789017201849E-16 ) ) ;
#8488 =( NAMED_UNIT ( * ) PLANE_ANGLE_UNIT ( ) SI_UNIT ( $, .RADIAN. ) );
#8489 = MECHANICAL_DESIGN_GEOMETRIC_PRESENTATION_REPRESENTATION (  '', ( #7045 ), #6704 ) ;
#8490 = EDGE_CURVE ( 'NONE', #3931, #9273, #9550, .T. ) ;
#8491 =( LENGTH_UNIT ( ) NAMED_UNIT ( * ) SI_UNIT ( .MILLI., .METRE. ) );
#8492 = VECTOR ( 'NONE', #8022, 1000.000000000000000 ) ;
#8493 = SURFACE_STYLE_USAGE ( .BOTH. , #744 ) ;
#8494 = DIRECTION ( 'NONE',  ( 5.421010862427507971E-15, -0.0000000000000000000, -1.000000000000000000 ) ) ;
#8495 = CARTESIAN_POINT ( 'NONE',  ( 10.15999999999999837, 0.0000000000000000000, -4.549999999999999822 ) ) ;
#8496 = STYLED_ITEM ( 'NONE', ( #9087 ), #511 ) ;
#8497 = CARTESIAN_POINT ( 'NONE',  ( 2.859999999999996767, 1.299999999999999156, 1.589999999999997415 ) ) ;
#8498 = FILL_AREA_STYLE_COLOUR ( '', #8792 ) ;
#8499 = ORIENTED_EDGE ( 'NONE', *, *, #7882, .F. ) ;
#8500 = EDGE_CURVE ( 'NONE', #6894, #2981, #10145, .T. ) ;
#8501 = CARTESIAN_POINT ( 'NONE',  ( 4.759999999999998899, 8.800000000000000711, -0.9500000000000025091 ) ) ;
#8502 =( NAMED_UNIT ( * ) PLANE_ANGLE_UNIT ( ) SI_UNIT ( $, .RADIAN. ) );
#8503 = DIRECTION ( 'NONE',  ( 0.0000000000000000000, -0.0000000000000000000, -1.000000000000000000 ) ) ;
#8504 = VECTOR ( 'NONE', #7765, 1000.000000000000000 ) ;
#8505 = FILL_AREA_STYLE ('',( #5370 ) ) ;
#8506 = AXIS2_PLACEMENT_3D ( 'NONE', #1491, #7152, #5683 ) ;
#8507 = LINE ( 'NONE', #6352, #3514 ) ;
#8508 = ADVANCED_FACE ( 'NONE', ( #3148 ), #5472, .T. ) ;
#8509 = EDGE_CURVE ( 'NONE', #2116, #4715, #54, .T. ) ;
#8510 = VECTOR ( 'NONE', #6499, 1000.000000000000000 ) ;
#8511 = PLANE ( 'NONE',  #4342 ) ;
#8512 =( NAMED_UNIT ( * ) SI_UNIT ( $, .STERADIAN. ) SOLID_ANGLE_UNIT ( ) );
#8513 = FACE_OUTER_BOUND ( 'NONE', #2807, .T. ) ;
#8514 = AXIS2_PLACEMENT_3D ( 'NONE', #7219, #8746, #875 ) ;
#8515 = ORIENTED_EDGE ( 'NONE', *, *, #4613, .F. ) ;
#8516 = ORIENTED_EDGE ( 'NONE', *, *, #9487, .F. ) ;
#8517 = SURFACE_STYLE_USAGE ( .BOTH. , #2223 ) ;
#8518 =( NAMED_UNIT ( * ) SI_UNIT ( $, .STERADIAN. ) SOLID_ANGLE_UNIT ( ) );
#8519 = UNCERTAINTY_MEASURE_WITH_UNIT (LENGTH_MEASURE( 1.000000000000000082E-05 ), #9631, 'distance_accuracy_value', 'NONE');
#8520 = FACE_OUTER_BOUND ( 'NONE', #6574, .T. ) ;
#8521 = DIRECTION ( 'NONE',  ( 1.000000000000000000, 0.0000000000000000000, 0.0000000000000000000 ) ) ;
#8522 = VECTOR ( 'NONE', #4350, 1000.000000000000000 ) ;
#8523 = PRESENTATION_LAYER_ASSIGNMENT (  '', '', ( #3407 ) ) ;
#8524 = DIRECTION ( 'NONE',  ( 0.0000000000000000000, -1.000000000000000000, 0.0000000000000000000 ) ) ;
#8525 = ORIENTED_EDGE ( 'NONE', *, *, #3179, .F. ) ;
#8526 = SURFACE_SIDE_STYLE ('',( #10168 ) ) ;
#8527 = VERTEX_POINT ( 'NONE', #1538 ) ;
#8529 = ORIENTED_EDGE ( 'NONE', *, *, #3945, .T. ) ;
#8528 = DIRECTION ( 'NONE',  ( -0.0000000000000000000, 0.0000000000000000000, 1.000000000000000000 ) ) ;
#8530 =( NAMED_UNIT ( * ) SI_UNIT ( $, .STERADIAN. ) SOLID_ANGLE_UNIT ( ) );
#8531 = PRESENTATION_LAYER_ASSIGNMENT (  '', '', ( #266 ) ) ;
#8532 = UNCERTAINTY_MEASURE_WITH_UNIT (LENGTH_MEASURE( 1.000000000000000082E-05 ), #6676, 'distance_accuracy_value', 'NONE');
#8533 = FILL_AREA_STYLE_COLOUR ( '', #7200 ) ;
#8534 =( NAMED_UNIT ( * ) SI_UNIT ( $, .STERADIAN. ) SOLID_ANGLE_UNIT ( ) );
#8535 = FILL_AREA_STYLE_COLOUR ( '', #9350 ) ;
#8537 =( GEOMETRIC_REPRESENTATION_CONTEXT ( 3 ) GLOBAL_UNCERTAINTY_ASSIGNED_CONTEXT ( ( #7021 ) ) GLOBAL_UNIT_ASSIGNED_CONTEXT ( ( #10209, #3115, #8407 ) ) REPRESENTATION_CONTEXT ( 'NONE', 'WORKASPACE' ) );
#8536 = DIRECTION ( 'NONE',  ( 1.694065894508600925E-16, 0.0000000000000000000, -1.000000000000000000 ) ) ;
#8538 = VERTEX_POINT ( 'NONE', #1583 ) ;
#8539 =( NAMED_UNIT ( * ) SI_UNIT ( $, .STERADIAN. ) SOLID_ANGLE_UNIT ( ) );
#8540 = FACE_OUTER_BOUND ( 'NONE', #4101, .T. ) ;
#8541 = DIRECTION ( 'NONE',  ( 0.0000000000000000000, 0.0000000000000000000, -1.000000000000000000 ) ) ;
#8542 = ORIENTED_EDGE ( 'NONE', *, *, #8302, .F. ) ;
#8543 = LINE ( 'NONE', #690, #8654 ) ;
#8544 = FILL_AREA_STYLE ('',( #6773 ) ) ;
#8545 = AXIS2_PLACEMENT_3D ( 'NONE', #1610, #3068, #7977 ) ;
#8546 = CARTESIAN_POINT ( 'NONE',  ( -4.960000000000003517, 8.800000000000000711, 0.9499999999999972911 ) ) ;
#8547 = EDGE_CURVE ( 'NONE', #903, #4498, #5619, .T. ) ;
#8548 = DIRECTION ( 'NONE',  ( 1.000000000000000000, 0.0000000000000000000, 0.0000000000000000000 ) ) ;
#8549 = AXIS2_PLACEMENT_3D ( 'NONE', #7800, #4299, #3769 ) ;
#8550 = CARTESIAN_POINT ( 'NONE',  ( -9.459999999999993747, 9.000000000000000000, -3.199999999999999734 ) ) ;
#8551 = MECHANICAL_DESIGN_GEOMETRIC_PRESENTATION_REPRESENTATION (  '', ( #7263 ), #8897 ) ;
#8552 = SURFACE_STYLE_FILL_AREA ( #4511 ) ;
#8553 = VERTEX_POINT ( 'NONE', #3832 ) ;
#8554 = UNCERTAINTY_MEASURE_WITH_UNIT (LENGTH_MEASURE( 1.000000000000000082E-05 ), #3294, 'distance_accuracy_value', 'NONE');
#8555 = DIRECTION ( 'NONE',  ( 0.0000000000000000000, -1.000000000000000000, 0.0000000000000000000 ) ) ;
#8556 = DIRECTION ( 'NONE',  ( 1.694065894508600925E-16, 0.0000000000000000000, -1.000000000000000000 ) ) ;
#8557 = SURFACE_SIDE_STYLE ('',( #10096 ) ) ;
#8558 = AXIS2_PLACEMENT_3D ( 'NONE', #570, #6123, #2967 ) ;
#8559 = ADVANCED_FACE ( 'NONE', ( #4604 ), #3990, .T. ) ;
#8560 = SURFACE_STYLE_FILL_AREA ( #6308 ) ;
#8561 = VECTOR ( 'NONE', #7491, 1000.000000000000000 ) ;
#8562 = MECHANICAL_DESIGN_GEOMETRIC_PRESENTATION_REPRESENTATION (  '', ( #3639 ), #8233 ) ;
#8563 = DIRECTION ( 'NONE',  ( 1.000000000000000000, 0.0000000000000000000, 3.388131789017201849E-16 ) ) ;
#8564 = ADVANCED_FACE ( 'NONE', ( #8040 ), #8808, .F. ) ;
#8565 = COLOUR_RGB ( '',0.9686274509803921573, 0.8784313725490195957, 0.5999999999999999778 ) ;
#8566 = CARTESIAN_POINT ( 'NONE',  ( 2.219999999999997531, 8.800000000000000711, -1.590000000000002522 ) ) ;
#8567 = VERTEX_POINT ( 'NONE', #7443 ) ;
#8568 = EDGE_CURVE ( 'NONE', #10049, #830, #9776, .T. ) ;
#8569 = FILL_AREA_STYLE ('',( #3114 ) ) ;
#8570 = MECHANICAL_DESIGN_GEOMETRIC_PRESENTATION_REPRESENTATION (  '', ( #2639 ), #3325 ) ;
#8571 = EDGE_CURVE ( 'NONE', #10107, #4686, #6555, .T. ) ;
#8572 = MECHANICAL_DESIGN_GEOMETRIC_PRESENTATION_REPRESENTATION (  '', ( #8737 ), #3476 ) ;
#8573 = PLANE ( 'NONE',  #2691 ) ;
#8574 =( LENGTH_UNIT ( ) NAMED_UNIT ( * ) SI_UNIT ( .MILLI., .METRE. ) );
#8575 = SURFACE_STYLE_FILL_AREA ( #8680 ) ;
#8576 = PLANE ( 'NONE',  #10116 ) ;
#8577 = VECTOR ( 'NONE', #6682, 1000.000000000000000 ) ;
#8578 = DIRECTION ( 'NONE',  ( 0.0000000000000000000, -1.000000000000000000, 0.0000000000000000000 ) ) ;
#8579 = PRESENTATION_LAYER_ASSIGNMENT (  '', '', ( #6963 ) ) ;
#8580 = FILL_AREA_STYLE_COLOUR ( '', #1305 ) ;
#8581 =( GEOMETRIC_REPRESENTATION_CONTEXT ( 3 ) GLOBAL_UNCERTAINTY_ASSIGNED_CONTEXT ( ( #5883 ) ) GLOBAL_UNIT_ASSIGNED_CONTEXT ( ( #7885, #7179, #8539 ) ) REPRESENTATION_CONTEXT ( 'NONE', 'WORKASPACE' ) );
#8582 = ORIENTED_EDGE ( 'NONE', *, *, #543, .F. ) ;
#8583 = DIRECTION ( 'NONE',  ( -1.000000000000000000, 0.0000000000000000000, -1.694065894508600925E-16 ) ) ;
#8584 = MECHANICAL_DESIGN_GEOMETRIC_PRESENTATION_REPRESENTATION (  '', ( #9587 ), #986 ) ;
#8585 = ORIENTED_EDGE ( 'NONE', *, *, #6454, .T. ) ;
#8586 = VERTEX_POINT ( 'NONE', #7293 ) ;
#8587 = ADVANCED_FACE ( 'NONE', ( #6667 ), #4137, .F. ) ;
#8588 = LINE ( 'NONE', #7927, #6590 ) ;
#8589 = EDGE_CURVE ( 'NONE', #775, #8107, #8255, .T. ) ;
#8590 = LINE ( 'NONE', #1520, #10090 ) ;
#8591 = FACE_OUTER_BOUND ( 'NONE', #7171, .T. ) ;
#8592 = LINE ( 'NONE', #4068, #1596 ) ;
#8593 = LINE ( 'NONE', #4695, #6301 ) ;
#8594 = FACE_OUTER_BOUND ( 'NONE', #1811, .T. ) ;
#8595 = ORIENTED_EDGE ( 'NONE', *, *, #1634, .F. ) ;
#8596 = DIRECTION ( 'NONE',  ( 0.0000000000000000000, 0.0000000000000000000, 1.000000000000000000 ) ) ;
#8597 = COLOUR_RGB ( '',0.3137254901960784270, 0.3137254901960784270, 0.3137254901960784270 ) ;
#8598 = ORIENTED_EDGE ( 'NONE', *, *, #3159, .T. ) ;
#8599 = CARTESIAN_POINT ( 'NONE',  ( -2.250000000000000888, 9.000000000000000000, -4.551000000000001044 ) ) ;
#8600 = LINE ( 'NONE', #1530, #3458 ) ;
#8601 = ORIENTED_EDGE ( 'NONE', *, *, #4501, .T. ) ;
#8602 = LINE ( 'NONE', #4902, #5589 ) ;
#8603 = PRESENTATION_STYLE_ASSIGNMENT (( #7186 ) ) ;
#8604 = FILL_AREA_STYLE ('',( #101 ) ) ;
#8605 = FILL_AREA_STYLE_COLOUR ( '', #6269 ) ;
#8606 = STYLED_ITEM ( 'NONE', ( #4201 ), #8948 ) ;
#8607 = CARTESIAN_POINT ( 'NONE',  ( -10.16000000000000192, 9.000000000000000000, -4.549999999999999822 ) ) ;
#8608 = DIRECTION ( 'NONE',  ( -1.000000000000000000, 0.0000000000000000000, -0.0000000000000000000 ) ) ;
#8609 = CARTESIAN_POINT ( 'NONE',  ( 4.759999999999997122, -2.599999999999996536, 1.589999999999997193 ) ) ;
#8610 = VECTOR ( 'NONE', #5163, 1000.000000000000000 ) ;
#8611 = EDGE_CURVE ( 'NONE', #4408, #7404, #9065, .T. ) ;
#8612 = SURFACE_SIDE_STYLE ('',( #3300 ) ) ;
#8613 =( LENGTH_UNIT ( ) NAMED_UNIT ( * ) SI_UNIT ( .MILLI., .METRE. ) );
#8614 = ORIENTED_EDGE ( 'NONE', *, *, #9471, .T. ) ;
#8615 = SURFACE_SIDE_STYLE ('',( #756 ) ) ;
#8616 = CYLINDRICAL_SURFACE ( 'NONE', #9940, 0.5000000000000008882 ) ;
#8617 = DIRECTION ( 'NONE',  ( -0.0000000000000000000, 1.000000000000000000, -0.0000000000000000000 ) ) ;
#8618 = AXIS2_PLACEMENT_3D ( 'NONE', #6888, #1343, #10045 ) ;
#8619 = STYLED_ITEM ( 'NONE', ( #9023 ), #5075 ) ;
#8620 = LINE ( 'NONE', #4096, #5133 ) ;
#8621 = ADVANCED_FACE ( 'NONE', ( #7492 ), #1164, .T. ) ;
#8622 = ORIENTED_EDGE ( 'NONE', *, *, #6357, .T. ) ;
#8623 = VECTOR ( 'NONE', #2281, 1000.000000000000114 ) ;
#8624 = AXIS2_PLACEMENT_3D ( 'NONE', #7496, #4287, #1005 ) ;
#8625 = FILL_AREA_STYLE_COLOUR ( '', #2906 ) ;
#8626 = FACE_OUTER_BOUND ( 'NONE', #1306, .T. ) ;
#8627 = UNCERTAINTY_MEASURE_WITH_UNIT (LENGTH_MEASURE( 1.000000000000000082E-05 ), #5445, 'distance_accuracy_value', 'NONE');
#8628 = PRESENTATION_STYLE_ASSIGNMENT (( #7778 ) ) ;
#8629 = SURFACE_STYLE_FILL_AREA ( #76 ) ;
#8630 = ADVANCED_FACE ( 'NONE', ( #470 ), #6767, .T. ) ;
#8631 = MECHANICAL_DESIGN_GEOMETRIC_PRESENTATION_REPRESENTATION (  '', ( #4707 ), #7982 ) ;
#8632 = ORIENTED_EDGE ( 'NONE', *, *, #158, .T. ) ;
#8633 = DIRECTION ( 'NONE',  ( 1.000000000000000000, 0.0000000000000000000, 1.694065894508600925E-16 ) ) ;
#8634 = VERTEX_POINT ( 'NONE', #9924 ) ;
#8635 = UNCERTAINTY_MEASURE_WITH_UNIT (LENGTH_MEASURE( 1.000000000000000082E-05 ), #8927, 'distance_accuracy_value', 'NONE');
#8636 = DIRECTION ( 'NONE',  ( -0.0000000000000000000, -0.0000000000000000000, 1.000000000000000000 ) ) ;
#8637 = CARTESIAN_POINT ( 'NONE',  ( 7.500000000000000000, 0.0000000000000000000, -3.700000000000001066 ) ) ;
#8638 = FILL_AREA_STYLE ('',( #9378 ) ) ;
#8639 = DIRECTION ( 'NONE',  ( 0.3892816206350231401, 0.8348171294789894503, -0.3892816206350231956 ) ) ;
#8640 = EDGE_CURVE ( 'NONE', #7259, #8353, #9123, .T. ) ;
#8641 = DIRECTION ( 'NONE',  ( 1.906289534040446993E-16, 0.0000000000000000000, 1.000000000000000000 ) ) ;
#8642 = EDGE_CURVE ( 'NONE', #4210, #7486, #2037, .T. ) ;
#8643 = EDGE_CURVE ( 'NONE', #5721, #8068, #6017, .T. ) ;
#8644 = EDGE_LOOP ( 'NONE', ( #4816, #816, #3788, #3270 ) ) ;
#8645 = SURFACE_STYLE_FILL_AREA ( #634 ) ;
#8646 = VERTEX_POINT ( 'NONE', #8379 ) ;
#8647 = LINE ( 'NONE', #8599, #8023 ) ;
#8648 = FACE_BOUND ( 'NONE', #804, .T. ) ;
#8649 =( NAMED_UNIT ( * ) SI_UNIT ( $, .STERADIAN. ) SOLID_ANGLE_UNIT ( ) );
#8650 = VERTEX_POINT ( 'NONE', #2335 ) ;
#8651 = SURFACE_SIDE_STYLE ('',( #98 ) ) ;
#8652 = LINE ( 'NONE', #1533, #4747 ) ;
#8653 = DIRECTION ( 'NONE',  ( 0.0000000000000000000, 0.0000000000000000000, -1.000000000000000000 ) ) ;
#8654 = VECTOR ( 'NONE', #5, 999.9999999999998863 ) ;
#8655 = DIRECTION ( 'NONE',  ( -1.000000000000000000, 0.0000000000000000000, -1.694065894508600925E-16 ) ) ;
#8656 = SURFACE_STYLE_FILL_AREA ( #53 ) ;
#8657 = DIRECTION ( 'NONE',  ( 0.0000000000000000000, 0.0000000000000000000, -1.000000000000000000 ) ) ;
#8658 = LINE ( 'NONE', #1586, #8044 ) ;
#8659 = PRESENTATION_LAYER_ASSIGNMENT (  '', '', ( #3224 ) ) ;
#8660 = CARTESIAN_POINT ( 'NONE',  ( -0.3200000000000017275, 8.371098615898084461, -1.590000000000002522 ) ) ;
#8661 = VERTEX_POINT ( 'NONE', #7825 ) ;
#8662 = UNCERTAINTY_MEASURE_WITH_UNIT (LENGTH_MEASURE( 1.000000000000000082E-05 ), #9027, 'distance_accuracy_value', 'NONE');
#8663 = STYLED_ITEM ( 'NONE', ( #9810 ), #5418 ) ;
#8664 = CARTESIAN_POINT ( 'NONE',  ( 2.859999999999997655, 8.800000000000000711, -1.590000000000002300 ) ) ;
#8665 = FACE_OUTER_BOUND ( 'NONE', #3780, .T. ) ;
#8666 = CARTESIAN_POINT ( 'NONE',  ( 2.540000000000000480, -3.000000000000000000, -1.394906964573656261 ) ) ;
#8667 = LINE ( 'NONE', #809, #1193 ) ;
#8668 = VECTOR ( 'NONE', #8842, 1000.000000000000000 ) ;
#8669 =( NAMED_UNIT ( * ) SI_UNIT ( $, .STERADIAN. ) SOLID_ANGLE_UNIT ( ) );
#8670 = PLANE ( 'NONE',  #3315 ) ;
#8671 = ORIENTED_EDGE ( 'NONE', *, *, #6750, .F. ) ;
#8672 = ORIENTED_EDGE ( 'NONE', *, *, #9055, .F. ) ;
#8673 = LINE ( 'NONE', #2325, #4132 ) ;
#8674 = VECTOR ( 'NONE', #4091, 1000.000000000000000 ) ;
#8675 = CARTESIAN_POINT ( 'NONE',  ( -2.220000000000001972, -2.600000000000000089, -0.9500000000000022871 ) ) ;
#8676 =( LENGTH_UNIT ( ) NAMED_UNIT ( * ) SI_UNIT ( .MILLI., .METRE. ) );
#8677 = CARTESIAN_POINT ( 'NONE',  ( -2.220000000000002860, 8.371098615898084461, 0.9499999999999972911 ) ) ;
#8678 = SURFACE_STYLE_USAGE ( .BOTH. , #7964 ) ;
#8679 = CARTESIAN_POINT ( 'NONE',  ( 5.399999999999998579, 8.371098615898084461, -0.9500000000000022871 ) ) ;
#8680 = FILL_AREA_STYLE ('',( #2280 ) ) ;
#8681 = CARTESIAN_POINT ( 'NONE',  ( 0.0000000000000000000, -0.1000000000000000056, 3.700000000000001066 ) ) ;
#8682 = PRESENTATION_LAYER_ASSIGNMENT (  '', '', ( #9695 ) ) ;
#8683 = EDGE_CURVE ( 'NONE', #3484, #3656, #27, .T. ) ;
#8684 =( NAMED_UNIT ( * ) SI_UNIT ( $, .STERADIAN. ) SOLID_ANGLE_UNIT ( ) );
#8685 =( NAMED_UNIT ( * ) PLANE_ANGLE_UNIT ( ) SI_UNIT ( $, .RADIAN. ) );
#8686 = PRESENTATION_LAYER_ASSIGNMENT (  '', '', ( #9703 ) ) ;
#8687 = VECTOR ( 'NONE', #10151, 1000.000000000000000 ) ;
#8688 = ORIENTED_EDGE ( 'NONE', *, *, #6190, .F. ) ;
#8689 = VERTEX_POINT ( 'NONE', #9570 ) ;
#8691 = ORIENTED_EDGE ( 'NONE', *, *, #6022, .F. ) ;
#8690 = CARTESIAN_POINT ( 'NONE',  ( -2.860000000000002540, 8.371098615898084461, 0.9499999999999971800 ) ) ;
#8692 = DIRECTION ( 'NONE',  ( 0.0000000000000000000, 0.0000000000000000000, 1.000000000000000000 ) ) ;
#8693 = DIRECTION ( 'NONE',  ( 0.0000000000000000000, 0.0000000000000000000, 1.000000000000000000 ) ) ;
#8694 = SURFACE_STYLE_USAGE ( .BOTH. , #4027 ) ;
#8695 = PRESENTATION_LAYER_ASSIGNMENT (  '', '', ( #3764 ) ) ;
#8696 = EDGE_LOOP ( 'NONE', ( #8815, #149, #1450, #4897 ) ) ;
#8697 = SURFACE_SIDE_STYLE ('',( #3184 ) ) ;
#8698 = VECTOR ( 'NONE', #702, 1000.000000000000000 ) ;
#8699 = VERTEX_POINT ( 'NONE', #1510 ) ;
#8700 = EDGE_CURVE ( 'NONE', #7455, #6588, #4683, .T. ) ;
#8701 = EDGE_LOOP ( 'NONE', ( #8367, #2234, #9070, #10280 ) ) ;
#8702 = SURFACE_STYLE_USAGE ( .BOTH. , #2510 ) ;
#8703 = COLOUR_RGB ( '',0.9686274509803921573, 0.8784313725490195957, 0.5999999999999999778 ) ;
#8704 = CARTESIAN_POINT ( 'NONE',  ( 0.1500000000000008271, 0.0000000000000000000, -4.549999999999999822 ) ) ;
#8705 = FILL_AREA_STYLE_COLOUR ( '', #217 ) ;
#8706 = CARTESIAN_POINT ( 'NONE',  ( -2.220000000000001972, 8.800000000000000711, -0.9500000000000022871 ) ) ;
#8707 = EDGE_CURVE ( 'NONE', #4498, #3028, #7257, .T. ) ;
#8708 = ADVANCED_FACE ( 'NONE', ( #773 ), #7970, .T. ) ;
#8709 = VECTOR ( 'NONE', #6615, 1000.000000000000000 ) ;
#8710 = DIRECTION ( 'NONE',  ( 0.4014883995042277665, -0.8231732078530418217, -0.4014883995042278220 ) ) ;
#8711 = PRESENTATION_LAYER_ASSIGNMENT (  '', '', ( #4119 ) ) ;
#8712 = DIRECTION ( 'NONE',  ( -1.000000000000000000, 0.0000000000000000000, -1.694065894508600925E-16 ) ) ;
#8713 =( NAMED_UNIT ( * ) PLANE_ANGLE_UNIT ( ) SI_UNIT ( $, .RADIAN. ) );
#8714 = PRESENTATION_STYLE_ASSIGNMENT (( #6503 ) ) ;
#8715 = ORIENTED_EDGE ( 'NONE', *, *, #6056, .F. ) ;
#8716 = ORIENTED_EDGE ( 'NONE', *, *, #6431, .T. ) ;
#8717 = ADVANCED_FACE ( 'NONE', ( #4838 ), #4733, .T. ) ;
#8718 = PRESENTATION_LAYER_ASSIGNMENT (  '', '', ( #2939 ) ) ;
#8719 = SURFACE_STYLE_USAGE ( .BOTH. , #7047 ) ;
#8720 = CARTESIAN_POINT ( 'NONE',  ( 7.850000000000001421, 0.0000000000000000000, -4.549999999999999822 ) ) ;
#8721 = VECTOR ( 'NONE', #10053, 1000.000000000000000 ) ;
#8722 = FILL_AREA_STYLE ('',( #4767 ) ) ;
#8723 = LINE ( 'NONE', #2272, #4315 ) ;
#8724 = PRESENTATION_LAYER_ASSIGNMENT (  '', '', ( #287 ) ) ;
#8725 = VERTEX_POINT ( 'NONE', #9040 ) ;
#8726 = LINE ( 'NONE', #3957, #3802 ) ;
#8727 = VECTOR ( 'NONE', #1454, 1000.000000000000000 ) ;
#8728 = SURFACE_STYLE_FILL_AREA ( #5487 ) ;
#8729 = SURFACE_STYLE_FILL_AREA ( #5588 ) ;
#8730 = AXIS2_PLACEMENT_3D ( 'NONE', #4476, #7627, #508 ) ;
#8731 = DIRECTION ( 'NONE',  ( -0.0000000000000000000, 0.0000000000000000000, 1.000000000000000000 ) ) ;
#8732 = CARTESIAN_POINT ( 'NONE',  ( -2.250000000000000888, 9.000000000000000000, 4.549999999999999822 ) ) ;
#8733 = AXIS2_PLACEMENT_3D ( 'NONE', #5520, #5467, #4756 ) ;
#8734 = PRESENTATION_STYLE_ASSIGNMENT (( #9634 ) ) ;
#8735 = PRESENTATION_LAYER_ASSIGNMENT (  '', '', ( #467 ) ) ;
#8736 = ORIENTED_EDGE ( 'NONE', *, *, #273, .F. ) ;
#8737 = STYLED_ITEM ( 'NONE', ( #6935 ), #7450 ) ;
#8738 = ORIENTED_EDGE ( 'NONE', *, *, #2467, .F. ) ;
#8739 = ORIENTED_EDGE ( 'NONE', *, *, #742, .T. ) ;
#8740 = FILL_AREA_STYLE ('',( #7528 ) ) ;
#8741 = CARTESIAN_POINT ( 'NONE',  ( 4.759999999999998899, 0.0000000000000000000, -1.590000000000002522 ) ) ;
#8742 = DIRECTION ( 'NONE',  ( 0.0000000000000000000, 0.0000000000000000000, 1.000000000000000000 ) ) ;
#8743 = EDGE_CURVE ( 'NONE', #3912, #4749, #4311, .T. ) ;
#8744 = STYLED_ITEM ( 'NONE', ( #5649 ), #4195 ) ;
#8745 = COLOUR_RGB ( '',0.9686274509803921573, 0.8784313725490195957, 0.5999999999999999778 ) ;
#8746 = DIRECTION ( 'NONE',  ( -0.0000000000000000000, 0.0000000000000000000, 1.000000000000000000 ) ) ;
#8747 = SURFACE_SIDE_STYLE ('',( #3075 ) ) ;
#8748 = MECHANICAL_DESIGN_GEOMETRIC_PRESENTATION_REPRESENTATION (  '', ( #8918 ), #6450 ) ;
#8749 = COLOUR_RGB ( '',0.3137254901960784270, 0.3137254901960784270, 0.3137254901960784270 ) ;
#8750 = ORIENTED_EDGE ( 'NONE', *, *, #3919, .F. ) ;
#8751 = COLOUR_RGB ( '',0.3137254901960784270, 0.3137254901960784270, 0.3137254901960784270 ) ;
#8752 = PRESENTATION_LAYER_ASSIGNMENT (  '', '', ( #4483 ) ) ;
#8753 = ORIENTED_EDGE ( 'NONE', *, *, #9019, .T. ) ;
#8754 = SURFACE_STYLE_USAGE ( .BOTH. , #5771 ) ;
#8755 = PRESENTATION_STYLE_ASSIGNMENT (( #7084 ) ) ;
#8756 = ORIENTED_EDGE ( 'NONE', *, *, #3593, .T. ) ;
#8757 = DIRECTION ( 'NONE',  ( 1.000000000000000000, 0.0000000000000000000, 0.0000000000000000000 ) ) ;
#8758 = CARTESIAN_POINT ( 'NONE',  ( 2.219999999999997531, 8.371098615898084461, -0.9500000000000025091 ) ) ;
#8759 = LINE ( 'NONE', #936, #5277 ) ;
#8760 = LINE ( 'NONE', #4133, #1915 ) ;
#8761 = PRESENTATION_LAYER_ASSIGNMENT (  '', '', ( #2993 ) ) ;
#8762 = ADVANCED_FACE ( 'NONE', ( #5804 ), #341, .F. ) ;
#8763 = CARTESIAN_POINT ( 'NONE',  ( 2.219999999999996643, 8.800000000000000711, 1.589999999999997193 ) ) ;
#8764 = MECHANICAL_DESIGN_GEOMETRIC_PRESENTATION_REPRESENTATION (  '', ( #7308 ), #6465 ) ;
#8765 = DIRECTION ( 'NONE',  ( 0.0000000000000000000, -1.000000000000000000, 0.0000000000000000000 ) ) ;
#8766 = EDGE_CURVE ( 'NONE', #6642, #3, #3425, .T. ) ;
#8767 = LINE ( 'NONE', #3350, #6919 ) ;
#8768 = ORIENTED_EDGE ( 'NONE', *, *, #8830, .F. ) ;
#8769 = MECHANICAL_DESIGN_GEOMETRIC_PRESENTATION_REPRESENTATION (  '', ( #4671 ), #5156 ) ;
#8770 = UNCERTAINTY_MEASURE_WITH_UNIT (LENGTH_MEASURE( 1.000000000000000082E-05 ), #4085, 'distance_accuracy_value', 'NONE');
#8771 = CARTESIAN_POINT ( 'NONE',  ( -7.500000000000000000, 0.0000000000000000000, -3.200000000000000178 ) ) ;
#8772 = LINE ( 'NONE', #8931, #1753 ) ;
#8773 = PRESENTATION_STYLE_ASSIGNMENT (( #2674 ) ) ;
#8774 = FILL_AREA_STYLE_COLOUR ( '', #8284 ) ;
#8775 = ADVANCED_FACE ( 'NONE', ( #8264 ), #2588, .F. ) ;
#8776 = STYLED_ITEM ( 'NONE', ( #799 ), #9218 ) ;
#8777 = DIRECTION ( 'NONE',  ( -1.000000000000000000, 0.0000000000000000000, -3.388131789017201849E-16 ) ) ;
#8778 = ADVANCED_FACE ( 'NONE', ( #8345 ), #2894, .T. ) ;
#8779 = LINE ( 'NONE', #8003, #1086 ) ;
#8780 = EDGE_LOOP ( 'NONE', ( #1569, #4901, #3898, #1575 ) ) ;
#8781 = EDGE_LOOP ( 'NONE', ( #5430, #9246, #7774, #1015, #3311 ) ) ;
#8782 = CARTESIAN_POINT ( 'NONE',  ( -7.500000000000000000, -0.1000000000000000056, 3.200000000000000178 ) ) ;
#8783 = DIRECTION ( 'NONE',  ( 0.0000000000000000000, 0.0000000000000000000, 1.000000000000000000 ) ) ;
#8784 = SURFACE_STYLE_FILL_AREA ( #1757 ) ;
#8785 = VECTOR ( 'NONE', #1009, 1000.000000000000000 ) ;
#8786 = FILL_AREA_STYLE_COLOUR ( '', #7388 ) ;
#8787 = DIRECTION ( 'NONE',  ( -0.0000000000000000000, 0.0000000000000000000, 1.000000000000000000 ) ) ;
#8788 = STYLED_ITEM ( 'NONE', ( #2930 ), #4918 ) ;
#8789 = PRESENTATION_STYLE_ASSIGNMENT (( #5650 ) ) ;
#8790 =( GEOMETRIC_REPRESENTATION_CONTEXT ( 3 ) GLOBAL_UNCERTAINTY_ASSIGNED_CONTEXT ( ( #6306 ) ) GLOBAL_UNIT_ASSIGNED_CONTEXT ( ( #3882, #4658, #1536 ) ) REPRESENTATION_CONTEXT ( 'NONE', 'WORKASPACE' ) );
#8791 = ORIENTED_EDGE ( 'NONE', *, *, #9159, .T. ) ;
#8792 = COLOUR_RGB ( '',0.9686274509803921573, 0.8784313725490195957, 0.5999999999999999778 ) ;
#8793 = DIRECTION ( 'NONE',  ( 0.0000000000000000000, -0.0000000000000000000, -1.000000000000000000 ) ) ;
#8794 = ORIENTED_EDGE ( 'NONE', *, *, #1765, .T. ) ;
#8795 = ORIENTED_EDGE ( 'NONE', *, *, #5437, .F. ) ;
#8796 = CARTESIAN_POINT ( 'NONE',  ( -2.860000000000001652, 8.800000000000000711, -1.590000000000002522 ) ) ;
#8797 = CARTESIAN_POINT ( 'NONE',  ( 5.399999999999998579, 8.371098615898084461, -0.9500000000000022871 ) ) ;
#8798 = ORIENTED_EDGE ( 'NONE', *, *, #2212, .T. ) ;
#8799 = FILL_AREA_STYLE_COLOUR ( '', #9712 ) ;
#8800 = PLANE ( 'NONE',  #632 ) ;
#8801 = ORIENTED_EDGE ( 'NONE', *, *, #796, .T. ) ;
#8802 = ORIENTED_EDGE ( 'NONE', *, *, #325, .T. ) ;
#8803 = DIRECTION ( 'NONE',  ( -1.000000000000000000, 0.0000000000000000000, 0.0000000000000000000 ) ) ;
#8804 = PLANE ( 'NONE',  #2411 ) ;
#8805 =( LENGTH_UNIT ( ) NAMED_UNIT ( * ) SI_UNIT ( .MILLI., .METRE. ) );
#8806 = PLANE ( 'NONE',  #10246 ) ;
#8807 = ADVANCED_FACE ( 'NONE', ( #9139 ), #8511, .T. ) ;
#8808 = PLANE ( 'NONE',  #6124 ) ;
#8809 = CARTESIAN_POINT ( 'NONE',  ( 3.218725199566344247E-16, 0.0000000000000000000, -0.9500000000000006217 ) ) ;
#8810 = CARTESIAN_POINT ( 'NONE',  ( -10.16000000000000192, 0.0000000000000000000, -4.450000000000000178 ) ) ;
#8811 = EDGE_LOOP ( 'NONE', ( #955, #393, #5611 ) ) ;
#8812 = CARTESIAN_POINT ( 'NONE',  ( 4.759999999999997122, 8.800000000000000711, 1.589999999999997193 ) ) ;
#8813 = FILL_AREA_STYLE ('',( #8149 ) ) ;
#8814 = PRESENTATION_LAYER_ASSIGNMENT (  '', '', ( #5856 ) ) ;
#8815 = ORIENTED_EDGE ( 'NONE', *, *, #7939, .F. ) ;
#8816 = EDGE_CURVE ( 'NONE', #6796, #3964, #10046, .T. ) ;
#8817 = VECTOR ( 'NONE', #2083, 1000.000000000000227 ) ;
#8818 = FILL_AREA_STYLE_COLOUR ( '', #6433 ) ;
#8819 = ORIENTED_EDGE ( 'NONE', *, *, #36, .T. ) ;
#8820 = LINE ( 'NONE', #9738, #7438 ) ;
#8821 = SURFACE_SIDE_STYLE ('',( #7161 ) ) ;
#8822 = SURFACE_STYLE_USAGE ( .BOTH. , #6632 ) ;
#8823 = CARTESIAN_POINT ( 'NONE',  ( -5.400000000000002132, 8.371098615898084461, -0.9500000000000025091 ) ) ;
#8824 = CARTESIAN_POINT ( 'NONE',  ( -2.660000000000001474, 8.800000000000000711, -0.9500000000000025091 ) ) ;
#8825 = LINE ( 'NONE', #1070, #9931 ) ;
#8826 = PRODUCT_RELATED_PRODUCT_CATEGORY ( 'part', '', ( #3989 ) ) ;
#8827 =( LENGTH_UNIT ( ) NAMED_UNIT ( * ) SI_UNIT ( .MILLI., .METRE. ) );
#8828 = SURFACE_SIDE_STYLE ('',( #9846 ) ) ;
#8829 =( NAMED_UNIT ( * ) SI_UNIT ( $, .STERADIAN. ) SOLID_ANGLE_UNIT ( ) );
#8830 = EDGE_CURVE ( 'NONE', #3931, #786, #6889, .T. ) ;
#8831 = VECTOR ( 'NONE', #2016, 1000.000000000000000 ) ;
#8832 = CARTESIAN_POINT ( 'NONE',  ( -8.860000000000002984, 6.199999999999999289, -1.649999999999999911 ) ) ;
#8833 = MECHANICAL_DESIGN_GEOMETRIC_PRESENTATION_REPRESENTATION (  '', ( #7082 ), #10190 ) ;
#8834 = VERTEX_POINT ( 'NONE', #7769 ) ;
#8835 = LINE ( 'NONE', #9899, #5780 ) ;
#8836 = ORIENTED_EDGE ( 'NONE', *, *, #2020, .F. ) ;
#8838 = VERTEX_POINT ( 'NONE', #656 ) ;
#8837 = CARTESIAN_POINT ( 'NONE',  ( 2.664906964573651837, -3.000000000000000000, 0.0000000000000000000 ) ) ;
#8839 = CARTESIAN_POINT ( 'NONE',  ( -0.3200000000000025602, 8.800000000000000711, 1.589999999999997193 ) ) ;
#8840 = VECTOR ( 'NONE', #3504, 1000.000000000000000 ) ;
#8841 = CARTESIAN_POINT ( 'NONE',  ( -4.760000000000003340, -2.599999999999996536, 1.589999999999997415 ) ) ;
#8842 = DIRECTION ( 'NONE',  ( 0.0000000000000000000, -1.000000000000000000, 0.0000000000000000000 ) ) ;
#8843 = SURFACE_STYLE_USAGE ( .BOTH. , #9048 ) ;
#8844 = AXIS2_PLACEMENT_3D ( 'NONE', #8758, #5565, #3087 ) ;
#8845 = UNCERTAINTY_MEASURE_WITH_UNIT (LENGTH_MEASURE( 1.000000000000000082E-05 ), #6509, 'distance_accuracy_value', 'NONE');
#8846 = DIRECTION ( 'NONE',  ( 0.0000000000000000000, -1.000000000000000000, 0.0000000000000000000 ) ) ;
#8847 = ADVANCED_FACE ( 'NONE', ( #6791 ), #1396, .T. ) ;
#8848 = COLOUR_RGB ( '',0.9686274509803921573, 0.8784313725490195957, 0.5999999999999999778 ) ;
#8849 = STYLED_ITEM ( 'NONE', ( #7761 ), #600 ) ;
#8850 = STYLED_ITEM ( 'NONE', ( #4542 ), #6176 ) ;
#8851 = VERTEX_POINT ( 'NONE', #4822 ) ;
#8852 = VERTEX_POINT ( 'NONE', #10202 ) ;
#8853 = ORIENTED_EDGE ( 'NONE', *, *, #5687, .T. ) ;
#8854 = SURFACE_STYLE_USAGE ( .BOTH. , #3500 ) ;
#8855 = VECTOR ( 'NONE', #5962, 1000.000000000000000 ) ;
#8856 = UNCERTAINTY_MEASURE_WITH_UNIT (LENGTH_MEASURE( 1.000000000000000082E-05 ), #2944, 'distance_accuracy_value', 'NONE');
#8857 =( NAMED_UNIT ( * ) SI_UNIT ( $, .STERADIAN. ) SOLID_ANGLE_UNIT ( ) );
#8858 = SURFACE_STYLE_FILL_AREA ( #2612 ) ;
#8859 = DIRECTION ( 'NONE',  ( -0.0000000000000000000, -0.0000000000000000000, -1.000000000000000000 ) ) ;
#8860 = VECTOR ( 'NONE', #2307, 1000.000000000000000 ) ;
#8861 = SURFACE_SIDE_STYLE ('',( #3396 ) ) ;
#8862 = DIRECTION ( 'NONE',  ( -1.000000000000000000, 0.0000000000000000000, -3.388131789017201849E-16 ) ) ;
#8863 = MECHANICAL_DESIGN_GEOMETRIC_PRESENTATION_REPRESENTATION (  '', ( #2602 ), #1616 ) ;
#8864 = LINE ( 'NONE', #3296, #1622 ) ;
#8865 =( NAMED_UNIT ( * ) PLANE_ANGLE_UNIT ( ) SI_UNIT ( $, .RADIAN. ) );
#8866 = UNCERTAINTY_MEASURE_WITH_UNIT (LENGTH_MEASURE( 1.000000000000000082E-05 ), #540, 'distance_accuracy_value', 'NONE');
#8867 = VECTOR ( 'NONE', #6985, 1000.000000000000000 ) ;
#8868 = SURFACE_SIDE_STYLE ('',( #5736 ) ) ;
#8869 = ADVANCED_FACE ( 'NONE', ( #7196 ), #63, .T. ) ;
#8870 =( NAMED_UNIT ( * ) PLANE_ANGLE_UNIT ( ) SI_UNIT ( $, .RADIAN. ) );
#8871 = SURFACE_SIDE_STYLE ('',( #7352 ) ) ;
#8872 = AXIS2_PLACEMENT_3D ( 'NONE', #8141, #6664, #8971 ) ;
#8873 = LINE ( 'NONE', #4198, #4028 ) ;
#8874 = STYLED_ITEM ( 'NONE', ( #6815 ), #2389 ) ;
#8875 = LINE ( 'NONE', #4150, #2745 ) ;
#8876 = ORIENTED_EDGE ( 'NONE', *, *, #6002, .F. ) ;
#8877 = COLOUR_RGB ( '',0.9686274509803921573, 0.8784313725490195957, 0.5999999999999999778 ) ;
#8878 = EDGE_LOOP ( 'NONE', ( #5757, #5806, #3954, #7383 ) ) ;
#8879 = DIRECTION ( 'NONE',  ( 0.8987940462991671486, 0.4383711467890772373, 0.0000000000000000000 ) ) ;
#8880 = UNCERTAINTY_MEASURE_WITH_UNIT (LENGTH_MEASURE( 1.000000000000000082E-05 ), #72, 'distance_accuracy_value', 'NONE');
#8881 = FACE_OUTER_BOUND ( 'NONE', #8425, .T. ) ;
#8882 = FACE_OUTER_BOUND ( 'NONE', #9853, .T. ) ;
#8883 = SURFACE_STYLE_USAGE ( .BOTH. , #7109 ) ;
#8884 =( NAMED_UNIT ( * ) SI_UNIT ( $, .STERADIAN. ) SOLID_ANGLE_UNIT ( ) );
#8885 =( GEOMETRIC_REPRESENTATION_CONTEXT ( 3 ) GLOBAL_UNCERTAINTY_ASSIGNED_CONTEXT ( ( #4430 ) ) GLOBAL_UNIT_ASSIGNED_CONTEXT ( ( #7020, #1468, #7173 ) ) REPRESENTATION_CONTEXT ( 'NONE', 'WORKASPACE' ) );
#8886 = DIRECTION ( 'NONE',  ( 1.000000000000000000, 0.0000000000000000000, -1.126443815569355647E-16 ) ) ;
#8887 = FILL_AREA_STYLE ('',( #4730 ) ) ;
#8888 = ADVANCED_FACE ( 'NONE', ( #710 ), #5427, .F. ) ;
#8889 = AXIS2_PLACEMENT_3D ( 'NONE', #4180, #3284, #6543 ) ;
#8890 = COLOUR_RGB ( '',0.9686274509803921573, 0.8784313725490195957, 0.5999999999999999778 ) ;
#8891 = ORIENTED_EDGE ( 'NONE', *, *, #169, .F. ) ;
#8892 = EDGE_CURVE ( 'NONE', #3547, #10149, #2719, .T. ) ;
#8893 = ORIENTED_EDGE ( 'NONE', *, *, #216, .F. ) ;
#8895 = ORIENTED_EDGE ( 'NONE', *, *, #10179, .F. ) ;
#8894 = CARTESIAN_POINT ( 'NONE',  ( -0.3200000000000025602, -2.600000000000000089, 1.589999999999997193 ) ) ;
#8896 = LINE ( 'NONE', #4169, #1950 ) ;
#8897 =( GEOMETRIC_REPRESENTATION_CONTEXT ( 3 ) GLOBAL_UNCERTAINTY_ASSIGNED_CONTEXT ( ( #3099 ) ) GLOBAL_UNIT_ASSIGNED_CONTEXT ( ( #2955, #6908, #10059 ) ) REPRESENTATION_CONTEXT ( 'NONE', 'WORKASPACE' ) );
#8898 = VECTOR ( 'NONE', #7382, 1000.000000000000000 ) ;
#8899 =( LENGTH_UNIT ( ) NAMED_UNIT ( * ) SI_UNIT ( .MILLI., .METRE. ) );
#8900 = PRESENTATION_STYLE_ASSIGNMENT (( #4321 ) ) ;
#8901 = CARTESIAN_POINT ( 'NONE',  ( 5.080000000000000959, 0.0000000000000000000, -1.590000000000000746 ) ) ;
#8902 = CARTESIAN_POINT ( 'NONE',  ( 7.620000000000000107, -3.000000000000000000, 0.0000000000000000000 ) ) ;
#8903 =( LENGTH_UNIT ( ) NAMED_UNIT ( * ) SI_UNIT ( .MILLI., .METRE. ) );
#8904 = SURFACE_STYLE_USAGE ( .BOTH. , #6487 ) ;
#8905 = COLOUR_RGB ( '',0.9686274509803921573, 0.8784313725490195957, 0.5999999999999999778 ) ;
#8906 = MECHANICAL_DESIGN_GEOMETRIC_PRESENTATION_REPRESENTATION (  '', ( #7924 ), #3474 ) ;
#8907 = EDGE_CURVE ( 'NONE', #8538, #4673, #5028, .T. ) ;
#8908 = DIRECTION ( 'NONE',  ( 0.0000000000000000000, -1.000000000000000000, 0.0000000000000000000 ) ) ;
#8909 = EDGE_LOOP ( 'NONE', ( #5353, #1474, #1274, #8691 ) ) ;
#8910 = EDGE_CURVE ( 'NONE', #8403, #5655, #218, .T. ) ;
#8911 = FILL_AREA_STYLE ('',( #9818 ) ) ;
#8912 = FILL_AREA_STYLE ('',( #2449 ) ) ;
#8913 = EDGE_LOOP ( 'NONE', ( #4884, #9838, #9153 ) ) ;
#8914 = ORIENTED_EDGE ( 'NONE', *, *, #718, .F. ) ;
#8915 =( GEOMETRIC_REPRESENTATION_CONTEXT ( 3 ) GLOBAL_UNCERTAINTY_ASSIGNED_CONTEXT ( ( #251 ) ) GLOBAL_UNIT_ASSIGNED_CONTEXT ( ( #141, #6692, #8126 ) ) REPRESENTATION_CONTEXT ( 'NONE', 'WORKASPACE' ) );
#8916 =( LENGTH_UNIT ( ) NAMED_UNIT ( * ) SI_UNIT ( .MILLI., .METRE. ) );
#8917 =( NAMED_UNIT ( * ) SI_UNIT ( $, .STERADIAN. ) SOLID_ANGLE_UNIT ( ) );
#8918 = STYLED_ITEM ( 'NONE', ( #5741 ), #8348 ) ;
#8919 = FACE_OUTER_BOUND ( 'NONE', #3174, .T. ) ;
#8920 = AXIS2_PLACEMENT_3D ( 'NONE', #1469, #4640, #8596 ) ;
#8921 = DIRECTION ( 'NONE',  ( -4.878909776184757331E-15, 0.0000000000000000000, 1.000000000000000000 ) ) ;
#8922 = AXIS2_PLACEMENT_3D ( 'NONE', #1632, #8765, #3942 ) ;
#8923 =( NAMED_UNIT ( * ) SI_UNIT ( $, .STERADIAN. ) SOLID_ANGLE_UNIT ( ) );
#8924 = SURFACE_SIDE_STYLE ('',( #4193 ) ) ;
#8925 = ORIENTED_EDGE ( 'NONE', *, *, #5499, .T. ) ;
#8926 = FILL_AREA_STYLE ('',( #6505 ) ) ;
#8927 =( LENGTH_UNIT ( ) NAMED_UNIT ( * ) SI_UNIT ( .MILLI., .METRE. ) );
#8928 = COLOUR_RGB ( '',0.3137254901960784270, 0.3137254901960784270, 0.3137254901960784270 ) ;
#8929 = COLOUR_RGB ( '',0.3137254901960784270, 0.3137254901960784270, 0.3137254901960784270 ) ;
#8930 = FILL_AREA_STYLE_COLOUR ( '', #9017 ) ;
#8931 = CARTESIAN_POINT ( 'NONE',  ( -5.015304598860760521, 6.155492771579991640, 4.549999999999999822 ) ) ;
#8932 = CARTESIAN_POINT ( 'NONE',  ( -4.760000000000003340, 8.371098615898084461, 1.589999999999997415 ) ) ;
#8933 = CARTESIAN_POINT ( 'NONE',  ( -8.859999999999997655, 1.299999999999999156, 3.200000000000000622 ) ) ;
#8934 = APPLICATION_CONTEXT ( 'automotive_design' ) ;
#8935 =( NAMED_UNIT ( * ) PLANE_ANGLE_UNIT ( ) SI_UNIT ( $, .RADIAN. ) );
#8936 = PRESENTATION_LAYER_ASSIGNMENT (  '', '', ( #6471 ) ) ;
#8937 = ORIENTED_EDGE ( 'NONE', *, *, #8374, .T. ) ;
#8938 = ORIENTED_EDGE ( 'NONE', *, *, #4564, .F. ) ;
#8939 = CARTESIAN_POINT ( 'NONE',  ( 6.003632953837269248, -1.362369035843581377, -0.3463670461627308406 ) ) ;
#8940 = FACE_BOUND ( 'NONE', #5759, .T. ) ;
#8941 = FACE_OUTER_BOUND ( 'NONE', #1840, .T. ) ;
#8942 =( LENGTH_UNIT ( ) NAMED_UNIT ( * ) SI_UNIT ( .MILLI., .METRE. ) );
#8943 = FILL_AREA_STYLE_COLOUR ( '', #6003 ) ;
#8944 = PLANE ( 'NONE',  #6455 ) ;
#8945 =( NAMED_UNIT ( * ) SI_UNIT ( $, .STERADIAN. ) SOLID_ANGLE_UNIT ( ) );
#8946 = MECHANICAL_DESIGN_GEOMETRIC_PRESENTATION_REPRESENTATION (  '', ( #5006 ), #1355 ) ;
#8947 = SURFACE_STYLE_FILL_AREA ( #289 ) ;
#8948 = ADVANCED_FACE ( 'NONE', ( #1116 ), #1057, .F. ) ;
#8949 = ORIENTED_EDGE ( 'NONE', *, *, #2950, .F. ) ;
#8950 = ORIENTED_EDGE ( 'NONE', *, *, #4564, .T. ) ;
#8951 = VERTEX_POINT ( 'NONE', #9670 ) ;
#8952 = LINE ( 'NONE', #1031, #8062 ) ;
#8953 = DIRECTION ( 'NONE',  ( -1.000000000000000000, 0.0000000000000000000, -1.694065894508600925E-16 ) ) ;
#8954 = FACE_OUTER_BOUND ( 'NONE', #5296, .T. ) ;
#8955 = AXIS2_PLACEMENT_3D ( 'NONE', #9478, #8528, #1515 ) ;
#8956 =( NAMED_UNIT ( * ) PLANE_ANGLE_UNIT ( ) SI_UNIT ( $, .RADIAN. ) );
#8957 = UNCERTAINTY_MEASURE_WITH_UNIT (LENGTH_MEASURE( 1.000000000000000082E-05 ), #9808, 'distance_accuracy_value', 'NONE');
#8958 = LINE ( 'NONE', #5712, #4093 ) ;
#8959 = PRESENTATION_STYLE_ASSIGNMENT (( #6538 ) ) ;
#8960 =( NAMED_UNIT ( * ) SI_UNIT ( $, .STERADIAN. ) SOLID_ANGLE_UNIT ( ) );
#8961 = ORIENTED_EDGE ( 'NONE', *, *, #2446, .F. ) ;
#8962 = CARTESIAN_POINT ( 'NONE',  ( -5.204906964573655870, -3.000000000000000000, -1.145093035426348660 ) ) ;
#8963 = EDGE_LOOP ( 'NONE', ( #684, #8876, #1550, #3761 ) ) ;
#8964 = EDGE_LOOP ( 'NONE', ( #426, #8153, #4352, #3995 ) ) ;
#8965 = PRESENTATION_STYLE_ASSIGNMENT (( #8854 ) ) ;
#8966 = ADVANCED_FACE ( 'NONE', ( #8981 ), #6462, .T. ) ;
#8967 = UNCERTAINTY_MEASURE_WITH_UNIT (LENGTH_MEASURE( 1.000000000000000082E-05 ), #2892, 'distance_accuracy_value', 'NONE');
#8968 = CARTESIAN_POINT ( 'NONE',  ( 2.540000000000000036, -3.000000000000000000, 0.0000000000000000000 ) ) ;
#8969 = VECTOR ( 'NONE', #7253, 1000.000000000000341 ) ;
#8970 = CARTESIAN_POINT ( 'NONE',  ( -8.859999999999997655, 1.299999999999999156, -3.199999999999999734 ) ) ;
#8971 = DIRECTION ( 'NONE',  ( 0.0000000000000000000, 0.0000000000000000000, -1.000000000000000000 ) ) ;
#8972 = EDGE_CURVE ( 'NONE', #5344, #6723, #4147, .T. ) ;
#8973 = EDGE_CURVE ( 'NONE', #7213, #7019, #2676, .T. ) ;
#8974 = CARTESIAN_POINT ( 'NONE',  ( 2.219999999999997531, -2.599999999999996536, -0.9500000000000025091 ) ) ;
#8975 = MECHANICAL_DESIGN_GEOMETRIC_PRESENTATION_REPRESENTATION (  '', ( #3883 ), #10157 ) ;
#8976 = FILL_AREA_STYLE_COLOUR ( '', #10232 ) ;
#8977 = FILL_AREA_STYLE ('',( #1785 ) ) ;
#8978 = LINE ( 'NONE', #4971, #8089 ) ;
#8979 = LINE ( 'NONE', #8932, #3818 ) ;
#8980 = EDGE_CURVE ( 'NONE', #1829, #9885, #2161, .T. ) ;
#8981 = FACE_OUTER_BOUND ( 'NONE', #6286, .T. ) ;
#8982 =( NAMED_UNIT ( * ) PLANE_ANGLE_UNIT ( ) SI_UNIT ( $, .RADIAN. ) );
#8983 = VERTEX_POINT ( 'NONE', #2835 ) ;
#8984 = ORIENTED_EDGE ( 'NONE', *, *, #9180, .F. ) ;
#8985 = UNCERTAINTY_MEASURE_WITH_UNIT (LENGTH_MEASURE( 1.000000000000000082E-05 ), #9740, 'distance_accuracy_value', 'NONE');
#8986 = DIRECTION ( 'NONE',  ( 3.045232680045606804E-16, 0.4383711467890774038, -0.8987940462991670376 ) ) ;
#8987 = PLANE ( 'NONE',  #2572 ) ;
#8988 = DIRECTION ( 'NONE',  ( -0.0000000000000000000, 1.000000000000000000, -0.0000000000000000000 ) ) ;
#8989 = PLANE ( 'NONE',  #9338 ) ;
#8990 = DIRECTION ( 'NONE',  ( 0.0000000000000000000, 0.0000000000000000000, 1.000000000000000000 ) ) ;
#8991 = ORIENTED_EDGE ( 'NONE', *, *, #4048, .T. ) ;
#8992 = VERTEX_POINT ( 'NONE', #9981 ) ;
#8993 = EDGE_LOOP ( 'NONE', ( #7826, #8350, #43, #2293 ) ) ;
#8994 = CARTESIAN_POINT ( 'NONE',  ( -7.500000000000000000, -0.1000000000000000056, 3.200000000000000178 ) ) ;
#8995 = CARTESIAN_POINT ( 'NONE',  ( -4.760000000000002451, -2.599999999999996536, -0.9500000000000022871 ) ) ;
#8996 =( NAMED_UNIT ( * ) SI_UNIT ( $, .STERADIAN. ) SOLID_ANGLE_UNIT ( ) );
#8997 = DIRECTION ( 'NONE',  ( 0.0000000000000000000, 0.0000000000000000000, 1.000000000000000000 ) ) ;
#8998 =( NAMED_UNIT ( * ) PLANE_ANGLE_UNIT ( ) SI_UNIT ( $, .RADIAN. ) );
#8999 = EDGE_CURVE ( 'NONE', #459, #6723, #4446, .T. ) ;
#9000 =( LENGTH_UNIT ( ) NAMED_UNIT ( * ) SI_UNIT ( .MILLI., .METRE. ) );
#9001 = MECHANICAL_DESIGN_GEOMETRIC_PRESENTATION_REPRESENTATION (  '', ( #1912 ), #6713 ) ;
#9002 = SURFACE_STYLE_FILL_AREA ( #1254 ) ;
#9003 = ORIENTED_EDGE ( 'NONE', *, *, #10002, .F. ) ;
#9004 = STYLED_ITEM ( 'NONE', ( #2946 ), #5514 ) ;
#9005 = CARTESIAN_POINT ( 'NONE',  ( -2.220000000000001972, 8.371098615898084461, -0.9500000000000022871 ) ) ;
#9006 = EDGE_LOOP ( 'NONE', ( #5846, #9751, #5910, #8175 ) ) ;
#9007 = ORIENTED_EDGE ( 'NONE', *, *, #5865, .F. ) ;
#9008 =( NAMED_UNIT ( * ) SI_UNIT ( $, .STERADIAN. ) SOLID_ANGLE_UNIT ( ) );
#9009 = CARTESIAN_POINT ( 'NONE',  ( 2.219999999999996643, 8.371098615898088013, 0.9499999999999971800 ) ) ;
#9010 = FILL_AREA_STYLE_COLOUR ( '', #9151 ) ;
#9011 = CARTESIAN_POINT ( 'NONE',  ( 6.123233995736774664E-17, -0.1000000000000000056, -3.700000000000001066 ) ) ;
#9012 = STYLED_ITEM ( 'NONE', ( #9538 ), #1426 ) ;
#9013 = LINE ( 'NONE', #2709, #4095 ) ;
#9014 = COLOUR_RGB ( '',0.3137254901960784270, 0.3137254901960784270, 0.3137254901960784270 ) ;
#9015 = EDGE_CURVE ( 'NONE', #10051, #8467, #2771, .T. ) ;
#9016 =( NAMED_UNIT ( * ) PLANE_ANGLE_UNIT ( ) SI_UNIT ( $, .RADIAN. ) );
#9017 = COLOUR_RGB ( '',0.9686274509803921573, 0.8784313725490195957, 0.5999999999999999778 ) ;
#9018 = SURFACE_SIDE_STYLE ('',( #5115 ) ) ;
#9019 = EDGE_CURVE ( 'NONE', #8567, #9324, #10032, .T. ) ;
#9020 = EDGE_CURVE ( 'NONE', #862, #7158, #5977, .T. ) ;
#9021 = AXIS2_PLACEMENT_3D ( 'NONE', #8323, #3664, #6918 ) ;
#9022 = VERTEX_POINT ( 'NONE', #5314 ) ;
#9023 = PRESENTATION_STYLE_ASSIGNMENT (( #9664 ) ) ;
#9024 = VECTOR ( 'NONE', #6966, 1000.000000000000000 ) ;
#9025 = SURFACE_SIDE_STYLE ('',( #7648 ) ) ;
#9026 =( GEOMETRIC_REPRESENTATION_CONTEXT ( 3 ) GLOBAL_UNCERTAINTY_ASSIGNED_CONTEXT ( ( #2545 ) ) GLOBAL_UNIT_ASSIGNED_CONTEXT ( ( #7425, #3493, #983 ) ) REPRESENTATION_CONTEXT ( 'NONE', 'WORKASPACE' ) );
#9027 =( LENGTH_UNIT ( ) NAMED_UNIT ( * ) SI_UNIT ( .MILLI., .METRE. ) );
#9028 = DIRECTION ( 'NONE',  ( -0.0000000000000000000, 0.0000000000000000000, 1.000000000000000000 ) ) ;
#9029 = FILL_AREA_STYLE ('',( #7355 ) ) ;
#9030 = EDGE_CURVE ( 'NONE', #764, #5721, #484, .T. ) ;
#9031 = CARTESIAN_POINT ( 'NONE',  ( -5.400000000000003020, 0.0000000000000000000, 1.589999999999997193 ) ) ;
#9032 = MECHANICAL_DESIGN_GEOMETRIC_PRESENTATION_REPRESENTATION (  '', ( #6912 ), #3109 ) ;
#9033 = ORIENTED_EDGE ( 'NONE', *, *, #9201, .T. ) ;
#9034 = EDGE_CURVE ( 'NONE', #2337, #6182, #5261, .T. ) ;
#9035 = EDGE_LOOP ( 'NONE', ( #245, #9033, #7336, #392 ) ) ;
#9036 = STYLED_ITEM ( 'NONE', ( #5434 ), #6500 ) ;
#9037 = LINE ( 'NONE', #2003, #4907 ) ;
#9038 = CARTESIAN_POINT ( 'NONE',  ( -5.204906964573656758, -3.000000000000000000, 1.145093035426343553 ) ) ;
#9039 = STYLED_ITEM ( 'NONE', ( #3190 ), #2321 ) ;
#9040 = CARTESIAN_POINT ( 'NONE',  ( -2.250000000000000000, 1.299999999999999156, 3.199999999999999734 ) ) ;
#9041 = FACE_OUTER_BOUND ( 'NONE', #1828, .T. ) ;
#9042 = MECHANICAL_DESIGN_GEOMETRIC_PRESENTATION_REPRESENTATION (  '', ( #2109 ), #10228 ) ;
#9043 = EDGE_LOOP ( 'NONE', ( #5041, #1528, #7874, #8893 ) ) ;
#9044 = ORIENTED_EDGE ( 'NONE', *, *, #812, .T. ) ;
#9045 = DIRECTION ( 'NONE',  ( -0.4014883995042276554, 0.8231732078530418217, 0.4014883995042277665 ) ) ;
#9046 = MECHANICAL_DESIGN_GEOMETRIC_PRESENTATION_REPRESENTATION (  '', ( #2120 ), #7427 ) ;
#9047 = DIRECTION ( 'NONE',  ( 1.535345111946354770E-16, 0.4226182617406971098, -0.9063077870366510469 ) ) ;
#9048 = SURFACE_SIDE_STYLE ('',( #5711 ) ) ;
#9049 = FILL_AREA_STYLE ('',( #6693 ) ) ;
#9050 = PRESENTATION_LAYER_ASSIGNMENT (  '', '', ( #7749 ) ) ;
#9051 = PLANE ( 'NONE',  #8730 ) ;
#9052 = MECHANICAL_DESIGN_GEOMETRIC_PRESENTATION_REPRESENTATION (  '', ( #7127 ), #2641 ) ;
#9053 = VERTEX_POINT ( 'NONE', #7499 ) ;
#9054 = SURFACE_STYLE_FILL_AREA ( #7678 ) ;
#9055 = EDGE_CURVE ( 'NONE', #8834, #4502, #3775, .T. ) ;
#9056 = LINE ( 'NONE', #4274, #7273 ) ;
#9057 = ORIENTED_EDGE ( 'NONE', *, *, #9283, .T. ) ;
#9058 = EDGE_LOOP ( 'NONE', ( #1652, #8052, #4298, #2659 ) ) ;
#9059 = UNCERTAINTY_MEASURE_WITH_UNIT (LENGTH_MEASURE( 1.000000000000000082E-05 ), #2817, 'distance_accuracy_value', 'NONE');
#9060 = SURFACE_STYLE_USAGE ( .BOTH. , #5820 ) ;
#9061 = AXIS2_PLACEMENT_3D ( 'NONE', #8322, #8372, #5398 ) ;
#9062 = DIRECTION ( 'NONE',  ( 0.0000000000000000000, 0.0000000000000000000, 1.000000000000000000 ) ) ;
#9063 =( NAMED_UNIT ( * ) PLANE_ANGLE_UNIT ( ) SI_UNIT ( $, .RADIAN. ) );
#9064 =( GEOMETRIC_REPRESENTATION_CONTEXT ( 3 ) GLOBAL_UNCERTAINTY_ASSIGNED_CONTEXT ( ( #807 ) ) GLOBAL_UNIT_ASSIGNED_CONTEXT ( ( #1881, #4965, #9659 ) ) REPRESENTATION_CONTEXT ( 'NONE', 'WORKASPACE' ) );
#9065 = LINE ( 'NONE', #2151, #660 ) ;
#9066 = CARTESIAN_POINT ( 'NONE',  ( -2.420000000000003482, 8.800000000000000711, 1.149999999999997913 ) ) ;
#9067 = FILL_AREA_STYLE_COLOUR ( '', #9198 ) ;
#9068 = COLOUR_RGB ( '',0.9686274509803921573, 0.8784313725490195957, 0.5999999999999999778 ) ;
#9069 = MECHANICAL_DESIGN_GEOMETRIC_PRESENTATION_REPRESENTATION (  '', ( #8241 ), #645 ) ;
#9070 = ORIENTED_EDGE ( 'NONE', *, *, #2711, .T. ) ;
#9071 = PLANE ( 'NONE',  #5673 ) ;
#9072 = EDGE_CURVE ( 'NONE', #8661, #248, #1997, .T. ) ;
#9073 = VECTOR ( 'NONE', #9185, 1000.000000000000000 ) ;
#9074 = SURFACE_STYLE_USAGE ( .BOTH. , #9025 ) ;
#9075 = CARTESIAN_POINT ( 'NONE',  ( -4.760000000000002451, 8.371098615898084461, -0.9500000000000022871 ) ) ;
#9076 = DIRECTION ( 'NONE',  ( -0.3892816206350230845, 0.8348171294789893393, -0.3892816206350233621 ) ) ;
#9077 = CARTESIAN_POINT ( 'NONE',  ( 2.219999999999996643, 1.299999999999999156, 1.589999999999997193 ) ) ;
#9078 = COLOUR_RGB ( '',0.3137254901960784270, 0.3137254901960784270, 0.3137254901960784270 ) ;
#9079 = CARTESIAN_POINT ( 'NONE',  ( 2.859999999999996767, 0.0000000000000000000, 1.589999999999997415 ) ) ;
#9080 = VECTOR ( 'NONE', #5212, 1000.000000000000000 ) ;
#9081 = EDGE_LOOP ( 'NONE', ( #1954, #3607, #2735, #2434 ) ) ;
#9082 = CARTESIAN_POINT ( 'NONE',  ( 4.759999999999998899, -2.599999999999996536, -1.590000000000002522 ) ) ;
#9083 = SURFACE_STYLE_FILL_AREA ( #5124 ) ;
#9084 = ORIENTED_EDGE ( 'NONE', *, *, #5048, .F. ) ;
#9085 = VECTOR ( 'NONE', #10189, 1000.000000000000000 ) ;
#9086 = UNCERTAINTY_MEASURE_WITH_UNIT (LENGTH_MEASURE( 1.000000000000000082E-05 ), #4625, 'distance_accuracy_value', 'NONE');
#9087 = PRESENTATION_STYLE_ASSIGNMENT (( #9842 ) ) ;
#9088 = FILL_AREA_STYLE ('',( #8298 ) ) ;
#9089 = SURFACE_SIDE_STYLE ('',( #5128 ) ) ;
#9090 = FILL_AREA_STYLE ('',( #8459 ) ) ;
#9091 = DIRECTION ( 'NONE',  ( -1.000000000000000000, 0.0000000000000000000, -1.694065894508600925E-16 ) ) ;
#9092 = FILL_AREA_STYLE_COLOUR ( '', #6832 ) ;
#9093 = EDGE_CURVE ( 'NONE', #9155, #2166, #4506, .T. ) ;
#9094 = COLOUR_RGB ( '',0.3137254901960784270, 0.3137254901960784270, 0.3137254901960784270 ) ;
#9095 = EDGE_CURVE ( 'NONE', #5983, #7481, #6025, .T. ) ;
#9096 = VECTOR ( 'NONE', #4016, 1000.000000000000227 ) ;
#9097 = CARTESIAN_POINT ( 'NONE',  ( 2.249999999999999112, 9.000000000000000000, -4.551000000000001044 ) ) ;
#9098 = ORIENTED_EDGE ( 'NONE', *, *, #8376, .F. ) ;
#9099 = DIRECTION ( 'NONE',  ( 0.0000000000000000000, -1.000000000000000000, 0.0000000000000000000 ) ) ;
#9100 = ORIENTED_EDGE ( 'NONE', *, *, #6382, .F. ) ;
#9101 = ORIENTED_EDGE ( 'NONE', *, *, #780, .T. ) ;
#9102 = SURFACE_STYLE_FILL_AREA ( #5950 ) ;
#9103 = CARTESIAN_POINT ( 'NONE',  ( 10.16000000000000014, -3.000000000000000000, 1.145093035426344441 ) ) ;
#9104 = LINE ( 'NONE', #3697, #9236 ) ;
#9105 = COLOUR_RGB ( '',0.9686274509803921573, 0.8784313725490195957, 0.5999999999999999778 ) ;
#9106 = PRESENTATION_STYLE_ASSIGNMENT (( #614 ) ) ;
#9107 = DIRECTION ( 'NONE',  ( -0.0000000000000000000, 0.0000000000000000000, 1.000000000000000000 ) ) ;
#9108 = SURFACE_STYLE_FILL_AREA ( #1304 ) ;
#9109 = COLOUR_RGB ( '',0.9686274509803921573, 0.8784313725490195957, 0.5999999999999999778 ) ;
#9110 = ORIENTED_EDGE ( 'NONE', *, *, #7830, .F. ) ;
#9111 = PLANE ( 'NONE',  #1270 ) ;
#9112 = CARTESIAN_POINT ( 'NONE',  ( -2.415093035426349122, -3.000000000000000000, 0.0000000000000000000 ) ) ;
#9113 = EDGE_LOOP ( 'NONE', ( #6970, #8937, #2075, #8802 ) ) ;
#9115 = ORIENTED_EDGE ( 'NONE', *, *, #8299, .T. ) ;
#9114 = LINE ( 'NONE', #8317, #10102 ) ;
#9116 = CARTESIAN_POINT ( 'NONE',  ( -5.204906964573655870, -3.000000000000000000, 0.0000000000000000000 ) ) ;
#9117 = SURFACE_STYLE_USAGE ( .BOTH. , #4486 ) ;
#9118 = FACE_OUTER_BOUND ( 'NONE', #7405, .T. ) ;
#9119 =( GEOMETRIC_REPRESENTATION_CONTEXT ( 3 ) GLOBAL_UNCERTAINTY_ASSIGNED_CONTEXT ( ( #2997 ) ) GLOBAL_UNIT_ASSIGNED_CONTEXT ( ( #3358, #2567, #326 ) ) REPRESENTATION_CONTEXT ( 'NONE', 'WORKASPACE' ) );
#9120 = VECTOR ( 'NONE', #136, 1000.000000000000114 ) ;
#9121 = SURFACE_STYLE_FILL_AREA ( #371 ) ;
#9122 = ORIENTED_EDGE ( 'NONE', *, *, #2326, .F. ) ;
#9123 = LINE ( 'NONE', #9975, #6131 ) ;
#9124 = CARTESIAN_POINT ( 'NONE',  ( 4.759999999999997122, -2.599999999999996536, 0.9499999999999971800 ) ) ;
#9125 = STYLED_ITEM ( 'NONE', ( #10242 ), #9919 ) ;
#9126 = PRESENTATION_STYLE_ASSIGNMENT (( #9224 ) ) ;
#9127 = MECHANICAL_DESIGN_GEOMETRIC_PRESENTATION_REPRESENTATION (  '', ( #2023 ), #10178 ) ;
#9128 = PLANE ( 'NONE',  #1588 ) ;
#9129 = EDGE_CURVE ( 'NONE', #7006, #9563, #2928, .T. ) ;
#9130 = MECHANICAL_DESIGN_GEOMETRIC_PRESENTATION_REPRESENTATION (  '', ( #4360 ), #196 ) ;
#9131 = CARTESIAN_POINT ( 'NONE',  ( 5.079999999999999183, 0.0000000000000000000, 1.589999999999998970 ) ) ;
#9132 = FACE_OUTER_BOUND ( 'NONE', #6399, .T. ) ;
#9133 = DIRECTION ( 'NONE',  ( 1.000000000000000000, 0.0000000000000000000, -1.906289534040446993E-16 ) ) ;
#9134 = ORIENTED_EDGE ( 'NONE', *, *, #3593, .F. ) ;
#9135 = PLANE ( 'NONE',  #1283 ) ;
#9136 = SURFACE_STYLE_FILL_AREA ( #3522 ) ;
#9137 = SURFACE_STYLE_FILL_AREA ( #5985 ) ;
#9138 = SURFACE_STYLE_USAGE ( .BOTH. , #5273 ) ;
#9139 = FACE_OUTER_BOUND ( 'NONE', #6757, .T. ) ;
#9140 = FILL_AREA_STYLE_COLOUR ( '', #9760 ) ;
#9141 = EDGE_CURVE ( 'NONE', #4715, #8951, #3560, .T. ) ;
#9142 = SURFACE_STYLE_FILL_AREA ( #3734 ) ;
#9143 = ORIENTED_EDGE ( 'NONE', *, *, #6191, .T. ) ;
#9144 = ORIENTED_EDGE ( 'NONE', *, *, #2914, .F. ) ;
#9145 = ORIENTED_EDGE ( 'NONE', *, *, #340, .T. ) ;
#9146 = EDGE_CURVE ( 'NONE', #5196, #6177, #6876, .T. ) ;
#9147 = CARTESIAN_POINT ( 'NONE',  ( -2.860000000000002540, 8.371098615898084461, 0.9499999999999971800 ) ) ;
#9148 =( NAMED_UNIT ( * ) SI_UNIT ( $, .STERADIAN. ) SOLID_ANGLE_UNIT ( ) );
#9149 = LINE ( 'NONE', #6048, #3477 ) ;
#9150 = CARTESIAN_POINT ( 'NONE',  ( 7.620000000000000107, 1.299999999999999156, -1.590000000000000746 ) ) ;
#9151 = COLOUR_RGB ( '',0.9686274509803921573, 0.8784313725490195957, 0.5999999999999999778 ) ;
#9152 =( NAMED_UNIT ( * ) PLANE_ANGLE_UNIT ( ) SI_UNIT ( $, .RADIAN. ) );
#9153 = ORIENTED_EDGE ( 'NONE', *, *, #8700, .T. ) ;
#9154 = SURFACE_STYLE_FILL_AREA ( #1149 ) ;
#9155 = VERTEX_POINT ( 'NONE', #1222 ) ;
#9157 = ORIENTED_EDGE ( 'NONE', *, *, #4345, .F. ) ;
#9156 = FACE_OUTER_BOUND ( 'NONE', #2854, .T. ) ;
#9158 = SURFACE_SIDE_STYLE ('',( #9968 ) ) ;
#9159 = EDGE_CURVE ( 'NONE', #9206, #9563, #4551, .T. ) ;
#9160 = UNCERTAINTY_MEASURE_WITH_UNIT (LENGTH_MEASURE( 1.000000000000000082E-05 ), #9542, 'distance_accuracy_value', 'NONE');
#9161 = MECHANICAL_DESIGN_GEOMETRIC_PRESENTATION_REPRESENTATION (  '', ( #8005 ), #9327 ) ;
#9162 = LINE ( 'NONE', #5243, #4552 ) ;
#9163 = SURFACE_STYLE_FILL_AREA ( #4432 ) ;
#9164 = DIRECTION ( 'NONE',  ( 0.0000000000000000000, 0.0000000000000000000, 1.000000000000000000 ) ) ;
#9165 = FILL_AREA_STYLE_COLOUR ( '', #5227 ) ;
#9166 =( NAMED_UNIT ( * ) SI_UNIT ( $, .STERADIAN. ) SOLID_ANGLE_UNIT ( ) );
#9167 = MECHANICAL_DESIGN_GEOMETRIC_PRESENTATION_REPRESENTATION (  '', ( #573 ), #3562 ) ;
#9168 = ORIENTED_EDGE ( 'NONE', *, *, #968, .F. ) ;
#9169 = EDGE_LOOP ( 'NONE', ( #1967, #2080, #2620, #1036 ) ) ;
#9170 =( LENGTH_UNIT ( ) NAMED_UNIT ( * ) SI_UNIT ( .MILLI., .METRE. ) );
#9171 = VECTOR ( 'NONE', #8201, 1000.000000000000227 ) ;
#9172 = VECTOR ( 'NONE', #1443, 1000.000000000000000 ) ;
#9173 = MECHANICAL_DESIGN_GEOMETRIC_PRESENTATION_REPRESENTATION (  '', ( #3925 ), #8311 ) ;
#9174 = FILL_AREA_STYLE ('',( #1171 ) ) ;
#9175 = CARTESIAN_POINT ( 'NONE',  ( 5.199999999999996625, 8.800000000000000711, 0.9499999999999972911 ) ) ;
#9176 = VECTOR ( 'NONE', #1008, 999.9999999999998863 ) ;
#9177 = PLANE ( 'NONE',  #4187 ) ;
#9178 = PRESENTATION_LAYER_ASSIGNMENT (  '', '', ( #9871 ) ) ;
#9179 = FILL_AREA_STYLE ('',( #2104 ) ) ;
#9180 = EDGE_CURVE ( 'NONE', #7614, #3965, #4388, .T. ) ;
#9181 = CARTESIAN_POINT ( 'NONE',  ( -2.220000000000001972, 8.371098615898084461, -1.590000000000002300 ) ) ;
#9182 = ORIENTED_EDGE ( 'NONE', *, *, #1617, .F. ) ;
#9183 = UNCERTAINTY_MEASURE_WITH_UNIT (LENGTH_MEASURE( 1.000000000000000082E-05 ), #4540, 'distance_accuracy_value', 'NONE');
#9184 = PRESENTATION_LAYER_ASSIGNMENT (  '', '', ( #5079 ) ) ;
#9185 = DIRECTION ( 'NONE',  ( -0.0000000000000000000, 1.000000000000000000, 2.098455817713879812E-16 ) ) ;
#9186 = PRESENTATION_STYLE_ASSIGNMENT (( #3002 ) ) ;
#9187 = SURFACE_SIDE_STYLE ('',( #3786 ) ) ;
#9188 = AXIS2_PLACEMENT_3D ( 'NONE', #4660, #6079, #6833 ) ;
#9189 = CARTESIAN_POINT ( 'NONE',  ( -0.1249069645736572143, -3.000000000000000000, -1.145093035426346884 ) ) ;
#9190 = ORIENTED_EDGE ( 'NONE', *, *, #5363, .F. ) ;
#9191 = STYLED_ITEM ( 'NONE', ( #7862 ), #6554 ) ;
#9192 = DIRECTION ( 'NONE',  ( 0.0000000000000000000, -1.000000000000000000, 0.0000000000000000000 ) ) ;
#9193 = ORIENTED_EDGE ( 'NONE', *, *, #6960, .F. ) ;
#9194 = ORIENTED_EDGE ( 'NONE', *, *, #6573, .T. ) ;
#9195 = DIRECTION ( 'NONE',  ( 0.0000000000000000000, -1.000000000000000000, 0.0000000000000000000 ) ) ;
#9196 = SURFACE_STYLE_USAGE ( .BOTH. , #7822 ) ;
#9197 = CARTESIAN_POINT ( 'NONE',  ( 3.463632953837265660, -1.362369035843583598, -2.193632953837271415 ) ) ;
#9198 = COLOUR_RGB ( '',0.9686274509803921573, 0.8784313725490195957, 0.5999999999999999778 ) ;
#9199 =( NAMED_UNIT ( * ) PLANE_ANGLE_UNIT ( ) SI_UNIT ( $, .RADIAN. ) );
#9200 = LINE ( 'NONE', #3644, #9234 ) ;
#9201 = EDGE_CURVE ( 'NONE', #862, #7018, #9936, .T. ) ;
#9202 = AXIS2_PLACEMENT_3D ( 'NONE', #7639, #6868, #10019 ) ;
#9203 = LINE ( 'NONE', #4628, #5339 ) ;
#9204 = EDGE_CURVE ( 'NONE', #8689, #6909, #3679, .T. ) ;
#9205 = AXIS2_PLACEMENT_3D ( 'NONE', #1366, #8319, #3810 ) ;
#9206 = VERTEX_POINT ( 'NONE', #6831 ) ;
#9207 =( NAMED_UNIT ( * ) PLANE_ANGLE_UNIT ( ) SI_UNIT ( $, .RADIAN. ) );
#9208 = EDGE_LOOP ( 'NONE', ( #3575, #10108, #2865, #9573 ) ) ;
#9210 = EDGE_LOOP ( 'NONE', ( #3737, #7827, #6367, #9858 ) ) ;
#9209 = CARTESIAN_POINT ( 'NONE',  ( 7.500000000000000000, 0.0000000000000000000, -2.699999999999999289 ) ) ;
#9211 = AXIS2_PLACEMENT_3D ( 'NONE', #2460, #1003, #3347 ) ;
#9212 =( LENGTH_UNIT ( ) NAMED_UNIT ( * ) SI_UNIT ( .MILLI., .METRE. ) );
#9213 = DIRECTION ( 'NONE',  ( 1.000000000000000000, 0.0000000000000000000, -0.0000000000000000000 ) ) ;
#9214 =( LENGTH_UNIT ( ) NAMED_UNIT ( * ) SI_UNIT ( .MILLI., .METRE. ) );
#9215 = SURFACE_SIDE_STYLE ('',( #2034 ) ) ;
#9216 = FILL_AREA_STYLE ('',( #6067 ) ) ;
#9217 = CIRCLE ( 'NONE', #6078, 0.5000000000000008882 ) ;
#9218 = ADVANCED_FACE ( 'NONE', ( #2883 ), #9177, .T. ) ;
#9219 = ADVANCED_FACE ( 'NONE', ( #7948 ), #5618, .T. ) ;
#9220 =( GEOMETRIC_REPRESENTATION_CONTEXT ( 3 ) GLOBAL_UNCERTAINTY_ASSIGNED_CONTEXT ( ( #3624 ) ) GLOBAL_UNIT_ASSIGNED_CONTEXT ( ( #6492, #1037, #843 ) ) REPRESENTATION_CONTEXT ( 'NONE', 'WORKASPACE' ) );
#9221 = ORIENTED_EDGE ( 'NONE', *, *, #4196, .T. ) ;
#9222 = CARTESIAN_POINT ( 'NONE',  ( -1.609362599783167439E-16, 1.299999999999999156, 0.9499999999999980682 ) ) ;
#9223 = PLANE ( 'NONE',  #4492 ) ;
#9224 = SURFACE_STYLE_USAGE ( .BOTH. , #529 ) ;
#9225 =( GEOMETRIC_REPRESENTATION_CONTEXT ( 3 ) GLOBAL_UNCERTAINTY_ASSIGNED_CONTEXT ( ( #8532 ) ) GLOBAL_UNIT_ASSIGNED_CONTEXT ( ( #6676, #6872, #8200 ) ) REPRESENTATION_CONTEXT ( 'NONE', 'WORKASPACE' ) );
#9226 =( NAMED_UNIT ( * ) SI_UNIT ( $, .STERADIAN. ) SOLID_ANGLE_UNIT ( ) );
#9227 = MECHANICAL_DESIGN_GEOMETRIC_PRESENTATION_REPRESENTATION (  '', ( #803 ), #3806 ) ;
#9228 = DIRECTION ( 'NONE',  ( 0.0000000000000000000, 0.0000000000000000000, 1.000000000000000000 ) ) ;
#9229 = STYLED_ITEM ( 'NONE', ( #8230 ), #3333 ) ;
#9230 = CARTESIAN_POINT ( 'NONE',  ( 4.759999999999998899, -2.599999999999996536, -0.9500000000000025091 ) ) ;
#9231 = AXIS2_PLACEMENT_3D ( 'NONE', #9610, #2522, #5680 ) ;
#9232 = FILL_AREA_STYLE_COLOUR ( '', #4593 ) ;
#9233 =( NAMED_UNIT ( * ) SI_UNIT ( $, .STERADIAN. ) SOLID_ANGLE_UNIT ( ) );
#9234 = VECTOR ( 'NONE', #2070, 1000.000000000000000 ) ;
#9235 = ORIENTED_EDGE ( 'NONE', *, *, #2929, .T. ) ;
#9236 = VECTOR ( 'NONE', #2225, 1000.000000000000000 ) ;
#9237 = DIRECTION ( 'NONE',  ( 0.0000000000000000000, 0.0000000000000000000, -1.000000000000000000 ) ) ;
#9238 = PRESENTATION_STYLE_ASSIGNMENT (( #6197 ) ) ;
#9239 =( NAMED_UNIT ( * ) SI_UNIT ( $, .STERADIAN. ) SOLID_ANGLE_UNIT ( ) );
#9240 = COLOUR_RGB ( '',0.9686274509803921573, 0.8784313725490195957, 0.5999999999999999778 ) ;
#9241 =( LENGTH_UNIT ( ) NAMED_UNIT ( * ) SI_UNIT ( .MILLI., .METRE. ) );
#9242 = VECTOR ( 'NONE', #9404, 1000.000000000000227 ) ;
#9243 = AXIS2_PLACEMENT_3D ( 'NONE', #8343, #2844, #3729 ) ;
#9244 = FACE_OUTER_BOUND ( 'NONE', #990, .T. ) ;
#9245 = STYLED_ITEM ( 'NONE', ( #5205 ), #8452 ) ;
#9246 = ORIENTED_EDGE ( 'NONE', *, *, #4661, .F. ) ;
#9247 =( LENGTH_UNIT ( ) NAMED_UNIT ( * ) SI_UNIT ( .MILLI., .METRE. ) );
#9248 = VERTEX_POINT ( 'NONE', #3095 ) ;
#9249 = EDGE_LOOP ( 'NONE', ( #8950, #7133, #8365, #1571 ) ) ;
#9250 = PLANE ( 'NONE',  #9553 ) ;
#9251 = LINE ( 'NONE', #5383, #9721 ) ;
#9252 = CARTESIAN_POINT ( 'NONE',  ( 2.419999999999995044, 8.800000000000000711, 1.589999999999997193 ) ) ;
#9253 = LINE ( 'NONE', #2180, #5376 ) ;
#9254 = FILL_AREA_STYLE ('',( #9362 ) ) ;
#9255 = FACE_OUTER_BOUND ( 'NONE', #7669, .T. ) ;
#9256 = COLOUR_RGB ( '',0.9686274509803921573, 0.8784313725490195957, 0.5999999999999999778 ) ;
#9257 = AXIS2_PLACEMENT_3D ( 'NONE', #5251, #8327, #1376 ) ;
#9258 = EDGE_CURVE ( 'NONE', #3564, #8650, #1537, .T. ) ;
#9259 = FILL_AREA_STYLE_COLOUR ( '', #3530 ) ;
#9260 = AXIS2_PLACEMENT_3D ( 'NONE', #8416, #4470, #7722 ) ;
#9261 = VERTEX_POINT ( 'NONE', #9549 ) ;
#9262 = FACE_OUTER_BOUND ( 'NONE', #9006, .T. ) ;
#9263 = EDGE_LOOP ( 'NONE', ( #6425, #6151, #310, #2176 ) ) ;
#9265 = ORIENTED_EDGE ( 'NONE', *, *, #8235, .T. ) ;
#9264 = SURFACE_STYLE_FILL_AREA ( #2136 ) ;
#9266 =( NAMED_UNIT ( * ) PLANE_ANGLE_UNIT ( ) SI_UNIT ( $, .RADIAN. ) );
#9267 = UNCERTAINTY_MEASURE_WITH_UNIT (LENGTH_MEASURE( 1.000000000000000082E-05 ), #6840, 'distance_accuracy_value', 'NONE');
#9268 = SURFACE_STYLE_USAGE ( .BOTH. , #4739 ) ;
#9269 = CARTESIAN_POINT ( 'NONE',  ( -2.220000000000002860, 8.371098615898084461, 1.589999999999997415 ) ) ;
#9270 = DIRECTION ( 'NONE',  ( 1.000000000000000000, 0.0000000000000000000, 0.0000000000000000000 ) ) ;
#9271 =( NAMED_UNIT ( * ) PLANE_ANGLE_UNIT ( ) SI_UNIT ( $, .RADIAN. ) );
#9272 = VECTOR ( 'NONE', #9288, 1000.000000000000000 ) ;
#9273 = VERTEX_POINT ( 'NONE', #3831 ) ;
#9274 = PLANE ( 'NONE',  #6625 ) ;
#9275 = ORIENTED_EDGE ( 'NONE', *, *, #8274, .T. ) ;
#9276 = EDGE_CURVE ( 'NONE', #1477, #912, #5414, .T. ) ;
#9277 = SURFACE_SIDE_STYLE ('',( #1378 ) ) ;
#9278 = EDGE_LOOP ( 'NONE', ( #1688, #5817 ) ) ;
#9279 = DIRECTION ( 'NONE',  ( -0.3892816206350231401, -0.8348171294789894503, 0.3892816206350231956 ) ) ;
#9280 =( NAMED_UNIT ( * ) PLANE_ANGLE_UNIT ( ) SI_UNIT ( $, .RADIAN. ) );
#9281 = FILL_AREA_STYLE_COLOUR ( '', #8890 ) ;
#9282 = EDGE_CURVE ( 'NONE', #79, #5446, #6346, .T. ) ;
#9283 = EDGE_CURVE ( 'NONE', #31, #5042, #7848, .T. ) ;
#9284 = SURFACE_SIDE_STYLE ('',( #641 ) ) ;
#9285 = COLOUR_RGB ( '',0.9686274509803921573, 0.8784313725490195957, 0.5999999999999999778 ) ;
#9286 = DIRECTION ( 'NONE',  ( -0.0000000000000000000, 1.000000000000000000, -0.0000000000000000000 ) ) ;
#9287 = DIRECTION ( 'NONE',  ( -0.3892816206350231401, 0.8348171294789895613, 0.3892816206350228625 ) ) ;
#9288 = DIRECTION ( 'NONE',  ( 0.0000000000000000000, 0.0000000000000000000, -1.000000000000000000 ) ) ;
#9289 = DIRECTION ( 'NONE',  ( 1.000000000000000000, -0.0000000000000000000, 3.388131789017201849E-16 ) ) ;
#9290 = CARTESIAN_POINT ( 'NONE',  ( 10.15999999999999837, 0.0000000000000000000, -4.450000000000000178 ) ) ;
#9291 = PLANE ( 'NONE',  #9816 ) ;
#9292 = ORIENTED_EDGE ( 'NONE', *, *, #286, .F. ) ;
#9293 = UNCERTAINTY_MEASURE_WITH_UNIT (LENGTH_MEASURE( 1.000000000000000082E-05 ), #2043, 'distance_accuracy_value', 'NONE');
#9294 = PRESENTATION_STYLE_ASSIGNMENT (( #7702 ) ) ;
#9295 = DIRECTION ( 'NONE',  ( -0.0000000000000000000, -0.0000000000000000000, -1.000000000000000000 ) ) ;
#9296 =( NAMED_UNIT ( * ) SI_UNIT ( $, .STERADIAN. ) SOLID_ANGLE_UNIT ( ) );
#9297 = PRESENTATION_LAYER_ASSIGNMENT (  '', '', ( #1545 ) ) ;
#9298 = SURFACE_SIDE_STYLE ('',( #542 ) ) ;
#9299 = SURFACE_STYLE_FILL_AREA ( #7003 ) ;
#9300 = ORIENTED_EDGE ( 'NONE', *, *, #8642, .T. ) ;
#9301 = DIRECTION ( 'NONE',  ( 0.0000000000000000000, 0.0000000000000000000, 1.000000000000000000 ) ) ;
#9302 = ORIENTED_EDGE ( 'NONE', *, *, #2000, .F. ) ;
#9303 = EDGE_LOOP ( 'NONE', ( #9044, #7814, #661, #9913 ) ) ;
#9304 =( LENGTH_UNIT ( ) NAMED_UNIT ( * ) SI_UNIT ( .MILLI., .METRE. ) );
#9305 = CARTESIAN_POINT ( 'NONE',  ( -7.500000000000000000, -0.1000000000000000056, 2.699999999999999289 ) ) ;
#9306 = SURFACE_STYLE_USAGE ( .BOTH. , #7108 ) ;
#9307 = SURFACE_STYLE_FILL_AREA ( #9254 ) ;
#9308 = DIRECTION ( 'NONE',  ( -0.4014883995042277109, -0.8231732078530417107, -0.4014883995042280440 ) ) ;
#9309 = CARTESIAN_POINT ( 'NONE',  ( 10.16000000000000014, 8.800000000000000711, 0.0000000000000000000 ) ) ;
#9310 = LINE ( 'NONE', #4778, #3309 ) ;
#9311 = SURFACE_STYLE_USAGE ( .BOTH. , #10005 ) ;
#9312 = ORIENTED_EDGE ( 'NONE', *, *, #2640, .F. ) ;
#9313 = PLANE ( 'NONE',  #7234 ) ;
#9314 = SURFACE_SIDE_STYLE ('',( #6272 ) ) ;
#9315 = ORIENTED_EDGE ( 'NONE', *, *, #5742, .T. ) ;
#9317 = VERTEX_POINT ( 'NONE', #7091 ) ;
#9316 =( NAMED_UNIT ( * ) PLANE_ANGLE_UNIT ( ) SI_UNIT ( $, .RADIAN. ) );
#9318 =( NAMED_UNIT ( * ) PLANE_ANGLE_UNIT ( ) SI_UNIT ( $, .RADIAN. ) );
#9319 = FILL_AREA_STYLE ('',( #5598 ) ) ;
#9320 = ADVANCED_FACE ( 'NONE', ( #10244 ), #2405, .T. ) ;
#9321 =( NAMED_UNIT ( * ) PLANE_ANGLE_UNIT ( ) SI_UNIT ( $, .RADIAN. ) );
#9322 = SURFACE_STYLE_USAGE ( .BOTH. , #1470 ) ;
#9323 = FACE_OUTER_BOUND ( 'NONE', #1180, .T. ) ;
#9324 = VERTEX_POINT ( 'NONE', #7506 ) ;
#9325 = FILL_AREA_STYLE ('',( #4701 ) ) ;
#9326 =( NAMED_UNIT ( * ) SI_UNIT ( $, .STERADIAN. ) SOLID_ANGLE_UNIT ( ) );
#9327 =( GEOMETRIC_REPRESENTATION_CONTEXT ( 3 ) GLOBAL_UNCERTAINTY_ASSIGNED_CONTEXT ( ( #9624 ) ) GLOBAL_UNIT_ASSIGNED_CONTEXT ( ( #1668, #7979, #9377 ) ) REPRESENTATION_CONTEXT ( 'NONE', 'WORKASPACE' ) );
#9328 = VERTEX_POINT ( 'NONE', #1233 ) ;
#9329 = ORIENTED_EDGE ( 'NONE', *, *, #6268, .F. ) ;
#9330 = PRESENTATION_STYLE_ASSIGNMENT (( #3826 ) ) ;
#9331 = VECTOR ( 'NONE', #4215, 1000.000000000000000 ) ;
#9332 = DIRECTION ( 'NONE',  ( -7.965160606147398216E-17, 0.7071067811865474617, 0.7071067811865474617 ) ) ;
#9333 = EDGE_CURVE ( 'NONE', #1750, #6796, #4563, .T. ) ;
#9334 = AXIS2_PLACEMENT_3D ( 'NONE', #553, #7477, #1352 ) ;
#9335 = SURFACE_STYLE_FILL_AREA ( #1480 ) ;
#9336 = EDGE_CURVE ( 'NONE', #2445, #8661, #5990, .T. ) ;
#9337 = SURFACE_STYLE_FILL_AREA ( #9451 ) ;
#9338 = AXIS2_PLACEMENT_3D ( 'NONE', #4931, #8113, #4990 ) ;
#9339 = EDGE_CURVE ( 'NONE', #3706, #9804, #4023, .T. ) ;
#9340 = VECTOR ( 'NONE', #4206, 1000.000000000000000 ) ;
#9341 = CARTESIAN_POINT ( 'NONE',  ( -2.220000000000001972, 8.800000000000000711, -1.590000000000002300 ) ) ;
#9342 =( GEOMETRIC_REPRESENTATION_CONTEXT ( 3 ) GLOBAL_UNCERTAINTY_ASSIGNED_CONTEXT ( ( #4353 ) ) GLOBAL_UNIT_ASSIGNED_CONTEXT ( ( #5173, #5210, #7660 ) ) REPRESENTATION_CONTEXT ( 'NONE', 'WORKASPACE' ) );
#9343 =( NAMED_UNIT ( * ) PLANE_ANGLE_UNIT ( ) SI_UNIT ( $, .RADIAN. ) );
#9344 = ORIENTED_EDGE ( 'NONE', *, *, #9201, .F. ) ;
#9345 = PLANE ( 'NONE',  #5732 ) ;
#9346 = CARTESIAN_POINT ( 'NONE',  ( -0.3200000000000025602, 8.800000000000000711, 0.9499999999999971800 ) ) ;
#9347 = CARTESIAN_POINT ( 'NONE',  ( -7.500000000000000000, -0.1000000000000000056, -3.200000000000000178 ) ) ;
#9348 = VECTOR ( 'NONE', #4796, 1000.000000000000000 ) ;
#9349 = COLOUR_RGB ( '',0.9686274509803921573, 0.8784313725490195957, 0.5999999999999999778 ) ;
#9350 = COLOUR_RGB ( '',0.9686274509803921573, 0.8784313725490195957, 0.5999999999999999778 ) ;
#9351 =( NAMED_UNIT ( * ) SI_UNIT ( $, .STERADIAN. ) SOLID_ANGLE_UNIT ( ) );
#9352 = ADVANCED_FACE ( 'NONE', ( #5216 ), #2787, .T. ) ;
#9353 = CARTESIAN_POINT ( 'NONE',  ( 8.859999999999999432, 1.299999999999999156, 1.749999999999999556 ) ) ;
#9354 = ADVANCED_FACE ( 'NONE', ( #1395 ), #8301, .F. ) ;
#9355 =( GEOMETRIC_REPRESENTATION_CONTEXT ( 3 ) GLOBAL_UNCERTAINTY_ASSIGNED_CONTEXT ( ( #8627 ) ) GLOBAL_UNIT_ASSIGNED_CONTEXT ( ( #5445, #6515, #859 ) ) REPRESENTATION_CONTEXT ( 'NONE', 'WORKASPACE' ) );
#9356 = ORIENTED_EDGE ( 'NONE', *, *, #8973, .F. ) ;
#9357 = STYLED_ITEM ( 'NONE', ( #39 ), #814 ) ;
#9358 = CARTESIAN_POINT ( 'NONE',  ( 0.09994218300928811582, -3.461009071065143328, -1.170057816990712984 ) ) ;
#9359 = ORIENTED_EDGE ( 'NONE', *, *, #8766, .F. ) ;
#9360 = CARTESIAN_POINT ( 'NONE',  ( 7.500000000000000000, 0.0000000000000000000, 3.200000000000000178 ) ) ;
#9361 = FILL_AREA_STYLE ('',( #4726 ) ) ;
#9362 = FILL_AREA_STYLE_COLOUR ( '', #24 ) ;
#9363 = UNCERTAINTY_MEASURE_WITH_UNIT (LENGTH_MEASURE( 1.000000000000000082E-05 ), #9875, 'distance_accuracy_value', 'NONE');
#9364 = FACE_OUTER_BOUND ( 'NONE', #6029, .T. ) ;
#9365 = PLANE ( 'NONE',  #2310 ) ;
#9366 = AXIS2_PLACEMENT_3D ( 'NONE', #7698, #3777, #2885 ) ;
#9367 = DIRECTION ( 'NONE',  ( -0.8987940462991674817, 0.4383711467890764046, -0.0000000000000000000 ) ) ;
#9368 = STYLED_ITEM ( 'NONE', ( #9957 ), #6381 ) ;
#9369 = ORIENTED_EDGE ( 'NONE', *, *, #2744, .T. ) ;
#9370 = FILL_AREA_STYLE_COLOUR ( '', #6779 ) ;
#9371 = VERTEX_POINT ( 'NONE', #4518 ) ;
#9373 = VERTEX_POINT ( 'NONE', #5324 ) ;
#9372 = DIRECTION ( 'NONE',  ( -0.0000000000000000000, 1.000000000000000000, -0.0000000000000000000 ) ) ;
#9374 = CARTESIAN_POINT ( 'NONE',  ( -8.860000000000002984, 0.0000000000000000000, -2.478176394252581141E-16 ) ) ;
#9375 = UNCERTAINTY_MEASURE_WITH_UNIT (LENGTH_MEASURE( 1.000000000000000082E-05 ), #4191, 'distance_accuracy_value', 'NONE');
#9376 = CARTESIAN_POINT ( 'NONE',  ( -5.303014284694895331, 8.579085153560457755, 1.046985715305104536 ) ) ;
#9377 =( NAMED_UNIT ( * ) SI_UNIT ( $, .STERADIAN. ) SOLID_ANGLE_UNIT ( ) );
#9378 = FILL_AREA_STYLE_COLOUR ( '', #6777 ) ;
#9379 = CARTESIAN_POINT ( 'NONE',  ( -2.420000000000002593, 8.800000000000000711, -1.590000000000002300 ) ) ;
#9381 =( NAMED_UNIT ( * ) PLANE_ANGLE_UNIT ( ) SI_UNIT ( $, .RADIAN. ) );
#9380 = MECHANICAL_DESIGN_GEOMETRIC_PRESENTATION_REPRESENTATION (  '', ( #5421 ), #5917 ) ;
#9382 = PRESENTATION_LAYER_ASSIGNMENT (  '', '', ( #785 ) ) ;
#9383 = ORIENTED_EDGE ( 'NONE', *, *, #8274, .F. ) ;
#9384 = EDGE_CURVE ( 'NONE', #4109, #9022, #1644, .T. ) ;
#9385 =( LENGTH_UNIT ( ) NAMED_UNIT ( * ) SI_UNIT ( .MILLI., .METRE. ) );
#9386 = FILL_AREA_STYLE_COLOUR ( '', #7393 ) ;
#9387 = EDGE_LOOP ( 'NONE', ( #5190, #844, #7950, #3808 ) ) ;
#9388 = CARTESIAN_POINT ( 'NONE',  ( -4.760000000000002451, 8.800000000000000711, -1.590000000000002300 ) ) ;
#9389 = AXIS2_PLACEMENT_3D ( 'NONE', #3738, #1241, #6851 ) ;
#9390 = FACE_OUTER_BOUND ( 'NONE', #8380, .T. ) ;
#9391 =( GEOMETRIC_REPRESENTATION_CONTEXT ( 3 ) GLOBAL_UNCERTAINTY_ASSIGNED_CONTEXT ( ( #5694 ) ) GLOBAL_UNIT_ASSIGNED_CONTEXT ( ( #4967, #1838, #9661 ) ) REPRESENTATION_CONTEXT ( 'NONE', 'WORKASPACE' ) );
#9392 = LINE ( 'NONE', #4759, #3526 ) ;
#9393 = EDGE_CURVE ( 'NONE', #6132, #4126, #3105, .T. ) ;
#9394 = DIRECTION ( 'NONE',  ( -1.000000000000000000, -0.0000000000000000000, -0.0000000000000000000 ) ) ;
#9395 = VECTOR ( 'NONE', #4878, 1000.000000000000000 ) ;
#9396 = CARTESIAN_POINT ( 'NONE',  ( -5.400000000000002132, 8.800000000000000711, -0.9500000000000025091 ) ) ;
#9397 = VECTOR ( 'NONE', #5970, 1000.000000000000000 ) ;
#9398 = EDGE_CURVE ( 'NONE', #108, #2575, #4192, .T. ) ;
#9399 = COLOUR_RGB ( '',0.9686274509803921573, 0.8784313725490195957, 0.5999999999999999778 ) ;
#9400 = EDGE_LOOP ( 'NONE', ( #174, #8464, #2912, #1295 ) ) ;
#9401 = UNCERTAINTY_MEASURE_WITH_UNIT (LENGTH_MEASURE( 1.000000000000000082E-05 ), #6464, 'distance_accuracy_value', 'NONE');
#9402 = DIRECTION ( 'NONE',  ( 0.0000000000000000000, 0.0000000000000000000, 1.000000000000000000 ) ) ;
#9403 = FILL_AREA_STYLE ('',( #6307 ) ) ;
#9404 = DIRECTION ( 'NONE',  ( -0.3892816206350230845, -0.8348171294789894503, -0.3892816206350232511 ) ) ;
#9405 = CARTESIAN_POINT ( 'NONE',  ( -2.860000000000001652, -2.600000000000000089, -1.590000000000002522 ) ) ;
#9406 = VECTOR ( 'NONE', #599, 1000.000000000000000 ) ;
#9407 =( GEOMETRIC_REPRESENTATION_CONTEXT ( 3 ) GLOBAL_UNCERTAINTY_ASSIGNED_CONTEXT ( ( #2344 ) ) GLOBAL_UNIT_ASSIGNED_CONTEXT ( ( #6739, #5947, #8304 ) ) REPRESENTATION_CONTEXT ( 'NONE', 'WORKASPACE' ) );
#9408 = PRESENTATION_STYLE_ASSIGNMENT (( #3048 ) ) ;
#9409 = PRESENTATION_LAYER_ASSIGNMENT (  '', '', ( #4313 ) ) ;
#9410 = ORIENTED_EDGE ( 'NONE', *, *, #34, .F. ) ;
#9411 = PLANE ( 'NONE',  #4632 ) ;
#9412 = ORIENTED_EDGE ( 'NONE', *, *, #5063, .F. ) ;
#9413 = DIRECTION ( 'NONE',  ( 0.0000000000000000000, -1.000000000000000000, 0.0000000000000000000 ) ) ;
#9414 = VECTOR ( 'NONE', #5833, 1000.000000000000000 ) ;
#9415 = VECTOR ( 'NONE', #7396, 1000.000000000000000 ) ;
#9416 = CARTESIAN_POINT ( 'NONE',  ( 5.199999999999998401, 8.800000000000000711, -1.590000000000002300 ) ) ;
#9417 = EDGE_CURVE ( 'NONE', #6218, #4915, #16, .T. ) ;
#9418 = FILL_AREA_STYLE ('',( #8786 ) ) ;
#9419 = FACE_OUTER_BOUND ( 'NONE', #3229, .T. ) ;
#9420 = EDGE_CURVE ( 'NONE', #9586, #1038, #2372, .T. ) ;
#9421 = COLOUR_RGB ( '',0.3137254901960784270, 0.3137254901960784270, 0.3137254901960784270 ) ;
#9422 = COLOUR_RGB ( '',0.9686274509803921573, 0.8784313725490195957, 0.5999999999999999778 ) ;
#9423 = DIRECTION ( 'NONE',  ( -0.0000000000000000000, 1.000000000000000000, -0.0000000000000000000 ) ) ;
#9424 = AXIS2_PLACEMENT_3D ( 'NONE', #2363, #5524, #8657 ) ;
#9425 = CARTESIAN_POINT ( 'NONE',  ( -5.400000000000003020, 1.299999999999999156, 0.9499999999999971800 ) ) ;
#9426 = MECHANICAL_DESIGN_GEOMETRIC_PRESENTATION_REPRESENTATION (  '', ( #4651 ), #7295 ) ;
#9427 = ORIENTED_EDGE ( 'NONE', *, *, #9072, .F. ) ;
#9428 = COLOUR_RGB ( '',0.3137254901960784270, 0.3137254901960784270, 0.3137254901960784270 ) ;
#9429 = DIRECTION ( 'NONE',  ( 1.000000000000000000, 0.0000000000000000000, 3.388131789017201849E-16 ) ) ;
#9430 = EDGE_LOOP ( 'NONE', ( #8991, #3825, #2736, #4318 ) ) ;
#9432 = EDGE_LOOP ( 'NONE', ( #3390, #5949, #9100, #7974 ) ) ;
#9431 = CARTESIAN_POINT ( 'NONE',  ( -2.860000000000002540, 8.371098615898084461, 1.589999999999997193 ) ) ;
#9433 = STYLED_ITEM ( 'NONE', ( #40 ), #3879 ) ;
#9434 = SURFACE_STYLE_FILL_AREA ( #7683 ) ;
#9435 = CARTESIAN_POINT ( 'NONE',  ( 0.0000000000000000000, -0.1000000000000000056, -3.200000000000000178 ) ) ;
#9436 = CARTESIAN_POINT ( 'NONE',  ( 0.9236329538372701764, -1.362369035843582266, -0.3463670461627296748 ) ) ;
#9437 = FILL_AREA_STYLE ('',( #10176 ) ) ;
#9438 =( NAMED_UNIT ( * ) SI_UNIT ( $, .STERADIAN. ) SOLID_ANGLE_UNIT ( ) );
#9439 = ORIENTED_EDGE ( 'NONE', *, *, #2201, .F. ) ;
#9440 = CARTESIAN_POINT ( 'NONE',  ( -8.859999999999997655, 8.400000000000000355, -3.199999999999999734 ) ) ;
#9441 = ORIENTED_EDGE ( 'NONE', *, *, #6978, .T. ) ;
#9442 = LINE ( 'NONE', #44, #5390 ) ;
#9443 = FACE_BOUND ( 'NONE', #2975, .T. ) ;
#9444 =( NAMED_UNIT ( * ) PLANE_ANGLE_UNIT ( ) SI_UNIT ( $, .RADIAN. ) );
#9445 = VERTEX_POINT ( 'NONE', #7048 ) ;
#9446 =( NAMED_UNIT ( * ) PLANE_ANGLE_UNIT ( ) SI_UNIT ( $, .RADIAN. ) );
#9447 = SURFACE_STYLE_FILL_AREA ( #100 ) ;
#9448 = SURFACE_STYLE_FILL_AREA ( #8604 ) ;
#9449 = VECTOR ( 'NONE', #7897, 1000.000000000000000 ) ;
#9450 = LINE ( 'NONE', #3036, #5954 ) ;
#9451 = FILL_AREA_STYLE ('',( #6299 ) ) ;
#9452 = VECTOR ( 'NONE', #8617, 1000.000000000000000 ) ;
#9453 = FILL_AREA_STYLE ('',( #7900 ) ) ;
#9454 =( GEOMETRIC_REPRESENTATION_CONTEXT ( 3 ) GLOBAL_UNCERTAINTY_ASSIGNED_CONTEXT ( ( #3708 ) ) GLOBAL_UNIT_ASSIGNED_CONTEXT ( ( #6699, #5911, #5148 ) ) REPRESENTATION_CONTEXT ( 'NONE', 'WORKASPACE' ) );
#9455 = VERTEX_POINT ( 'NONE', #7906 ) ;
#9456 = DIRECTION ( 'NONE',  ( -3.070690223892709539E-16, 0.4226182617406972208, 0.9063077870366510469 ) ) ;
#9457 = EDGE_CURVE ( 'NONE', #9673, #1425, #6255, .T. ) ;
#9458 =( LENGTH_UNIT ( ) NAMED_UNIT ( * ) SI_UNIT ( .MILLI., .METRE. ) );
#9459 = VECTOR ( 'NONE', #1844, 1000.000000000000000 ) ;
#9460 = VECTOR ( 'NONE', #6184, 1000.000000000000000 ) ;
#9461 =( LENGTH_UNIT ( ) NAMED_UNIT ( * ) SI_UNIT ( .MILLI., .METRE. ) );
#9462 = DIRECTION ( 'NONE',  ( 0.0000000000000000000, -1.000000000000000000, 0.0000000000000000000 ) ) ;
#9463 = ORIENTED_EDGE ( 'NONE', *, *, #5305, .F. ) ;
#9464 = EDGE_LOOP ( 'NONE', ( #3975, #9479 ) ) ;
#9465 = SURFACE_STYLE_USAGE ( .BOTH. , #10161 ) ;
#9466 = MECHANICAL_DESIGN_GEOMETRIC_PRESENTATION_REPRESENTATION (  '', ( #2022 ), #7818 ) ;
#9467 = SURFACE_STYLE_USAGE ( .BOTH. , #8008 ) ;
#9468 = DIRECTION ( 'NONE',  ( 1.000000000000000000, 0.0000000000000000000, 1.694065894508600925E-16 ) ) ;
#9469 = UNCERTAINTY_MEASURE_WITH_UNIT (LENGTH_MEASURE( 1.000000000000000082E-05 ), #462, 'distance_accuracy_value', 'NONE');
#9470 =( NAMED_UNIT ( * ) SI_UNIT ( $, .STERADIAN. ) SOLID_ANGLE_UNIT ( ) );
#9471 = EDGE_CURVE ( 'NONE', #9328, #1190, #2319, .T. ) ;
#9472 = CARTESIAN_POINT ( 'NONE',  ( -6.015304598860760521, 7.922709448335786497, 4.450000000000000178 ) ) ;
#9473 = MECHANICAL_DESIGN_GEOMETRIC_PRESENTATION_REPRESENTATION (  '', ( #1545 ), #1034 ) ;
#9474 = EDGE_CURVE ( 'NONE', #7509, #1965, #8667, .T. ) ;
#9475 = ORIENTED_EDGE ( 'NONE', *, *, #8205, .T. ) ;
#9476 = EDGE_CURVE ( 'NONE', #10149, #7522, #7155, .T. ) ;
#9477 = EDGE_LOOP ( 'NONE', ( #7677, #2424, #5816, #10229 ) ) ;
#9479 = ORIENTED_EDGE ( 'NONE', *, *, #2826, .F. ) ;
#9478 = CARTESIAN_POINT ( 'NONE',  ( -8.859999999999997655, 1.299999999999999156, 3.200000000000000622 ) ) ;
#9480 = SURFACE_STYLE_FILL_AREA ( #9641 ) ;
#9481 = CARTESIAN_POINT ( 'NONE',  ( -4.760000000000002451, 8.800000000000000711, -0.9500000000000022871 ) ) ;
#9482 = SURFACE_SIDE_STYLE ('',( #3177 ) ) ;
#9483 = CARTESIAN_POINT ( 'NONE',  ( -0.1200000000000011890, 8.800000000000000711, -1.150000000000003242 ) ) ;
#9484 = VERTEX_POINT ( 'NONE', #10154 ) ;
#9485 = SURFACE_STYLE_USAGE ( .BOTH. , #8697 ) ;
#9486 = EDGE_LOOP ( 'NONE', ( #5054, #202, #4926, #6194, #8250, #1349, #1607, #7615 ) ) ;
#9487 = EDGE_CURVE ( 'NONE', #3956, #8527, #5480, .T. ) ;
#9488 = FACE_OUTER_BOUND ( 'NONE', #7563, .T. ) ;
#9489 = CARTESIAN_POINT ( 'NONE',  ( 4.955093035426345160, -3.000000000000000000, 0.0000000000000000000 ) ) ;
#9490 = ORIENTED_EDGE ( 'NONE', *, *, #9848, .T. ) ;
#9491 = PRESENTATION_STYLE_ASSIGNMENT (( #8702 ) ) ;
#9492 = CARTESIAN_POINT ( 'NONE',  ( 2.540000000000000480, -3.000000000000000000, -1.145093035426345329 ) ) ;
#9493 = FILL_AREA_STYLE ('',( #8705 ) ) ;
#9494 = CARTESIAN_POINT ( 'NONE',  ( 4.759999999999997122, 1.299999999999999156, 0.0000000000000000000 ) ) ;
#9495 = CARTESIAN_POINT ( 'NONE',  ( 0.3199999999999982303, 8.371098615898084461, -0.9500000000000022871 ) ) ;
#9496 = COLOUR_RGB ( '',0.9686274509803921573, 0.8784313725490195957, 0.5999999999999999778 ) ;
#9497 =( NAMED_UNIT ( * ) SI_UNIT ( $, .STERADIAN. ) SOLID_ANGLE_UNIT ( ) );
#9498 = CARTESIAN_POINT ( 'NONE',  ( 5.399999999999998579, -2.599999999999996536, -0.9500000000000022871 ) ) ;
#9499 = FACE_OUTER_BOUND ( 'NONE', #10136, .T. ) ;
#9500 = VECTOR ( 'NONE', #5397, 1000.000000000000000 ) ;
#9501 = ORIENTED_EDGE ( 'NONE', *, *, #6378, .T. ) ;
#9502 = FILL_AREA_STYLE ('',( #6348 ) ) ;
#9503 = EDGE_LOOP ( 'NONE', ( #3183, #5366, #971, #6910 ) ) ;
#9504 = UNCERTAINTY_MEASURE_WITH_UNIT (LENGTH_MEASURE( 1.000000000000000082E-05 ), #4879, 'distance_accuracy_value', 'NONE');
#9505 = FILL_AREA_STYLE_COLOUR ( '', #6215 ) ;
#9506 = DIRECTION ( 'NONE',  ( -3.045232680045607297E-16, 0.4383711467890769042, 0.8987940462991672597 ) ) ;
#9507 = DIRECTION ( 'NONE',  ( 0.0000000000000000000, -1.000000000000000000, 0.0000000000000000000 ) ) ;
#9508 = CARTESIAN_POINT ( 'NONE',  ( 10.15999999999999837, 6.199999999999999289, -1.650000000000000133 ) ) ;
#9509 = VECTOR ( 'NONE', #5710, 1000.000000000000114 ) ;
#9510 = EDGE_CURVE ( 'NONE', #419, #3028, #3208, .T. ) ;
#9511 = CARTESIAN_POINT ( 'NONE',  ( 5.399999999999996803, 8.800000000000000711, 1.589999999999997415 ) ) ;
#9512 = VERTEX_POINT ( 'NONE', #10252 ) ;
#9513 =( GEOMETRIC_REPRESENTATION_CONTEXT ( 3 ) GLOBAL_UNCERTAINTY_ASSIGNED_CONTEXT ( ( #7424 ) ) GLOBAL_UNIT_ASSIGNED_CONTEXT ( ( #2450, #9444, #8649 ) ) REPRESENTATION_CONTEXT ( 'NONE', 'WORKASPACE' ) );
#9514 = PLANE ( 'NONE',  #745 ) ;
#9515 = DIRECTION ( 'NONE',  ( -3.388131789017201849E-16, 0.0000000000000000000, 1.000000000000000000 ) ) ;
#9516 = DIRECTION ( 'NONE',  ( 0.0000000000000000000, 0.7071067811865475727, 0.7071067811865475727 ) ) ;
#9517 = DIRECTION ( 'NONE',  ( 0.0000000000000000000, -1.000000000000000000, 0.0000000000000000000 ) ) ;
#9518 = VECTOR ( 'NONE', #8783, 1000.000000000000000 ) ;
#9519 = CARTESIAN_POINT ( 'NONE',  ( -2.860000000000001652, 8.371098615898084461, -0.9500000000000025091 ) ) ;
#9520 = PRESENTATION_LAYER_ASSIGNMENT (  '', '', ( #1430 ) ) ;
#9521 = EDGE_LOOP ( 'NONE', ( #2027, #8795, #9710, #7527 ) ) ;
#9522 = VECTOR ( 'NONE', #7532, 1000.000000000000000 ) ;
#9523 = ORIENTED_EDGE ( 'NONE', *, *, #559, .T. ) ;
#9525 = ORIENTED_EDGE ( 'NONE', *, *, #9755, .T. ) ;
#9524 = FACE_OUTER_BOUND ( 'NONE', #1761, .T. ) ;
#9526 =( LENGTH_UNIT ( ) NAMED_UNIT ( * ) SI_UNIT ( .MILLI., .METRE. ) );
#9527 = EDGE_CURVE ( 'NONE', #239, #3414, #8507, .T. ) ;
#9528 =( NAMED_UNIT ( * ) SI_UNIT ( $, .STERADIAN. ) SOLID_ANGLE_UNIT ( ) );
#9529 = PRESENTATION_STYLE_ASSIGNMENT (( #7075 ) ) ;
#9530 = PRESENTATION_LAYER_ASSIGNMENT (  '', '', ( #3588 ) ) ;
#9531 = ADVANCED_FACE ( 'NONE', ( #7955 ), #759, .T. ) ;
#9532 = PRESENTATION_LAYER_ASSIGNMENT (  '', '', ( #8344 ) ) ;
#9533 = ORIENTED_EDGE ( 'NONE', *, *, #7510, .F. ) ;
#9534 = SURFACE_STYLE_FILL_AREA ( #3230 ) ;
#9535 = MECHANICAL_DESIGN_GEOMETRIC_PRESENTATION_REPRESENTATION (  '', ( #3771 ), #6747 ) ;
#9536 = ORIENTED_EDGE ( 'NONE', *, *, #3204, .F. ) ;
#9537 = SURFACE_STYLE_FILL_AREA ( #4703 ) ;
#9538 = PRESENTATION_STYLE_ASSIGNMENT (( #6234 ) ) ;
#9539 = VERTEX_POINT ( 'NONE', #4976 ) ;
#9540 = VECTOR ( 'NONE', #2683, 1000.000000000000000 ) ;
#9541 =( LENGTH_UNIT ( ) NAMED_UNIT ( * ) SI_UNIT ( .MILLI., .METRE. ) );
#9542 =( LENGTH_UNIT ( ) NAMED_UNIT ( * ) SI_UNIT ( .MILLI., .METRE. ) );
#9543 =( NAMED_UNIT ( * ) SI_UNIT ( $, .STERADIAN. ) SOLID_ANGLE_UNIT ( ) );
#9544 = EDGE_CURVE ( 'NONE', #3185, #187, #949, .T. ) ;
#9545 =( GEOMETRIC_REPRESENTATION_CONTEXT ( 3 ) GLOBAL_UNCERTAINTY_ASSIGNED_CONTEXT ( ( #6265 ) ) GLOBAL_UNIT_ASSIGNED_CONTEXT ( ( #9822, #365, #2753 ) ) REPRESENTATION_CONTEXT ( 'NONE', 'WORKASPACE' ) );
#9546 = EDGE_CURVE ( 'NONE', #4253, #7128, #4922, .T. ) ;
#9547 = DIRECTION ( 'NONE',  ( 1.000000000000000000, 0.0000000000000000000, 3.388131789017201849E-16 ) ) ;
#9548 =( GEOMETRIC_REPRESENTATION_CONTEXT ( 3 ) GLOBAL_UNCERTAINTY_ASSIGNED_CONTEXT ( ( #3417 ) ) GLOBAL_UNIT_ASSIGNED_CONTEXT ( ( #8827, #9381, #9438 ) ) REPRESENTATION_CONTEXT ( 'NONE', 'WORKASPACE' ) );
#9549 = CARTESIAN_POINT ( 'NONE',  ( -4.760000000000003340, -2.599999999999996536, 0.9499999999999972911 ) ) ;
#9550 = LINE ( 'NONE', #6991, #5800 ) ;
#9551 = CARTESIAN_POINT ( 'NONE',  ( -10.16000000000000192, 0.0000000000000000000, -1.649999999999999023 ) ) ;
#9552 =( NAMED_UNIT ( * ) PLANE_ANGLE_UNIT ( ) SI_UNIT ( $, .RADIAN. ) );
#9553 = AXIS2_PLACEMENT_3D ( 'NONE', #1296, #3580, #6742 ) ;
#9554 = ORIENTED_EDGE ( 'NONE', *, *, #10180, .F. ) ;
#9555 = VECTOR ( 'NONE', #5199, 1000.000000000000000 ) ;
#9556 = DIRECTION ( 'NONE',  ( 1.000000000000000000, 0.0000000000000000000, 0.0000000000000000000 ) ) ;
#9557 = LINE ( 'NONE', #3304, #243 ) ;
#9558 = VECTOR ( 'NONE', #294, 1000.000000000000000 ) ;
#9559 =( NAMED_UNIT ( * ) SI_UNIT ( $, .STERADIAN. ) SOLID_ANGLE_UNIT ( ) );
#9560 = DIRECTION ( 'NONE',  ( -1.000000000000000000, 0.0000000000000000000, -3.388131789017201849E-16 ) ) ;
#9561 = EDGE_LOOP ( 'NONE', ( #5250, #3623, #7961, #1502 ) ) ;
#9562 = PRESENTATION_STYLE_ASSIGNMENT (( #5584 ) ) ;
#9563 = VERTEX_POINT ( 'NONE', #5685 ) ;
#9564 = CARTESIAN_POINT ( 'NONE',  ( 4.759999999999998899, 1.299999999999999156, -0.9500000000000025091 ) ) ;
#9565 = LINE ( 'NONE', #5696, #9340 ) ;
#9566 =( NAMED_UNIT ( * ) SI_UNIT ( $, .STERADIAN. ) SOLID_ANGLE_UNIT ( ) );
#9567 = PRESENTATION_LAYER_ASSIGNMENT (  '', '', ( #116 ) ) ;
#9568 = FILL_AREA_STYLE_COLOUR ( '', #3920 ) ;
#9569 = AXIS2_PLACEMENT_3D ( 'NONE', #6896, #8465, #4570 ) ;
#9570 = CARTESIAN_POINT ( 'NONE',  ( -8.860000000000002984, 0.0000000000000000000, -1.649999999999999911 ) ) ;
#9571 =( GEOMETRIC_REPRESENTATION_CONTEXT ( 3 ) GLOBAL_UNCERTAINTY_ASSIGNED_CONTEXT ( ( #3600 ) ) GLOBAL_UNIT_ASSIGNED_CONTEXT ( ( #6292, #4859, #5059 ) ) REPRESENTATION_CONTEXT ( 'NONE', 'WORKASPACE' ) );
#9572 = DIRECTION ( 'NONE',  ( 0.0000000000000000000, 0.0000000000000000000, 1.000000000000000000 ) ) ;
#9573 = ORIENTED_EDGE ( 'NONE', *, *, #8146, .F. ) ;
#9574 = COLOUR_RGB ( '',0.9686274509803921573, 0.8784313725490195957, 0.5999999999999999778 ) ;
#9575 = ORIENTED_EDGE ( 'NONE', *, *, #4100, .F. ) ;
#9577 = EDGE_LOOP ( 'NONE', ( #4618, #1093, #2910, #9084 ) ) ;
#9576 = FILL_AREA_STYLE ('',( #3621 ) ) ;
#9578 = CARTESIAN_POINT ( 'NONE',  ( 0.0000000000000000000, 0.0000000000000000000, 3.700000000000001066 ) ) ;
#9579 = CARTESIAN_POINT ( 'NONE',  ( -2.860000000000001652, 1.299999999999999156, -0.9500000000000025091 ) ) ;
#9580 = CARTESIAN_POINT ( 'NONE',  ( -2.860000000000001652, 0.0000000000000000000, -0.9500000000000025091 ) ) ;
#9581 =( GEOMETRIC_REPRESENTATION_CONTEXT ( 3 ) GLOBAL_UNCERTAINTY_ASSIGNED_CONTEXT ( ( #2963 ) ) GLOBAL_UNIT_ASSIGNED_CONTEXT ( ( #2800, #7567, #6958 ) ) REPRESENTATION_CONTEXT ( 'NONE', 'WORKASPACE' ) );
#9582 = LINE ( 'NONE', #1566, #5088 ) ;
#9583 = FACE_OUTER_BOUND ( 'NONE', #8701, .T. ) ;
#9584 = EDGE_CURVE ( 'NONE', #8353, #956, #4094, .T. ) ;
#9585 = MECHANICAL_DESIGN_GEOMETRIC_PRESENTATION_REPRESENTATION (  '', ( #6963 ), #10097 ) ;
#9586 = VERTEX_POINT ( 'NONE', #7353 ) ;
#9587 = STYLED_ITEM ( 'NONE', ( #9978 ), #4548 ) ;
#9588 = SURFACE_SIDE_STYLE ('',( #7224 ) ) ;
#9589 =( GEOMETRIC_REPRESENTATION_CONTEXT ( 3 ) GLOBAL_UNCERTAINTY_ASSIGNED_CONTEXT ( ( #6495 ) ) GLOBAL_UNIT_ASSIGNED_CONTEXT ( ( #961, #4159, #8884 ) ) REPRESENTATION_CONTEXT ( 'NONE', 'WORKASPACE' ) );
#9590 = EDGE_LOOP ( 'NONE', ( #806, #8405, #5380, #601 ) ) ;
#9591 = DIRECTION ( 'NONE',  ( -1.000000000000000000, 0.0000000000000000000, -3.388131789017201849E-16 ) ) ;
#9592 = ORIENTED_EDGE ( 'NONE', *, *, #4638, .T. ) ;
#9593 = FILL_AREA_STYLE_COLOUR ( '', #4436 ) ;
#9594 = PLANE ( 'NONE',  #10008 ) ;
#9595 = PRESENTATION_STYLE_ASSIGNMENT (( #3239 ) ) ;
#9596 = LINE ( 'NONE', #8706, #2469 ) ;
#9597 = VECTOR ( 'NONE', #3892, 1000.000000000000000 ) ;
#9598 =( NAMED_UNIT ( * ) SI_UNIT ( $, .STERADIAN. ) SOLID_ANGLE_UNIT ( ) );
#9599 = PRESENTATION_LAYER_ASSIGNMENT (  '', '', ( #1000 ) ) ;
#9600 = EDGE_CURVE ( 'NONE', #9484, #8586, #3305, .T. ) ;
#9601 =( NAMED_UNIT ( * ) SI_UNIT ( $, .STERADIAN. ) SOLID_ANGLE_UNIT ( ) );
#9602 = PRESENTATION_STYLE_ASSIGNMENT (( #7992 ) ) ;
#9603 =( NAMED_UNIT ( * ) PLANE_ANGLE_UNIT ( ) SI_UNIT ( $, .RADIAN. ) );
#9604 = SURFACE_STYLE_FILL_AREA ( #2668 ) ;
#9605 = ADVANCED_FACE ( 'NONE', ( #4146 ), #3512, .T. ) ;
#9606 = CARTESIAN_POINT ( 'NONE',  ( 2.859999999999997655, 8.800000000000000711, -0.9500000000000022871 ) ) ;
#9607 = MECHANICAL_DESIGN_GEOMETRIC_PRESENTATION_REPRESENTATION (  '', ( #328 ), #307 ) ;
#9608 = EDGE_CURVE ( 'NONE', #1846, #4715, #3462, .T. ) ;
#9609 = VERTEX_POINT ( 'NONE', #8193 ) ;
#9610 = CARTESIAN_POINT ( 'NONE',  ( -2.860000000000001652, 8.800000000000000711, -1.590000000000002522 ) ) ;
#9611 = UNCERTAINTY_MEASURE_WITH_UNIT (LENGTH_MEASURE( 1.000000000000000082E-05 ), #811, 'distance_accuracy_value', 'NONE');
#9612 = CARTESIAN_POINT ( 'NONE',  ( 2.219999999999996643, 8.371098615898088013, 1.589999999999997193 ) ) ;
#9613 = CARTESIAN_POINT ( 'NONE',  ( -4.365912734882772206, -4.720193092198080365, -0.5559127348827739290 ) ) ;
#9614 = FACE_OUTER_BOUND ( 'NONE', #2750, .T. ) ;
#9615 = CARTESIAN_POINT ( 'NONE',  ( -8.150000000000000355, 0.0000000000000000000, -4.549999999999999822 ) ) ;
#9616 = DIRECTION ( 'NONE',  ( 1.000000000000000000, 0.0000000000000000000, 0.0000000000000000000 ) ) ;
#9617 = VECTOR ( 'NONE', #5361, 1000.000000000000000 ) ;
#9618 = FACE_OUTER_BOUND ( 'NONE', #3726, .T. ) ;
#9619 = CARTESIAN_POINT ( 'NONE',  ( 2.859999999999996767, 1.299999999999999156, 0.9499999999999972911 ) ) ;
#9620 = VERTEX_POINT ( 'NONE', #9615 ) ;
#9621 = EDGE_CURVE ( 'NONE', #79, #7851, #2526, .T. ) ;
#9622 = EDGE_LOOP ( 'NONE', ( #5294, #10025, #9235, #5395 ) ) ;
#9623 = LINE ( 'NONE', #4927, #1472 ) ;
#9624 = UNCERTAINTY_MEASURE_WITH_UNIT (LENGTH_MEASURE( 1.000000000000000082E-05 ), #1668, 'distance_accuracy_value', 'NONE');
#9625 = DIRECTION ( 'NONE',  ( 5.421010862427507971E-15, 0.0000000000000000000, -1.000000000000000000 ) ) ;
#9626 = CARTESIAN_POINT ( 'NONE',  ( -7.849999999999997868, 9.000000000000000000, -4.449999999999999289 ) ) ;
#9627 = LINE ( 'NONE', #228, #8174 ) ;
#9628 = FACE_OUTER_BOUND ( 'NONE', #9561, .T. ) ;
#9629 = STYLED_ITEM ( 'NONE', ( #5177 ), #9354 ) ;
#9630 = SURFACE_STYLE_USAGE ( .BOTH. , #3076 ) ;
#9631 =( LENGTH_UNIT ( ) NAMED_UNIT ( * ) SI_UNIT ( .MILLI., .METRE. ) );
#9632 = FILL_AREA_STYLE_COLOUR ( '', #8751 ) ;
#9633 = STYLED_ITEM ( 'NONE', ( #4634 ), #4732 ) ;
#9634 = SURFACE_STYLE_USAGE ( .BOTH. , #4107 ) ;
#9635 = VECTOR ( 'NONE', #6024, 1000.000000000000227 ) ;
#9636 = ORIENTED_EDGE ( 'NONE', *, *, #4118, .F. ) ;
#9637 = COLOUR_RGB ( '',0.3137254901960784270, 0.3137254901960784270, 0.3137254901960784270 ) ;
#9638 = ORIENTED_EDGE ( 'NONE', *, *, #2950, .T. ) ;
#9639 = ORIENTED_EDGE ( 'NONE', *, *, #681, .T. ) ;
#9640 = CARTESIAN_POINT ( 'NONE',  ( 0.0000000000000000000, -0.1000000000000000056, 3.200000000000000178 ) ) ;
#9641 = FILL_AREA_STYLE ('',( #7928 ) ) ;
#9642 = LINE ( 'NONE', #5709, #8668 ) ;
#9643 = DIRECTION ( 'NONE',  ( -0.8987940462991671486, 0.4383711467890772373, -0.0000000000000000000 ) ) ;
#9644 = DIRECTION ( 'NONE',  ( 0.0000000000000000000, 1.000000000000000000, 2.098455817713879566E-16 ) ) ;
#9645 = AXIS2_PLACEMENT_3D ( 'NONE', #73, #9515, #5697 ) ;
#9646 = PLANE ( 'NONE',  #8093 ) ;
#9647 = ORIENTED_EDGE ( 'NONE', *, *, #9527, .F. ) ;
#9648 = DIRECTION ( 'NONE',  ( 0.0000000000000000000, 0.0000000000000000000, 1.000000000000000000 ) ) ;
#9649 = EDGE_CURVE ( 'NONE', #8406, #4915, #8873, .T. ) ;
#9650 = PRESENTATION_STYLE_ASSIGNMENT (( #931 ) ) ;
#9651 = ORIENTED_EDGE ( 'NONE', *, *, #2212, .F. ) ;
#9652 = ORIENTED_EDGE ( 'NONE', *, *, #468, .T. ) ;
#9653 = CARTESIAN_POINT ( 'NONE',  ( 0.0000000000000000000, -0.1000000000000000056, 3.200000000000000178 ) ) ;
#9654 = LINE ( 'NONE', #9009, #2058 ) ;
#9655 = CARTESIAN_POINT ( 'NONE',  ( 4.726128629393490597E-16, -3.000000000000000000, -1.394906964573654484 ) ) ;
#9656 = LINE ( 'NONE', #9494, #8237 ) ;
#9657 = DIRECTION ( 'NONE',  ( 0.0000000000000000000, -1.000000000000000000, 0.0000000000000000000 ) ) ;
#9658 =( LENGTH_UNIT ( ) NAMED_UNIT ( * ) SI_UNIT ( .MILLI., .METRE. ) );
#9659 =( NAMED_UNIT ( * ) SI_UNIT ( $, .STERADIAN. ) SOLID_ANGLE_UNIT ( ) );
#9660 =( NAMED_UNIT ( * ) PLANE_ANGLE_UNIT ( ) SI_UNIT ( $, .RADIAN. ) );
#9661 =( NAMED_UNIT ( * ) SI_UNIT ( $, .STERADIAN. ) SOLID_ANGLE_UNIT ( ) );
#9662 = CARTESIAN_POINT ( 'NONE',  ( -0.3200000000000017275, 8.800000000000000711, -0.9500000000000025091 ) ) ;
#9663 = ORIENTED_EDGE ( 'NONE', *, *, #5623, .T. ) ;
#9664 = SURFACE_STYLE_USAGE ( .BOTH. , #5872 ) ;
#9665 = EDGE_CURVE ( 'NONE', #4502, #10257, #3406, .T. ) ;
#9666 = DIRECTION ( 'NONE',  ( 0.4924820969728085363, 0.8703225747740117590, -0.0000000000000000000 ) ) ;
#9667 = MECHANICAL_DESIGN_GEOMETRIC_PRESENTATION_REPRESENTATION (  '', ( #5219 ), #7870 ) ;
#9668 = DIRECTION ( 'NONE',  ( 0.0000000000000000000, 0.0000000000000000000, 1.000000000000000000 ) ) ;
#9669 = EDGE_CURVE ( 'NONE', #10149, #8725, #5791, .T. ) ;
#9670 = CARTESIAN_POINT ( 'NONE',  ( -4.760000000000003340, -2.599999999999996536, 1.589999999999997415 ) ) ;
#9671 = FILL_AREA_STYLE ('',( #1794 ) ) ;
#9672 = DIRECTION ( 'NONE',  ( 0.0000000000000000000, 0.0000000000000000000, 1.000000000000000000 ) ) ;
#9673 = VERTEX_POINT ( 'NONE', #5027 ) ;
#9674 =( GEOMETRIC_REPRESENTATION_CONTEXT ( 3 ) GLOBAL_UNCERTAINTY_ASSIGNED_CONTEXT ( ( #7551 ) ) GLOBAL_UNIT_ASSIGNED_CONTEXT ( ( #7218, #7073, #6375 ) ) REPRESENTATION_CONTEXT ( 'NONE', 'WORKASPACE' ) );
#9675 = SURFACE_SIDE_STYLE ('',( #9083 ) ) ;
#9676 = EDGE_LOOP ( 'NONE', ( #3210, #1609, #8794, #2899 ) ) ;
#9677 = LINE ( 'NONE', #8939, #7913 ) ;
#9678 = FILL_AREA_STYLE ('',( #4832 ) ) ;
#9679 = DIRECTION ( 'NONE',  ( 0.0000000000000000000, 0.0000000000000000000, -1.000000000000000000 ) ) ;
#9680 = SURFACE_STYLE_USAGE ( .BOTH. , #5644 ) ;
#9681 = DIRECTION ( 'NONE',  ( 0.0000000000000000000, -0.0000000000000000000, -1.000000000000000000 ) ) ;
#9682 = LINE ( 'NONE', #285, #4647 ) ;
#9683 = AXIS2_PLACEMENT_3D ( 'NONE', #4411, #1406, #4468 ) ;
#9684 = ADVANCED_FACE ( 'NONE', ( #1056 ), #9786, .T. ) ;
#9685 = EDGE_CURVE ( 'NONE', #5853, #1439, #586, .T. ) ;
#9686 = VECTOR ( 'NONE', #1455, 1000.000000000000000 ) ;
#9687 = DIRECTION ( 'NONE',  ( 0.0000000000000000000, 0.0000000000000000000, -1.000000000000000000 ) ) ;
#9688 = DIRECTION ( 'NONE',  ( -3.070690223892709539E-16, 0.4226182617406972208, 0.9063077870366510469 ) ) ;
#9689 = ORIENTED_EDGE ( 'NONE', *, *, #4508, .F. ) ;
#9690 =( NAMED_UNIT ( * ) SI_UNIT ( $, .STERADIAN. ) SOLID_ANGLE_UNIT ( ) );
#9691 = ORIENTED_EDGE ( 'NONE', *, *, #3345, .F. ) ;
#9693 = ORIENTED_EDGE ( 'NONE', *, *, #8999, .F. ) ;
#9692 = LINE ( 'NONE', #8894, #8125 ) ;
#9694 = CARTESIAN_POINT ( 'NONE',  ( -2.860000000000002540, 0.0000000000000000000, 1.589999999999997193 ) ) ;
#9695 = STYLED_ITEM ( 'NONE', ( #9742 ), #5755 ) ;
#9696 = DIRECTION ( 'NONE',  ( 0.0000000000000000000, 0.0000000000000000000, -1.000000000000000000 ) ) ;
#9697 = SURFACE_SIDE_STYLE ('',( #7325 ) ) ;
#9698 = FILL_AREA_STYLE_COLOUR ( '', #2071 ) ;
#9699 = SURFACE_SIDE_STYLE ('',( #7269 ) ) ;
#9700 = VECTOR ( 'NONE', #1328, 1000.000000000000000 ) ;
#9701 = UNCERTAINTY_MEASURE_WITH_UNIT (LENGTH_MEASURE( 1.000000000000000082E-05 ), #5001, 'distance_accuracy_value', 'NONE');
#9702 = SURFACE_STYLE_USAGE ( .BOTH. , #353 ) ;
#9703 = STYLED_ITEM ( 'NONE', ( #3874 ), #1399 ) ;
#9704 = PRESENTATION_LAYER_ASSIGNMENT (  '', '', ( #8849 ) ) ;
#9705 = LINE ( 'NONE', #4122, #7934 ) ;
#9706 = ORIENTED_EDGE ( 'NONE', *, *, #6137, .F. ) ;
#9707 =( NAMED_UNIT ( * ) SI_UNIT ( $, .STERADIAN. ) SOLID_ANGLE_UNIT ( ) );
#9708 =( NAMED_UNIT ( * ) SI_UNIT ( $, .STERADIAN. ) SOLID_ANGLE_UNIT ( ) );
#9709 = ORIENTED_EDGE ( 'NONE', *, *, #1730, .T. ) ;
#9710 = ORIENTED_EDGE ( 'NONE', *, *, #4764, .F. ) ;
#9711 = CARTESIAN_POINT ( 'NONE',  ( -7.500000000000000000, -0.1000000000000000056, -3.700000000000001066 ) ) ;
#9712 = COLOUR_RGB ( '',0.9686274509803921573, 0.8784313725490195957, 0.5999999999999999778 ) ;
#9713 = UNCERTAINTY_MEASURE_WITH_UNIT (LENGTH_MEASURE( 1.000000000000000082E-05 ), #2671, 'distance_accuracy_value', 'NONE');
#9714 = VECTOR ( 'NONE', #6748, 1000.000000000000000 ) ;
#9715 = LINE ( 'NONE', #1933, #221 ) ;
#9716 = DIRECTION ( 'NONE',  ( 1.000000000000000000, 0.0000000000000000000, 0.0000000000000000000 ) ) ;
#9717 = CARTESIAN_POINT ( 'NONE',  ( -5.400000000000002132, -2.599999999999996536, -1.590000000000002522 ) ) ;
#9718 =( LENGTH_UNIT ( ) NAMED_UNIT ( * ) SI_UNIT ( .MILLI., .METRE. ) );
#9719 = EDGE_CURVE ( 'NONE', #8527, #3847, #6075, .T. ) ;
#9720 = COLOUR_RGB ( '',0.9686274509803921573, 0.8784313725490195957, 0.5999999999999999778 ) ;
#9721 = VECTOR ( 'NONE', #10054, 1000.000000000000000 ) ;
#9722 = SURFACE_SIDE_STYLE ('',( #6558 ) ) ;
#9723 = CARTESIAN_POINT ( 'NONE',  ( -7.500000000000000000, -0.1000000000000000056, -3.200000000000000178 ) ) ;
#9724 = VERTEX_POINT ( 'NONE', #4346 ) ;
#9725 =( NAMED_UNIT ( * ) SI_UNIT ( $, .STERADIAN. ) SOLID_ANGLE_UNIT ( ) );
#9726 = SURFACE_STYLE_USAGE ( .BOTH. , #5735 ) ;
#9727 = PRESENTATION_LAYER_ASSIGNMENT (  '', '', ( #3771 ) ) ;
#9728 = CARTESIAN_POINT ( 'NONE',  ( -0.1249069645736572143, -3.000000000000000000, 0.0000000000000000000 ) ) ;
#9729 = LINE ( 'NONE', #4241, #4403 ) ;
#9730 = PRESENTATION_LAYER_ASSIGNMENT (  '', '', ( #8053 ) ) ;
#9731 = EDGE_CURVE ( 'NONE', #4706, #5391, #2187, .T. ) ;
#9732 = DIRECTION ( 'NONE',  ( 0.0000000000000000000, -1.000000000000000000, 0.0000000000000000000 ) ) ;
#9733 =( NAMED_UNIT ( * ) SI_UNIT ( $, .STERADIAN. ) SOLID_ANGLE_UNIT ( ) );
#9734 = SURFACE_STYLE_USAGE ( .BOTH. , #5073 ) ;
#9735 = ORIENTED_EDGE ( 'NONE', *, *, #6437, .F. ) ;
#9736 =( NAMED_UNIT ( * ) PLANE_ANGLE_UNIT ( ) SI_UNIT ( $, .RADIAN. ) );
#9737 = ORIENTED_EDGE ( 'NONE', *, *, #1935, .T. ) ;
#9738 = CARTESIAN_POINT ( 'NONE',  ( 10.15999999999999837, 0.0000000000000000000, -4.549999999999999822 ) ) ;
#9739 = UNCERTAINTY_MEASURE_WITH_UNIT (LENGTH_MEASURE( 1.000000000000000082E-05 ), #4216, 'distance_accuracy_value', 'NONE');
#9740 =( LENGTH_UNIT ( ) NAMED_UNIT ( * ) SI_UNIT ( .MILLI., .METRE. ) );
#9741 = PLANE ( 'NONE',  #7861 ) ;
#9742 = PRESENTATION_STYLE_ASSIGNMENT (( #9680 ) ) ;
#9743 = LINE ( 'NONE', #1021, #7986 ) ;
#9744 = CIRCLE ( 'NONE', #2619, 0.5000000000000008882 ) ;
#9745 = CARTESIAN_POINT ( 'NONE',  ( 2.639942183009289955, -3.461009071065142439, -1.170057816990711208 ) ) ;
#9746 =( NAMED_UNIT ( * ) PLANE_ANGLE_UNIT ( ) SI_UNIT ( $, .RADIAN. ) );
#9747 = EDGE_CURVE ( 'NONE', #776, #9373, #482, .T. ) ;
#9748 = AXIS2_PLACEMENT_3D ( 'NONE', #4725, #6359, #7817 ) ;
#9749 = CARTESIAN_POINT ( 'NONE',  ( 0.3199999999999973976, 8.371098615898084461, 1.589999999999997415 ) ) ;
#9750 = ORIENTED_EDGE ( 'NONE', *, *, #4601, .F. ) ;
#9751 = ORIENTED_EDGE ( 'NONE', *, *, #1617, .T. ) ;
#9752 = EDGE_CURVE ( 'NONE', #5573, #9373, #2882, .T. ) ;
#9753 = LINE ( 'NONE', #2644, #5591 ) ;
#9754 = STYLED_ITEM ( 'NONE', ( #3244 ), #7899 ) ;
#9755 = EDGE_CURVE ( 'NONE', #9484, #3019, #3773, .T. ) ;
#9756 = COLOUR_RGB ( '',0.9686274509803921573, 0.8784313725490195957, 0.5999999999999999778 ) ;
#9757 = LINE ( 'NONE', #8796, #9331 ) ;
#9758 =( LENGTH_UNIT ( ) NAMED_UNIT ( * ) SI_UNIT ( .MILLI., .METRE. ) );
#9759 = FILL_AREA_STYLE_COLOUR ( '', #2666 ) ;
#9760 = COLOUR_RGB ( '',0.3137254901960784270, 0.3137254901960784270, 0.3137254901960784270 ) ;
#9761 = PRESENTATION_LAYER_ASSIGNMENT (  '', '', ( #8241 ) ) ;
#9762 = ORIENTED_EDGE ( 'NONE', *, *, #6311, .T. ) ;
#9763 =( LENGTH_UNIT ( ) NAMED_UNIT ( * ) SI_UNIT ( .MILLI., .METRE. ) );
#9764 = DIRECTION ( 'NONE',  ( 0.0000000000000000000, 0.0000000000000000000, -1.000000000000000000 ) ) ;
#9765 = ORIENTED_EDGE ( 'NONE', *, *, #7342, .F. ) ;
#9766 = EDGE_LOOP ( 'NONE', ( #2628, #547, #346, #4856 ) ) ;
#9767 = FILL_AREA_STYLE_COLOUR ( '', #103 ) ;
#9768 = ADVANCED_FACE ( 'NONE', ( #6776 ), #2718, .T. ) ;
#9769 =( NAMED_UNIT ( * ) PLANE_ANGLE_UNIT ( ) SI_UNIT ( $, .RADIAN. ) );
#9770 = STYLED_ITEM ( 'NONE', ( #4722 ), #8260 ) ;
#9771 = PLANE ( 'NONE',  #8025 ) ;
#9772 = AXIS2_PLACEMENT_3D ( 'NONE', #787, #2352, #10281 ) ;
#9773 = VECTOR ( 'NONE', #1961, 1000.000000000000000 ) ;
#9774 = COLOUR_RGB ( '',0.9686274509803921573, 0.8784313725490195957, 0.5999999999999999778 ) ;
#9775 =( LENGTH_UNIT ( ) NAMED_UNIT ( * ) SI_UNIT ( .MILLI., .METRE. ) );
#9776 = LINE ( 'NONE', #8184, #9934 ) ;
#9777 = MECHANICAL_DESIGN_GEOMETRIC_PRESENTATION_REPRESENTATION (  '', ( #319 ), #10105 ) ;
#9778 = FILL_AREA_STYLE_COLOUR ( '', #3283 ) ;
#9779 = PLANE ( 'NONE',  #8358 ) ;
#9780 = EDGE_LOOP ( 'NONE', ( #2398, #1725, #916, #3846 ) ) ;
#9781 = PRESENTATION_STYLE_ASSIGNMENT (( #1787 ) ) ;
#9782 = VECTOR ( 'NONE', #3772, 1000.000000000000000 ) ;
#9783 = PRESENTATION_LAYER_ASSIGNMENT (  '', '', ( #1507 ) ) ;
#9784 = DIRECTION ( 'NONE',  ( 0.0000000000000000000, -1.000000000000000000, 0.0000000000000000000 ) ) ;
#9785 = FILL_AREA_STYLE_COLOUR ( '', #316 ) ;
#9786 = PLANE ( 'NONE',  #10 ) ;
#9787 = CARTESIAN_POINT ( 'NONE',  ( -0.1499999999999996336, 0.0000000000000000000, -4.450000000000000178 ) ) ;
#9788 = STYLED_ITEM ( 'NONE', ( #9106 ), #3996 ) ;
#9789 = LINE ( 'NONE', #2678, #9414 ) ;
#9790 = MECHANICAL_DESIGN_GEOMETRIC_PRESENTATION_REPRESENTATION (  '', ( #1345 ), #2504 ) ;
#9791 = DIRECTION ( 'NONE',  ( 3.388131789017201849E-16, 0.0000000000000000000, -1.000000000000000000 ) ) ;
#9792 = ORIENTED_EDGE ( 'NONE', *, *, #1387, .F. ) ;
#9793 = EDGE_CURVE ( 'NONE', #8423, #6203, #9881, .T. ) ;
#9794 =( NAMED_UNIT ( * ) SI_UNIT ( $, .STERADIAN. ) SOLID_ANGLE_UNIT ( ) );
#9795 = ORIENTED_EDGE ( 'NONE', *, *, #8892, .T. ) ;
#9796 = FACE_BOUND ( 'NONE', #10117, .T. ) ;
#9797 =( LENGTH_UNIT ( ) NAMED_UNIT ( * ) SI_UNIT ( .MILLI., .METRE. ) );
#9798 = COLOUR_RGB ( '',0.9686274509803921573, 0.8784313725490195957, 0.5999999999999999778 ) ;
#9799 =( NAMED_UNIT ( * ) SI_UNIT ( $, .STERADIAN. ) SOLID_ANGLE_UNIT ( ) );
#9800 = SURFACE_SIDE_STYLE ('',( #8947 ) ) ;
#9801 = ADVANCED_FACE ( 'NONE', ( #10188 ), #6989, .T. ) ;
#9802 = ORIENTED_EDGE ( 'NONE', *, *, #8001, .F. ) ;
#9803 = PRESENTATION_STYLE_ASSIGNMENT (( #3482 ) ) ;
#9804 = VERTEX_POINT ( 'NONE', #10086 ) ;
#9805 = ORIENTED_EDGE ( 'NONE', *, *, #913, .F. ) ;
#9806 = LINE ( 'NONE', #5043, #7099 ) ;
#9807 = CARTESIAN_POINT ( 'NONE',  ( 4.759999999999998899, 8.371098615898084461, -0.9500000000000025091 ) ) ;
#9808 =( LENGTH_UNIT ( ) NAMED_UNIT ( * ) SI_UNIT ( .MILLI., .METRE. ) );
#9809 = PRESENTATION_LAYER_ASSIGNMENT (  '', '', ( #2015 ) ) ;
#9810 = PRESENTATION_STYLE_ASSIGNMENT (( #140 ) ) ;
#9811 = UNCERTAINTY_MEASURE_WITH_UNIT (LENGTH_MEASURE( 1.000000000000000082E-05 ), #10098, 'distance_accuracy_value', 'NONE');
#9812 = FILL_AREA_STYLE ('',( #3437 ) ) ;
#9813 = EDGE_CURVE ( 'NONE', #6723, #9876, #2989, .T. ) ;
#9814 = EDGE_CURVE ( 'NONE', #6796, #5853, #798, .T. ) ;
#9815 = EDGE_CURVE ( 'NONE', #5828, #8220, #1434, .T. ) ;
#9816 = AXIS2_PLACEMENT_3D ( 'NONE', #8812, #7192, #10195 ) ;
#9817 = ORIENTED_EDGE ( 'NONE', *, *, #8490, .T. ) ;
#9818 = FILL_AREA_STYLE_COLOUR ( '', #5738 ) ;
#9819 = FACE_OUTER_BOUND ( 'NONE', #7065, .T. ) ;
#9820 = VERTEX_POINT ( 'NONE', #3092 ) ;
#9821 = VERTEX_POINT ( 'NONE', #2403 ) ;
#9822 =( LENGTH_UNIT ( ) NAMED_UNIT ( * ) SI_UNIT ( .MILLI., .METRE. ) );
#9823 = UNCERTAINTY_MEASURE_WITH_UNIT (LENGTH_MEASURE( 1.000000000000000082E-05 ), #1867, 'distance_accuracy_value', 'NONE');
#9824 = SURFACE_SIDE_STYLE ('',( #311 ) ) ;
#9825 = CARTESIAN_POINT ( 'NONE',  ( -2.860000000000001652, -2.600000000000000089, -0.9500000000000025091 ) ) ;
#9826 = FILL_AREA_STYLE_COLOUR ( '', #10087 ) ;
#9827 = COLOUR_RGB ( '',0.9686274509803921573, 0.8784313725490195957, 0.5999999999999999778 ) ;
#9828 = CARTESIAN_POINT ( 'NONE',  ( 5.080000000000000071, -3.000000000000000000, 1.145093035426342665 ) ) ;
#9829 = EDGE_CURVE ( 'NONE', #637, #1639, #9392, .T. ) ;
#9830 = EDGE_CURVE ( 'NONE', #1750, #1439, #2253, .T. ) ;
#9831 = FILL_AREA_STYLE_COLOUR ( '', #6976 ) ;
#9832 = LINE ( 'NONE', #2877, #7430 ) ;
#9833 = LINE ( 'NONE', #5870, #3605 ) ;
#9834 =( NAMED_UNIT ( * ) PLANE_ANGLE_UNIT ( ) SI_UNIT ( $, .RADIAN. ) );
#9835 = CARTESIAN_POINT ( 'NONE',  ( 0.3199999999999973976, 0.0000000000000000000, 1.589999999999997415 ) ) ;
#9836 = DIRECTION ( 'NONE',  ( -0.9063077870366511579, 0.4226182617406970543, 0.0000000000000000000 ) ) ;
#9837 = DIRECTION ( 'NONE',  ( 1.000000000000000000, 0.0000000000000000000, -0.0000000000000000000 ) ) ;
#9838 = ORIENTED_EDGE ( 'NONE', *, *, #1324, .T. ) ;
#9839 = ORIENTED_EDGE ( 'NONE', *, *, #4297, .T. ) ;
#9840 = PLANE ( 'NONE',  #8733 ) ;
#9841 = UNCERTAINTY_MEASURE_WITH_UNIT (LENGTH_MEASURE( 1.000000000000000082E-05 ), #9212, 'distance_accuracy_value', 'NONE');
#9842 = SURFACE_STYLE_USAGE ( .BOTH. , #2841 ) ;
#9843 = DIRECTION ( 'NONE',  ( -0.0000000000000000000, -0.0000000000000000000, 1.000000000000000000 ) ) ;
#9844 =( LENGTH_UNIT ( ) NAMED_UNIT ( * ) SI_UNIT ( .MILLI., .METRE. ) );
#9845 = DIRECTION ( 'NONE',  ( -0.0000000000000000000, -0.0000000000000000000, 1.000000000000000000 ) ) ;
#9846 = SURFACE_STYLE_FILL_AREA ( #6681 ) ;
#9847 = FILL_AREA_STYLE_COLOUR ( '', #8090 ) ;
#9848 = EDGE_CURVE ( 'NONE', #3414, #429, #2210, .T. ) ;
#9849 = DIRECTION ( 'NONE',  ( -1.000000000000000000, -0.0000000000000000000, 1.906289534040446993E-16 ) ) ;
#9850 = VECTOR ( 'NONE', #8167, 1000.000000000000000 ) ;
#9851 = ORIENTED_EDGE ( 'NONE', *, *, #7207, .F. ) ;
#9852 = ORIENTED_EDGE ( 'NONE', *, *, #1289, .F. ) ;
#9853 = EDGE_LOOP ( 'NONE', ( #4983, #7713, #3692, #6658 ) ) ;
#9854 = SURFACE_STYLE_FILL_AREA ( #9049 ) ;
#9855 = CARTESIAN_POINT ( 'NONE',  ( 10.15999999999999837, 1.299999999999999156, 1.589999999999998970 ) ) ;
#9856 = VECTOR ( 'NONE', #6691, 1000.000000000000000 ) ;
#9857 = DIRECTION ( 'NONE',  ( 0.0000000000000000000, -1.000000000000000000, 0.0000000000000000000 ) ) ;
#9858 = ORIENTED_EDGE ( 'NONE', *, *, #34, .T. ) ;
#9859 = EDGE_CURVE ( 'NONE', #8586, #7728, #7089, .T. ) ;
#9860 = FACE_OUTER_BOUND ( 'NONE', #3067, .T. ) ;
#9861 = MECHANICAL_DESIGN_GEOMETRIC_PRESENTATION_REPRESENTATION (  '', ( #5217 ), #9342 ) ;
#9862 = PLANE ( 'NONE',  #2958 ) ;
#9863 = ORIENTED_EDGE ( 'NONE', *, *, #8235, .F. ) ;
#9865 = ORIENTED_EDGE ( 'NONE', *, *, #9457, .F. ) ;
#9864 = DIRECTION ( 'NONE',  ( 0.0000000000000000000, 0.0000000000000000000, 1.000000000000000000 ) ) ;
#9866 = FACE_OUTER_BOUND ( 'NONE', #5257, .T. ) ;
#9867 = AXIS2_PLACEMENT_3D ( 'NONE', #5461, #10231, #2294 ) ;
#9868 = CARTESIAN_POINT ( 'NONE',  ( 5.399999999999996803, 1.299999999999999156, 0.9499999999999972911 ) ) ;
#9869 = FACE_OUTER_BOUND ( 'NONE', #2852, .T. ) ;
#9870 =( GEOMETRIC_REPRESENTATION_CONTEXT ( 3 ) GLOBAL_UNCERTAINTY_ASSIGNED_CONTEXT ( ( #6802 ) ) GLOBAL_UNIT_ASSIGNED_CONTEXT ( ( #2565, #6563, #5830 ) ) REPRESENTATION_CONTEXT ( 'NONE', 'WORKASPACE' ) );
#9871 = STYLED_ITEM ( 'NONE', ( #4490 ), #6175 ) ;
#9872 = SURFACE_SIDE_STYLE ('',( #9121 ) ) ;
#9873 = CARTESIAN_POINT ( 'NONE',  ( -2.860000000000002540, 8.371098615898084461, 1.589999999999997193 ) ) ;
#9874 =( LENGTH_UNIT ( ) NAMED_UNIT ( * ) SI_UNIT ( .MILLI., .METRE. ) );
#9875 =( LENGTH_UNIT ( ) NAMED_UNIT ( * ) SI_UNIT ( .MILLI., .METRE. ) );
#9876 = VERTEX_POINT ( 'NONE', #3939 ) ;
#9877 = FILL_AREA_STYLE_COLOUR ( '', #7341 ) ;
#9878 = EDGE_CURVE ( 'NONE', #5147, #5668, #1629, .T. ) ;
#9879 = MECHANICAL_DESIGN_GEOMETRIC_PRESENTATION_REPRESENTATION (  '', ( #5894 ), #3949 ) ;
#9880 = CARTESIAN_POINT ( 'NONE',  ( -2.860000000000002540, 8.800000000000000711, 1.589999999999997193 ) ) ;
#9881 = LINE ( 'NONE', #1581, #9976 ) ;
#9882 = DIRECTION ( 'NONE',  ( 1.000000000000000000, -0.0000000000000000000, -1.126443815569355647E-16 ) ) ;
#9883 = PLANE ( 'NONE',  #9188 ) ;
#9884 = VECTOR ( 'NONE', #1839, 1000.000000000000341 ) ;
#9885 = VERTEX_POINT ( 'NONE', #5470 ) ;
#9886 = PRESENTATION_STYLE_ASSIGNMENT (( #81 ) ) ;
#9887 = FACE_OUTER_BOUND ( 'NONE', #4768, .T. ) ;
#9888 = ORIENTED_EDGE ( 'NONE', *, *, #3215, .F. ) ;
#9889 = PRESENTATION_LAYER_ASSIGNMENT (  '', '', ( #6237 ) ) ;
#9890 = CARTESIAN_POINT ( 'NONE',  ( 0.1249069645736528705, -3.000000000000000000, 1.145093035426341777 ) ) ;
#9891 = CARTESIAN_POINT ( 'NONE',  ( -0.3094878717293371717, -2.621553056976519525, 0.9605121282706625685 ) ) ;
#9892 =( NAMED_UNIT ( * ) SI_UNIT ( $, .STERADIAN. ) SOLID_ANGLE_UNIT ( ) );
#9893 = CYLINDRICAL_SURFACE ( 'NONE', #5960, 0.5000000000000008882 ) ;
#9894 = PLANE ( 'NONE',  #2646 ) ;
#9895 = CARTESIAN_POINT ( 'NONE',  ( 0.3199999999999982303, 8.371098615898084461, -0.9500000000000022871 ) ) ;
#9896 = SURFACE_STYLE_USAGE ( .BOTH. , #1805 ) ;
#9897 =( LENGTH_UNIT ( ) NAMED_UNIT ( * ) SI_UNIT ( .MILLI., .METRE. ) );
#9898 = ORIENTED_EDGE ( 'NONE', *, *, #4616, .T. ) ;
#9899 = CARTESIAN_POINT ( 'NONE',  ( -2.660000000000002363, 8.800000000000000711, 1.589999999999997193 ) ) ;
#9900 = ORIENTED_EDGE ( 'NONE', *, *, #4757, .T. ) ;
#9901 = ORIENTED_EDGE ( 'NONE', *, *, #4444, .T. ) ;
#9902 = FILL_AREA_STYLE_COLOUR ( '', #1125 ) ;
#9903 = VECTOR ( 'NONE', #2235, 1000.000000000000000 ) ;
#9904 = CARTESIAN_POINT ( 'NONE',  ( 2.763014284694890410, 8.579085153560457755, -1.493014284694895277 ) ) ;
#9905 = DIRECTION ( 'NONE',  ( 1.000000000000000000, -0.0000000000000000000, 3.388131789017201849E-16 ) ) ;
#9906 = DIRECTION ( 'NONE',  ( -0.0000000000000000000, 1.000000000000000000, -0.0000000000000000000 ) ) ;
#9907 = UNCERTAINTY_MEASURE_WITH_UNIT (LENGTH_MEASURE( 1.000000000000000082E-05 ), #1244, 'distance_accuracy_value', 'NONE');
#9908 = SURFACE_STYLE_USAGE ( .BOTH. , #3698 ) ;
#9909 = LINE ( 'NONE', #5389, #1373 ) ;
#9910 = LINE ( 'NONE', #3544, #1795 ) ;
#9911 = ORIENTED_EDGE ( 'NONE', *, *, #9665, .T. ) ;
#9912 = VECTOR ( 'NONE', #3765, 1000.000000000000000 ) ;
#9913 = ORIENTED_EDGE ( 'NONE', *, *, #6514, .F. ) ;
#9914 = ORIENTED_EDGE ( 'NONE', *, *, #1697, .T. ) ;
#9915 = FILL_AREA_STYLE_COLOUR ( '', #5100 ) ;
#9916 = UNCERTAINTY_MEASURE_WITH_UNIT (LENGTH_MEASURE( 1.000000000000000082E-05 ), #4280, 'distance_accuracy_value', 'NONE');
#9917 = LINE ( 'NONE', #2815, #5060 ) ;
#9918 = CARTESIAN_POINT ( 'NONE',  ( -4.760000000000003340, 8.800000000000000711, 1.589999999999997415 ) ) ;
#9919 = ADVANCED_FACE ( 'NONE', ( #4711 ), #7750, .F. ) ;
#9920 = PRESENTATION_LAYER_ASSIGNMENT (  '', '', ( #7114 ) ) ;
#9921 = AXIS2_PLACEMENT_3D ( 'NONE', #2491, #4056, #9572 ) ;
#9922 = VECTOR ( 'NONE', #3312, 1000.000000000000000 ) ;
#9923 = EDGE_LOOP ( 'NONE', ( #1800, #7080, #9194, #8120 ) ) ;
#9924 = CARTESIAN_POINT ( 'NONE',  ( 5.399999999999996803, 8.371098615898084461, 0.9499999999999972911 ) ) ;
#9925 = CARTESIAN_POINT ( 'NONE',  ( 5.199999999999996625, 8.800000000000000711, 1.149999999999997913 ) ) ;
#9926 =( LENGTH_UNIT ( ) NAMED_UNIT ( * ) SI_UNIT ( .MILLI., .METRE. ) );
#9927 = FACE_OUTER_BOUND ( 'NONE', #1999, .T. ) ;
#9928 = VECTOR ( 'NONE', #322, 1000.000000000000000 ) ;
#9929 = VERTEX_POINT ( 'NONE', #4368 ) ;
#9930 = PRESENTATION_LAYER_ASSIGNMENT (  '', '', ( #8744 ) ) ;
#9931 = VECTOR ( 'NONE', #9845, 1000.000000000000000 ) ;
#9932 = ADVANCED_FACE ( 'NONE', ( #4908 ), #355, .T. ) ;
#9933 = FILL_AREA_STYLE ('',( #7650 ) ) ;
#9934 = VECTOR ( 'NONE', #8862, 1000.000000000000000 ) ;
#9935 = COLOUR_RGB ( '',0.3137254901960784270, 0.3137254901960784270, 0.3137254901960784270 ) ;
#9936 = LINE ( 'NONE', #8335, #10133 ) ;
#9937 = EDGE_CURVE ( 'NONE', #1750, #5828, #4083, .T. ) ;
#9938 = ADVANCED_FACE ( 'NONE', ( #5098 ), #8217, .T. ) ;
#9939 = LINE ( 'NONE', #7356, #8522 ) ;
#9940 = AXIS2_PLACEMENT_3D ( 'NONE', #1591, #7809, #4765 ) ;
#9941 = PRESENTATION_STYLE_ASSIGNMENT (( #7975 ) ) ;
#9942 = CARTESIAN_POINT ( 'NONE',  ( -10.16000000000000192, 9.000000000000000000, -4.549999999999999822 ) ) ;
#9943 = ORIENTED_EDGE ( 'NONE', *, *, #7101, .T. ) ;
#9944 = MECHANICAL_DESIGN_GEOMETRIC_PRESENTATION_REPRESENTATION (  '', ( #3494 ), #4819 ) ;
#9945 = UNCERTAINTY_MEASURE_WITH_UNIT (LENGTH_MEASURE( 1.000000000000000082E-05 ), #767, 'distance_accuracy_value', 'NONE');
#9946 = CARTESIAN_POINT ( 'NONE',  ( 5.399999999999998579, 0.0000000000000000000, -0.9500000000000022871 ) ) ;
#9947 = SURFACE_STYLE_FILL_AREA ( #6678 ) ;
#9948 = CARTESIAN_POINT ( 'NONE',  ( -8.150000000000000355, 0.0000000000000000000, -4.450000000000000178 ) ) ;
#9949 = CARTESIAN_POINT ( 'NONE',  ( -2.220000000000002860, 8.800000000000000711, 1.589999999999997415 ) ) ;
#9950 = DIRECTION ( 'NONE',  ( 1.000000000000000000, 0.0000000000000000000, 0.0000000000000000000 ) ) ;
#9951 = FILL_AREA_STYLE_COLOUR ( '', #7272 ) ;
#9952 = EDGE_CURVE ( 'NONE', #3847, #604, #9909, .T. ) ;
#9953 = DIRECTION ( 'NONE',  ( -1.000000000000000000, -1.126443815569355400E-16, 0.0000000000000000000 ) ) ;
#9954 = ORIENTED_EDGE ( 'NONE', *, *, #3165, .T. ) ;
#9955 = DIRECTION ( 'NONE',  ( 0.0000000000000000000, 0.0000000000000000000, 1.000000000000000000 ) ) ;
#9956 = ORIENTED_EDGE ( 'NONE', *, *, #8892, .F. ) ;
#9957 = PRESENTATION_STYLE_ASSIGNMENT (( #4265 ) ) ;
#9958 =( LENGTH_UNIT ( ) NAMED_UNIT ( * ) SI_UNIT ( .MILLI., .METRE. ) );
#9959 = LINE ( 'NONE', #1971, #1419 ) ;
#9960 =( GEOMETRIC_REPRESENTATION_CONTEXT ( 3 ) GLOBAL_UNCERTAINTY_ASSIGNED_CONTEXT ( ( #6401 ) ) GLOBAL_UNIT_ASSIGNED_CONTEXT ( ( #5688, #4292, #9733 ) ) REPRESENTATION_CONTEXT ( 'NONE', 'WORKASPACE' ) );
#9961 = LINE ( 'NONE', #8360, #1649 ) ;
#9962 = CARTESIAN_POINT ( 'NONE',  ( 8.860000000000001208, 1.299999999999999156, -1.650000000000001243 ) ) ;
#9963 = EDGE_LOOP ( 'NONE', ( #8499, #1809, #8208, #815 ) ) ;
#9964 = AXIS2_PLACEMENT_3D ( 'NONE', #3376, #4059, #7214 ) ;
#9965 = VERTEX_POINT ( 'NONE', #3699 ) ;
#9967 = EDGE_LOOP ( 'NONE', ( #1862, #4424, #5252, #6440 ) ) ;
#9966 = CARTESIAN_POINT ( 'NONE',  ( 10.16000000000000014, 0.0000000000000000000, -1.590000000000000746 ) ) ;
#9968 = SURFACE_STYLE_FILL_AREA ( #10013 ) ;
#9969 = SURFACE_STYLE_USAGE ( .BOTH. , #7636 ) ;
#9970 = DIRECTION ( 'NONE',  ( 1.000000000000000000, 0.0000000000000000000, 3.388131789017201849E-16 ) ) ;
#9971 = DIRECTION ( 'NONE',  ( 0.0000000000000000000, 0.0000000000000000000, -1.000000000000000000 ) ) ;
#9972 = VECTOR ( 'NONE', #7000, 1000.000000000000000 ) ;
#9973 = FILL_AREA_STYLE ('',( #4494 ) ) ;
#9974 = EDGE_CURVE ( 'NONE', #1240, #7926, #8362, .T. ) ;
#9975 = CARTESIAN_POINT ( 'NONE',  ( 2.540000000000000480, -3.000000000000000000, -1.145093035426345329 ) ) ;
#9976 = VECTOR ( 'NONE', #6297, 1000.000000000000000 ) ;
#9977 = DIRECTION ( 'NONE',  ( 0.0000000000000000000, 0.0000000000000000000, 1.000000000000000000 ) ) ;
#9978 = PRESENTATION_STYLE_ASSIGNMENT (( #9074 ) ) ;
#9979 = PRESENTATION_STYLE_ASSIGNMENT (( #6830 ) ) ;
#9980 = VECTOR ( 'NONE', #1505, 1000.000000000000000 ) ;
#9981 = CARTESIAN_POINT ( 'NONE',  ( 2.249999999999999112, 9.000000000000000000, 4.549999999999999822 ) ) ;
#9982 =( NAMED_UNIT ( * ) SI_UNIT ( $, .STERADIAN. ) SOLID_ANGLE_UNIT ( ) );
#9983 = EDGE_CURVE ( 'NONE', #1664, #5009, #1302, .T. ) ;
#9984 = CARTESIAN_POINT ( 'NONE',  ( -8.860000000000002984, 6.199999999999999289, -1.649999999999999911 ) ) ;
#9985 = CARTESIAN_POINT ( 'NONE',  ( 7.620000000000000107, -3.000000000000000000, -1.145093035426346884 ) ) ;
#9986 = ORIENTED_EDGE ( 'NONE', *, *, #2896, .F. ) ;
#9987 =( NAMED_UNIT ( * ) PLANE_ANGLE_UNIT ( ) SI_UNIT ( $, .RADIAN. ) );
#9988 =( NAMED_UNIT ( * ) SI_UNIT ( $, .STERADIAN. ) SOLID_ANGLE_UNIT ( ) );
#9989 = SURFACE_STYLE_FILL_AREA ( #5321 ) ;
#9990 = EDGE_CURVE ( 'NONE', #3927, #2166, #1357, .T. ) ;
#9991 = DIRECTION ( 'NONE',  ( 1.000000000000000000, 0.0000000000000000000, 0.0000000000000000000 ) ) ;
#9992 = CARTESIAN_POINT ( 'NONE',  ( 0.0000000000000000000, 0.0000000000000000000, -2.699999999999999289 ) ) ;
#9993 = DIRECTION ( 'NONE',  ( 1.126443815569355400E-16, -1.000000000000000000, 0.0000000000000000000 ) ) ;
#9994 = ORIENTED_EDGE ( 'NONE', *, *, #10180, .T. ) ;
#9995 = ORIENTED_EDGE ( 'NONE', *, *, #9015, .T. ) ;
#9996 = ORIENTED_EDGE ( 'NONE', *, *, #5972, .F. ) ;
#9997 = PRESENTATION_STYLE_ASSIGNMENT (( #7617 ) ) ;
#9998 = FILL_AREA_STYLE ('',( #2858 ) ) ;
#9999 = PLANE ( 'NONE',  #7344 ) ;
#10000 = PRESENTATION_STYLE_ASSIGNMENT (( #2181 ) ) ;
#10001 = UNCERTAINTY_MEASURE_WITH_UNIT (LENGTH_MEASURE( 1.000000000000000082E-05 ), #8916, 'distance_accuracy_value', 'NONE');
#10002 = EDGE_CURVE ( 'NONE', #9885, #7728, #6108, .T. ) ;
#10003 = LINE ( 'NONE', #9150, #8341 ) ;
#10004 = ADVANCED_FACE ( 'NONE', ( #6164 ), #4418, .F. ) ;
#10005 = SURFACE_SIDE_STYLE ('',( #2186 ) ) ;
#10006 = CARTESIAN_POINT ( 'NONE',  ( 8.150000000000002132, 0.0000000000000000000, -4.549999999999999822 ) ) ;
#10007 = VERTEX_POINT ( 'NONE', #3801 ) ;
#10008 = AXIS2_PLACEMENT_3D ( 'NONE', #741, #4903, #47 ) ;
#10009 = SURFACE_SIDE_STYLE ('',( #3704 ) ) ;
#10010 = ORIENTED_EDGE ( 'NONE', *, *, #3215, .T. ) ;
#10012 = ORIENTED_EDGE ( 'NONE', *, *, #2148, .T. ) ;
#10011 = DIRECTION ( 'NONE',  ( -1.000000000000000000, -0.0000000000000000000, 1.906289534040446993E-16 ) ) ;
#10013 = FILL_AREA_STYLE ('',( #2813 ) ) ;
#10014 = UNCERTAINTY_MEASURE_WITH_UNIT (LENGTH_MEASURE( 1.000000000000000082E-05 ), #9304, 'distance_accuracy_value', 'NONE');
#10015 = MECHANICAL_DESIGN_GEOMETRIC_PRESENTATION_REPRESENTATION (  '', ( #8663 ), #4558 ) ;
#10016 = FACE_OUTER_BOUND ( 'NONE', #456, .T. ) ;
#10017 =( NAMED_UNIT ( * ) SI_UNIT ( $, .STERADIAN. ) SOLID_ANGLE_UNIT ( ) );
#10018 =( NAMED_UNIT ( * ) SI_UNIT ( $, .STERADIAN. ) SOLID_ANGLE_UNIT ( ) );
#10019 = DIRECTION ( 'NONE',  ( -1.000000000000000000, 0.0000000000000000000, -3.388131789017201849E-16 ) ) ;
#10020 = PRESENTATION_LAYER_ASSIGNMENT (  '', '', ( #1413 ) ) ;
#10021 = VERTEX_POINT ( 'NONE', #9962 ) ;
#10022 = SURFACE_STYLE_USAGE ( .BOTH. , #6710 ) ;
#10023 =( NAMED_UNIT ( * ) SI_UNIT ( $, .STERADIAN. ) SOLID_ANGLE_UNIT ( ) );
#10024 = AXIS2_PLACEMENT_3D ( 'NONE', #3405, #215, #268 ) ;
#10025 = ORIENTED_EDGE ( 'NONE', *, *, #9546, .F. ) ;
#10026 = FACE_OUTER_BOUND ( 'NONE', #3231, .T. ) ;
#10027 = FILL_AREA_STYLE_COLOUR ( '', #10080 ) ;
#10028 = FILL_AREA_STYLE ('',( #533 ) ) ;
#10029 = SURFACE_STYLE_FILL_AREA ( #1890 ) ;
#10030 = STYLED_ITEM ( 'NONE', ( #6112 ), #1691 ) ;
#10031 = VECTOR ( 'NONE', #5025, 1000.000000000000114 ) ;
#10032 = LINE ( 'NONE', #1333, #1842 ) ;
#10033 =( LENGTH_UNIT ( ) NAMED_UNIT ( * ) SI_UNIT ( .MILLI., .METRE. ) );
#10034 = DIRECTION ( 'NONE',  ( 1.000000000000000000, 0.0000000000000000000, 3.388131789017201849E-16 ) ) ;
#10035 = ORIENTED_EDGE ( 'NONE', *, *, #5249, .F. ) ;
#10036 = UNCERTAINTY_MEASURE_WITH_UNIT (LENGTH_MEASURE( 1.000000000000000082E-05 ), #9897, 'distance_accuracy_value', 'NONE');
#10037 = VECTOR ( 'NONE', #5717, 1000.000000000000341 ) ;
#10038 = COLOUR_RGB ( '',0.9686274509803921573, 0.8784313725490195957, 0.5999999999999999778 ) ;
#10039 = FILL_AREA_STYLE ('',( #4514 ) ) ;
#10040 = DIRECTION ( 'NONE',  ( 3.070690223892710525E-16, 0.4226182617406968878, -0.9063077870366512689 ) ) ;
#10041 = EDGE_CURVE ( 'NONE', #7018, #2961, #6962, .T. ) ;
#10042 = CARTESIAN_POINT ( 'NONE',  ( 2.219999999999996643, 8.371098615898088013, 1.589999999999997193 ) ) ;
#10043 = LINE ( 'NONE', #1960, #6033 ) ;
#10044 = COLOUR_RGB ( '',0.9686274509803921573, 0.8784313725490195957, 0.5999999999999999778 ) ;
#10045 = DIRECTION ( 'NONE',  ( 0.0000000000000000000, -0.0000000000000000000, -1.000000000000000000 ) ) ;
#10046 = LINE ( 'NONE', #8400, #6988 ) ;
#10047 = CARTESIAN_POINT ( 'NONE',  ( 2.859999999999997655, -2.599999999999996536, -0.9500000000000022871 ) ) ;
#10048 = MECHANICAL_DESIGN_GEOMETRIC_PRESENTATION_REPRESENTATION (  '', ( #5403 ), #1441 ) ;
#10049 = VERTEX_POINT ( 'NONE', #10115 ) ;
#10050 = SURFACE_SIDE_STYLE ('',( #4675 ) ) ;
#10051 = VERTEX_POINT ( 'NONE', #6212 ) ;
#10052 = ORIENTED_EDGE ( 'NONE', *, *, #5873, .T. ) ;
#10053 = DIRECTION ( 'NONE',  ( -1.000000000000000000, -0.0000000000000000000, 1.906289534040446993E-16 ) ) ;
#10054 = DIRECTION ( 'NONE',  ( 0.0000000000000000000, -1.000000000000000000, 1.049227908856939906E-16 ) ) ;
#10055 = CARTESIAN_POINT ( 'NONE',  ( -5.400000000000002132, 1.299999999999999156, 0.0000000000000000000 ) ) ;
#10056 = FILL_AREA_STYLE_COLOUR ( '', #10038 ) ;
#10057 = EDGE_CURVE ( 'NONE', #8267, #3260, #9203, .T. ) ;
#10058 = STYLED_ITEM ( 'NONE', ( #3450 ), #6656 ) ;
#10059 =( NAMED_UNIT ( * ) SI_UNIT ( $, .STERADIAN. ) SOLID_ANGLE_UNIT ( ) );
#10060 = PRESENTATION_LAYER_ASSIGNMENT (  '', '', ( #1117 ) ) ;
#10061 = ORIENTED_EDGE ( 'NONE', *, *, #1330, .F. ) ;
#10062 = ADVANCED_FACE ( 'NONE', ( #3646 ), #9999, .F. ) ;
#10063 = DIRECTION ( 'NONE',  ( 0.0000000000000000000, -1.000000000000000000, 0.0000000000000000000 ) ) ;
#10064 = ORIENTED_EDGE ( 'NONE', *, *, #5017, .T. ) ;
#10066 = ORIENTED_EDGE ( 'NONE', *, *, #9393, .F. ) ;
#10065 = LINE ( 'NONE', #9966, #8098 ) ;
#10067 = DIRECTION ( 'NONE',  ( -0.0000000000000000000, 0.0000000000000000000, 1.000000000000000000 ) ) ;
#10068 = MECHANICAL_DESIGN_GEOMETRIC_PRESENTATION_REPRESENTATION (  '', ( #110 ), #7256 ) ;
#10069 = DIRECTION ( 'NONE',  ( 0.0000000000000000000, 0.0000000000000000000, 1.000000000000000000 ) ) ;
#10070 = LINE ( 'NONE', #6065, #9500 ) ;
#10071 = LINE ( 'NONE', #9269, #5861 ) ;
#10072 = DIRECTION ( 'NONE',  ( -0.4014883995042275999, -0.8231732078530418217, -0.4014883995042279885 ) ) ;
#10073 = PLANE ( 'NONE',  #9021 ) ;
#10074 = VECTOR ( 'NONE', #5052, 1000.000000000000000 ) ;
#10075 = VERTEX_POINT ( 'NONE', #2124 ) ;
#10076 = SURFACE_STYLE_USAGE ( .BOTH. , #6982 ) ;
#10077 = CARTESIAN_POINT ( 'NONE',  ( -0.3200000000000017275, 8.800000000000000711, -0.9500000000000025091 ) ) ;
#10078 = ORIENTED_EDGE ( 'NONE', *, *, #2018, .F. ) ;
#10079 = CARTESIAN_POINT ( 'NONE',  ( -4.955093035426348713, -3.000000000000000000, -1.145093035426348438 ) ) ;
#10080 = COLOUR_RGB ( '',0.9686274509803921573, 0.8784313725490195957, 0.5999999999999999778 ) ;
#10081 = ORIENTED_EDGE ( 'NONE', *, *, #8251, .F. ) ;
#10082 = PRESENTATION_STYLE_ASSIGNMENT (( #6926 ) ) ;
#10083 = CARTESIAN_POINT ( 'NONE',  ( 2.859999999999996767, 1.299999999999999156, 0.0000000000000000000 ) ) ;
#10084 = MECHANICAL_DESIGN_GEOMETRIC_PRESENTATION_REPRESENTATION (  '', ( #7755 ), #295 ) ;
#10085 = SURFACE_STYLE_USAGE ( .BOTH. , #6186 ) ;
#10086 = CARTESIAN_POINT ( 'NONE',  ( -7.500000000000000000, 0.0000000000000000000, 2.699999999999999289 ) ) ;
#10087 = COLOUR_RGB ( '',0.9686274509803921573, 0.8784313725490195957, 0.5999999999999999778 ) ;
#10088 = DIRECTION ( 'NONE',  ( 0.0000000000000000000, 0.0000000000000000000, 1.000000000000000000 ) ) ;
#10089 = PRESENTATION_LAYER_ASSIGNMENT (  '', '', ( #1645 ) ) ;
#10090 = VECTOR ( 'NONE', #8636, 1000.000000000000000 ) ;
#10091 = LINE ( 'NONE', #9341, #2098 ) ;
#10092 = DIRECTION ( 'NONE',  ( -1.000000000000000000, 0.0000000000000000000, -3.388131789017201849E-16 ) ) ;
#10093 = MECHANICAL_DESIGN_GEOMETRIC_PRESENTATION_REPRESENTATION (  '', ( #7130 ), #1331 ) ;
#10094 = ORIENTED_EDGE ( 'NONE', *, *, #3999, .F. ) ;
#10095 = AXIS2_PLACEMENT_3D ( 'NONE', #2742, #298, #9644 ) ;
#10096 = SURFACE_STYLE_FILL_AREA ( #9403 ) ;
#10097 =( GEOMETRIC_REPRESENTATION_CONTEXT ( 3 ) GLOBAL_UNCERTAINTY_ASSIGNED_CONTEXT ( ( #5477 ) ) GLOBAL_UNIT_ASSIGNED_CONTEXT ( ( #8449, #3619, #9982 ) ) REPRESENTATION_CONTEXT ( 'NONE', 'WORKASPACE' ) );
#10098 =( LENGTH_UNIT ( ) NAMED_UNIT ( * ) SI_UNIT ( .MILLI., .METRE. ) );
#10099 = AXIS2_PLACEMENT_3D ( 'NONE', #4271, #4176, #4853 ) ;
#10100 = CARTESIAN_POINT ( 'NONE',  ( -7.500000000000000000, 0.0000000000000000000, 3.200000000000000178 ) ) ;
#10101 = SURFACE_SIDE_STYLE ('',( #1235 ) ) ;
#10102 = VECTOR ( 'NONE', #3548, 1000.000000000000000 ) ;
#10103 = CARTESIAN_POINT ( 'NONE',  ( 7.620000000000000107, -3.000000000000000000, 1.145093035426342665 ) ) ;
#10104 = EDGE_CURVE ( 'NONE', #6516, #1913, #3795, .T. ) ;
#10105 =( GEOMETRIC_REPRESENTATION_CONTEXT ( 3 ) GLOBAL_UNCERTAINTY_ASSIGNED_CONTEXT ( ( #8770 ) ) GLOBAL_UNIT_ASSIGNED_CONTEXT ( ( #4085, #9660, #1783 ) ) REPRESENTATION_CONTEXT ( 'NONE', 'WORKASPACE' ) );
#10106 = ORIENTED_EDGE ( 'NONE', *, *, #2054, .F. ) ;
#10107 = VERTEX_POINT ( 'NONE', #5287 ) ;
#10108 = ORIENTED_EDGE ( 'NONE', *, *, #4493, .F. ) ;
#10109 = DIRECTION ( 'NONE',  ( 1.000000000000000000, 0.0000000000000000000, 3.388131789017201849E-16 ) ) ;
#10110 = DIRECTION ( 'NONE',  ( 0.0000000000000000000, 0.0000000000000000000, -1.000000000000000000 ) ) ;
#10111 = DIRECTION ( 'NONE',  ( -3.388131789017201849E-16, 0.0000000000000000000, 1.000000000000000000 ) ) ;
#10112 = UNCERTAINTY_MEASURE_WITH_UNIT (LENGTH_MEASURE( 1.000000000000000082E-05 ), #7807, 'distance_accuracy_value', 'NONE');
#10113 =( LENGTH_UNIT ( ) NAMED_UNIT ( * ) SI_UNIT ( .MILLI., .METRE. ) );
#10114 = COLOUR_RGB ( '',0.9686274509803921573, 0.8784313725490195957, 0.5999999999999999778 ) ;
#10115 = CARTESIAN_POINT ( 'NONE',  ( -4.760000000000002451, 0.0000000000000000000, -1.590000000000002300 ) ) ;
#10116 = AXIS2_PLACEMENT_3D ( 'NONE', #6318, #7779, #4626 ) ;
#10117 = EDGE_LOOP ( 'NONE', ( #722, #5679, #1135, #7033 ) ) ;
#10118 = LINE ( 'NONE', #6466, #87 ) ;
#10119 = VERTEX_POINT ( 'NONE', #6957 ) ;
#10121 = ORIENTED_EDGE ( 'NONE', *, *, #8433, .T. ) ;
#10120 = CYLINDRICAL_SURFACE ( 'NONE', #2857, 0.5000000000000008882 ) ;
#10122 =( NAMED_UNIT ( * ) SI_UNIT ( $, .STERADIAN. ) SOLID_ANGLE_UNIT ( ) );
#10123 = PRESENTATION_LAYER_ASSIGNMENT (  '', '', ( #1345 ) ) ;
#10124 = EDGE_CURVE ( 'NONE', #7158, #4109, #3902, .T. ) ;
#10125 = UNCERTAINTY_MEASURE_WITH_UNIT (LENGTH_MEASURE( 1.000000000000000082E-05 ), #2430, 'distance_accuracy_value', 'NONE');
#10126 = LINE ( 'NONE', #6915, #303 ) ;
#10127 = CARTESIAN_POINT ( 'NONE',  ( -2.660000000000002363, 8.800000000000000711, 1.149999999999997913 ) ) ;
#10128 = DIRECTION ( 'NONE',  ( 0.0000000000000000000, -0.0000000000000000000, -1.000000000000000000 ) ) ;
#10129 = DIRECTION ( 'NONE',  ( 0.0000000000000000000, 0.0000000000000000000, -1.000000000000000000 ) ) ;
#10130 = DIRECTION ( 'NONE',  ( 0.0000000000000000000, 0.0000000000000000000, -1.000000000000000000 ) ) ;
#10131 = EDGE_CURVE ( 'NONE', #7213, #8154, #6158, .T. ) ;
#10132 = ADVANCED_FACE ( 'NONE', ( #8626 ), #8573, .T. ) ;
#10133 = VECTOR ( 'NONE', #535, 1000.000000000000000 ) ;
#10134 = ORIENTED_EDGE ( 'NONE', *, *, #7956, .F. ) ;
#10135 =( LENGTH_UNIT ( ) NAMED_UNIT ( * ) SI_UNIT ( .MILLI., .METRE. ) );
#10136 = EDGE_LOOP ( 'NONE', ( #4441, #3258, #3790, #2222 ) ) ;
#10137 = LINE ( 'NONE', #686, #3128 ) ;
#10138 = ORIENTED_EDGE ( 'NONE', *, *, #2446, .T. ) ;
#10139 = SURFACE_SIDE_STYLE ('',( #5410 ) ) ;
#10140 = SURFACE_STYLE_USAGE ( .BOTH. , #6185 ) ;
#10141 = ADVANCED_FACE ( 'NONE', ( #9628 ), #768, .T. ) ;
#10142 = EDGE_CURVE ( 'NONE', #5655, #3656, #960, .T. ) ;
#10143 = DIRECTION ( 'NONE',  ( 0.0000000000000000000, 0.0000000000000000000, -1.000000000000000000 ) ) ;
#10144 = AXIS2_PLACEMENT_3D ( 'NONE', #2457, #50, #5958 ) ;
#10145 = LINE ( 'NONE', #8609, #9085 ) ;
#10146 = PRESENTATION_LAYER_ASSIGNMENT (  '', '', ( #8619 ) ) ;
#10147 = SURFACE_STYLE_USAGE ( .BOTH. , #3683 ) ;
#10148 = DIRECTION ( 'NONE',  ( 0.0000000000000000000, 0.0000000000000000000, 1.000000000000000000 ) ) ;
#10149 = VERTEX_POINT ( 'NONE', #4835 ) ;
#10150 = UNCERTAINTY_MEASURE_WITH_UNIT (LENGTH_MEASURE( 1.000000000000000082E-05 ), #9000, 'distance_accuracy_value', 'NONE');
#10151 = DIRECTION ( 'NONE',  ( -0.0000000000000000000, -0.0000000000000000000, 1.000000000000000000 ) ) ;
#10152 = CARTESIAN_POINT ( 'NONE',  ( 10.15999999999999837, 0.0000000000000000000, 1.589999999999998970 ) ) ;
#10153 = LINE ( 'NONE', #3047, #9242 ) ;
#10154 = CARTESIAN_POINT ( 'NONE',  ( 2.219999999999996643, -2.600000000000000089, 1.589999999999997193 ) ) ;
#10155 = PRESENTATION_STYLE_ASSIGNMENT (( #7557 ) ) ;
#10156 = CARTESIAN_POINT ( 'NONE',  ( 5.399999999999996803, 8.800000000000000711, 1.589999999999997415 ) ) ;
#10157 =( GEOMETRIC_REPRESENTATION_CONTEXT ( 3 ) GLOBAL_UNCERTAINTY_ASSIGNED_CONTEXT ( ( #8866 ) ) GLOBAL_UNIT_ASSIGNED_CONTEXT ( ( #540, #3728, #9239 ) ) REPRESENTATION_CONTEXT ( 'NONE', 'WORKASPACE' ) );
#10158 = EDGE_LOOP ( 'NONE', ( #7135, #7681 ) ) ;
#10159 = CARTESIAN_POINT ( 'NONE',  ( 2.219999999999997531, 8.800000000000000711, -1.590000000000002522 ) ) ;
#10160 = ORIENTED_EDGE ( 'NONE', *, *, #3715, .F. ) ;
#10161 = SURFACE_SIDE_STYLE ('',( #6262 ) ) ;
#10162 = DIRECTION ( 'NONE',  ( -0.0000000000000000000, 1.000000000000000000, -0.0000000000000000000 ) ) ;
#10163 = FACE_OUTER_BOUND ( 'NONE', #8878, .T. ) ;
#10164 = SURFACE_SIDE_STYLE ('',( #4777 ) ) ;
#10165 = DIRECTION ( 'NONE',  ( -0.0000000000000000000, 1.000000000000000000, -0.0000000000000000000 ) ) ;
#10166 = ADVANCED_FACE ( 'NONE', ( #3212 ), #4103, .T. ) ;
#10167 = DIRECTION ( 'NONE',  ( 0.0000000000000000000, -0.0000000000000000000, -1.000000000000000000 ) ) ;
#10168 = SURFACE_STYLE_FILL_AREA ( #7017 ) ;
#10169 = ORIENTED_EDGE ( 'NONE', *, *, #6031, .F. ) ;
#10171 = ORIENTED_EDGE ( 'NONE', *, *, #8700, .F. ) ;
#10170 = CARTESIAN_POINT ( 'NONE',  ( -0.1499999999999996336, 0.0000000000000000000, -4.450000000000000178 ) ) ;
#10172 = DIRECTION ( 'NONE',  ( 0.0000000000000000000, 0.0000000000000000000, 1.000000000000000000 ) ) ;
#10173 = FACE_OUTER_BOUND ( 'NONE', #2747, .T. ) ;
#10174 = CARTESIAN_POINT ( 'NONE',  ( 2.859999999999996767, 8.800000000000000711, 1.589999999999997415 ) ) ;
#10175 = CARTESIAN_POINT ( 'NONE',  ( -5.200000000000001066, 8.800000000000000711, -1.150000000000003242 ) ) ;
#10176 = FILL_AREA_STYLE_COLOUR ( '', #161 ) ;
#10177 = SURFACE_STYLE_USAGE ( .BOTH. , #3918 ) ;
#10178 =( GEOMETRIC_REPRESENTATION_CONTEXT ( 3 ) GLOBAL_UNCERTAINTY_ASSIGNED_CONTEXT ( ( #2236 ) ) GLOBAL_UNIT_ASSIGNED_CONTEXT ( ( #7744, #9280, #5200 ) ) REPRESENTATION_CONTEXT ( 'NONE', 'WORKASPACE' ) );
#10179 = EDGE_CURVE ( 'NONE', #1884, #9445, #2428, .T. ) ;
#10180 = EDGE_CURVE ( 'NONE', #7404, #9724, #3960, .T. ) ;
#10181 = ORIENTED_EDGE ( 'NONE', *, *, #5687, .F. ) ;
#10182 = CARTESIAN_POINT ( 'NONE',  ( 0.1199999999999977196, 8.800000000000000711, -1.390000000000001901 ) ) ;
#10183 = FACE_OUTER_BOUND ( 'NONE', #5836, .T. ) ;
#10184 = ORIENTED_EDGE ( 'NONE', *, *, #4750, .F. ) ;
#10185 =( LENGTH_UNIT ( ) NAMED_UNIT ( * ) SI_UNIT ( .MILLI., .METRE. ) );
#10186 =( NAMED_UNIT ( * ) PLANE_ANGLE_UNIT ( ) SI_UNIT ( $, .RADIAN. ) );
#10187 = DIRECTION ( 'NONE',  ( 0.4014883995042277109, 0.8231732078530417107, 0.4014883995042280440 ) ) ;
#10188 = FACE_OUTER_BOUND ( 'NONE', #1749, .T. ) ;
#10189 = DIRECTION ( 'NONE',  ( 0.0000000000000000000, 0.0000000000000000000, 1.000000000000000000 ) ) ;
#10190 =( GEOMETRIC_REPRESENTATION_CONTEXT ( 3 ) GLOBAL_UNCERTAINTY_ASSIGNED_CONTEXT ( ( #5046 ) ) GLOBAL_UNIT_ASSIGNED_CONTEXT ( ( #7920, #5590, #668 ) ) REPRESENTATION_CONTEXT ( 'NONE', 'WORKASPACE' ) );
#10191 = COLOUR_RGB ( '',0.9686274509803921573, 0.8784313725490195957, 0.5999999999999999778 ) ;
#10192 =( NAMED_UNIT ( * ) SI_UNIT ( $, .STERADIAN. ) SOLID_ANGLE_UNIT ( ) );
#10193 = EDGE_CURVE ( 'NONE', #6898, #2961, #5538, .T. ) ;
#10194 = AXIS2_PLACEMENT_3D ( 'NONE', #9346, #8556, #5423 ) ;
#10195 = DIRECTION ( 'NONE',  ( 1.000000000000000000, 0.0000000000000000000, 3.388131789017201849E-16 ) ) ;
#10196 = PRESENTATION_LAYER_ASSIGNMENT (  '', '', ( #8331 ) ) ;
#10197 = ORIENTED_EDGE ( 'NONE', *, *, #4121, .F. ) ;
#10198 = PRESENTATION_LAYER_ASSIGNMENT (  '', '', ( #6214 ) ) ;
#10199 = VECTOR ( 'NONE', #4541, 1000.000000000000114 ) ;
#10200 = DIRECTION ( 'NONE',  ( 0.0000000000000000000, -1.000000000000000000, 0.0000000000000000000 ) ) ;
#10201 = MECHANICAL_DESIGN_GEOMETRIC_PRESENTATION_REPRESENTATION (  '', ( #8850 ), #8336 ) ;
#10202 = CARTESIAN_POINT ( 'NONE',  ( -5.400000000000002132, 8.371098615898084461, -1.590000000000002522 ) ) ;
#10203 = LINE ( 'NONE', #9508, #8398 ) ;
#10204 = STYLED_ITEM ( 'NONE', ( #6059 ), #1696 ) ;
#10205 = EDGE_LOOP ( 'NONE', ( #4521, #9007, #3123, #7149, #2793 ) ) ;
#10206 = COLOUR_RGB ( '',0.9686274509803921573, 0.8784313725490195957, 0.5999999999999999778 ) ;
#10207 = VERTEX_POINT ( 'NONE', #4774 ) ;
#10208 = DIRECTION ( 'NONE',  ( 1.000000000000000000, 0.0000000000000000000, 3.388131789017201849E-16 ) ) ;
#10209 =( LENGTH_UNIT ( ) NAMED_UNIT ( * ) SI_UNIT ( .MILLI., .METRE. ) );
#10210 = SURFACE_SIDE_STYLE ('',( #6264 ) ) ;
#10211 = SURFACE_STYLE_FILL_AREA ( #4679 ) ;
#10212 = UNCERTAINTY_MEASURE_WITH_UNIT (LENGTH_MEASURE( 1.000000000000000082E-05 ), #7949, 'distance_accuracy_value', 'NONE');
#10213 = DIRECTION ( 'NONE',  ( -0.0000000000000000000, 1.000000000000000000, -0.0000000000000000000 ) ) ;
#10214 = VECTOR ( 'NONE', #8152, 1000.000000000000000 ) ;
#10215 =( NAMED_UNIT ( * ) PLANE_ANGLE_UNIT ( ) SI_UNIT ( $, .RADIAN. ) );
#10216 = MECHANICAL_DESIGN_GEOMETRIC_PRESENTATION_REPRESENTATION (  '', ( #9191 ), #5905 ) ;
#10217 = ORIENTED_EDGE ( 'NONE', *, *, #4880, .F. ) ;
#10218 = ORIENTED_EDGE ( 'NONE', *, *, #9398, .T. ) ;
#10219 = ORIENTED_EDGE ( 'NONE', *, *, #9339, .F. ) ;
#10220 = STYLED_ITEM ( 'NONE', ( #9491 ), #2302 ) ;
#10221 = UNCERTAINTY_MEASURE_WITH_UNIT (LENGTH_MEASURE( 1.000000000000000082E-05 ), #5154, 'distance_accuracy_value', 'NONE');
#10222 =( NAMED_UNIT ( * ) PLANE_ANGLE_UNIT ( ) SI_UNIT ( $, .RADIAN. ) );
#10223 = SURFACE_STYLE_FILL_AREA ( #9319 ) ;
#10224 = SURFACE_SIDE_STYLE ('',( #4067 ) ) ;
#10225 = PLANE ( 'NONE',  #3094 ) ;
#10226 =( NAMED_UNIT ( * ) PLANE_ANGLE_UNIT ( ) SI_UNIT ( $, .RADIAN. ) );
#10228 =( GEOMETRIC_REPRESENTATION_CONTEXT ( 3 ) GLOBAL_UNCERTAINTY_ASSIGNED_CONTEXT ( ( #10221 ) ) GLOBAL_UNIT_ASSIGNED_CONTEXT ( ( #5154, #9271, #7736 ) ) REPRESENTATION_CONTEXT ( 'NONE', 'WORKASPACE' ) );
#10227 = CARTESIAN_POINT ( 'NONE',  ( 2.540000000000000036, -3.000000000000000000, 1.145093035426344441 ) ) ;
#10229 = ORIENTED_EDGE ( 'NONE', *, *, #159, .T. ) ;
#10230 = ORIENTED_EDGE ( 'NONE', *, *, #8611, .T. ) ;
#10231 = DIRECTION ( 'NONE',  ( -0.9063077870366511579, 0.4226182617406970543, 0.0000000000000000000 ) ) ;
#10232 = COLOUR_RGB ( '',0.9686274509803921573, 0.8784313725490195957, 0.5999999999999999778 ) ;
#10233 = EDGE_CURVE ( 'NONE', #8253, #1875, #7163, .T. ) ;
#10234 = LINE ( 'NONE', #4033, #8333 ) ;
#10235 = EDGE_LOOP ( 'NONE', ( #7581, #6533, #2888, #7260, #7105 ) ) ;
#10236 =( LENGTH_UNIT ( ) NAMED_UNIT ( * ) SI_UNIT ( .MILLI., .METRE. ) );
#10237 = LINE ( 'NONE', #6238, #7371 ) ;
#10238 = SURFACE_STYLE_FILL_AREA ( #9493 ) ;
#10239 = DIRECTION ( 'NONE',  ( 1.000000000000000000, -0.0000000000000000000, 3.388131789017201849E-16 ) ) ;
#10240 = LINE ( 'NONE', #7748, #4991 ) ;
#10241 = MECHANICAL_DESIGN_GEOMETRIC_PRESENTATION_REPRESENTATION (  '', ( #2789 ), #9220 ) ;
#10242 = PRESENTATION_STYLE_ASSIGNMENT (( #746 ) ) ;
#10243 = EDGE_CURVE ( 'NONE', #879, #9609, #281, .T. ) ;
#10244 = FACE_OUTER_BOUND ( 'NONE', #3561, .T. ) ;
#10245 = STYLED_ITEM ( 'NONE', ( #3008 ), #2831 ) ;
#10246 = AXIS2_PLACEMENT_3D ( 'NONE', #2667, #51, #9547 ) ;
#10247 = AXIS2_PLACEMENT_3D ( 'NONE', #10159, #5280, #7667 ) ;
#10248 = EDGE_LOOP ( 'NONE', ( #4152, #2233, #500, #4995 ) ) ;
#10249 = UNCERTAINTY_MEASURE_WITH_UNIT (LENGTH_MEASURE( 1.000000000000000082E-05 ), #4761, 'distance_accuracy_value', 'NONE');
#10250 = ADVANCED_FACE ( 'NONE', ( #8111 ), #3524, .T. ) ;
#10251 = DIRECTION ( 'NONE',  ( 1.000000000000000000, 0.0000000000000000000, 3.388131789017201849E-16 ) ) ;
#10252 = CARTESIAN_POINT ( 'NONE',  ( 9.459999999999997300, 9.000000000000000000, -3.799999999999996270 ) ) ;
#10253 = EDGE_CURVE ( 'NONE', #6601, #7432, #9743, .T. ) ;
#10254 = EDGE_CURVE ( 'NONE', #7481, #6741, #1853, .T. ) ;
#10255 = SURFACE_STYLE_FILL_AREA ( #8722 ) ;
#10256 = LINE ( 'NONE', #1699, #7126 ) ;
#10257 = VERTEX_POINT ( 'NONE', #6731 ) ;
#10258 = CARTESIAN_POINT ( 'NONE',  ( 3.879726114710206764E-16, -3.000000000000000000, -1.145093035426346884 ) ) ;
#10259 = VECTOR ( 'NONE', #115, 1000.000000000000227 ) ;
#10260 = DIRECTION ( 'NONE',  ( -0.0000000000000000000, 0.0000000000000000000, -1.000000000000000000 ) ) ;
#10261 = FACE_OUTER_BOUND ( 'NONE', #2812, .T. ) ;
#10262 = FILL_AREA_STYLE ('',( #74 ) ) ;
#10263 = PLANE ( 'NONE',  #1744 ) ;
#10264 = EDGE_CURVE ( 'NONE', #1282, #5391, #4396, .T. ) ;
#10265 =( LENGTH_UNIT ( ) NAMED_UNIT ( * ) SI_UNIT ( .MILLI., .METRE. ) );
#10266 = ORIENTED_EDGE ( 'NONE', *, *, #3278, .T. ) ;
#10267 = MECHANICAL_DESIGN_GEOMETRIC_PRESENTATION_REPRESENTATION (  '', ( #8412 ), #2651 ) ;
#10268 = ORIENTED_EDGE ( 'NONE', *, *, #7101, .F. ) ;
#10270 = ORIENTED_EDGE ( 'NONE', *, *, #2690, .F. ) ;
#10269 = FILL_AREA_STYLE_COLOUR ( '', #9285 ) ;
#10271 = FACE_OUTER_BOUND ( 'NONE', #9923, .T. ) ;
#10272 = PRESENTATION_STYLE_ASSIGNMENT (( #9268 ) ) ;
#10273 = FILL_AREA_STYLE ('',( #7122 ) ) ;
#10274 =( LENGTH_UNIT ( ) NAMED_UNIT ( * ) SI_UNIT ( .MILLI., .METRE. ) );
#10275 = STYLED_ITEM ( 'NONE', ( #2790 ), #8775 ) ;
#10276 = CARTESIAN_POINT ( 'NONE',  ( 8.860000000000001208, 1.299999999999999156, 3.200000000000000622 ) ) ;
#10277 = CARTESIAN_POINT ( 'NONE',  ( 0.3199999999999982303, 8.371098615898084461, -0.9500000000000022871 ) ) ;
#10278 = DIRECTION ( 'NONE',  ( -1.000000000000000000, 0.0000000000000000000, -1.694065894508600925E-16 ) ) ;
#10279 = MECHANICAL_DESIGN_GEOMETRIC_PRESENTATION_REPRESENTATION (  '', ( #6471 ), #8420 ) ;
#10280 = ORIENTED_EDGE ( 'NONE', *, *, #9731, .T. ) ;
#10281 = DIRECTION ( 'NONE',  ( 0.0000000000000000000, -0.0000000000000000000, 1.000000000000000000 ) ) ;
#10282 = COLOUR_RGB ( '',0.9686274509803921573, 0.8784313725490195957, 0.5999999999999999778 ) ;
#10283 = ORIENTED_EDGE ( 'NONE', *, *, #6256, .F. ) ;
ENDSEC;
END-ISO-10303-21;
